[1] "2001:365"
[1] "2002:365"
[1] "2003:365"
[1] 1
[1] 31
[1] 31
[1] 61
[1] 61
[1] 92
[1] 92
[1] 122
[1] 122
[1] 153
[1] 1
[1] 31
[1] 153
[1] 183
[1] 31
183
[1][1]3
 61
[1] 61
[1] 213
[1] 92
[1] 244
[1] 92
[1] 122
[1] 244
[1] 274
[1] 122
[1] 153
[1] 274
[1] 305
[1] 153
[1] 183
[1] 305
[1] 335
[1] 183
[1] 213
[1] 335
[1] 365
[1] 213
[1] 244
[1] 244
[1] 274
[1] 274
[1] 305
[1] 305
[1] 335
[1] 335
[1] 365
[1] "2002:The number of rows in all_predict_ens1_200m is not what it should be."
[1] "2002:nrow is of 89912275"
[1] "2002:1"
[1] "2002:1:The number of rows in all_predict_ens1_1km_all_df is not 540261."
[1] "2002:nrow is of 591869"
[1] "2001:The number of rows in all_predict_ens1_200m is not what it should be."
[1] "2001:nrow is of 89912275"
[1] "2002:1:The number of rows in all_predict_ens1_200m_urban_df is not 230825."
[1] "2002:1:nrow:246332"
[1] "2002:2"
[1] "2001:1"
[1] "2002:2:The number of rows in all_predict_ens1_1km_all_df is not 540261."
[1] "2002:nrow is of 591869"
[1] "2001:1:The number of rows in all_predict_ens1_1km_all_df is not 540261."
[1] "2001:nrow is of 591869"
[1] "2002:2:The number of rows in all_predict_ens1_200m_urban_df is not 230825."
[1] "2002:2:nrow:246332"
[1] "2002:3"
[1] "2001:1:The number of rows in all_predict_ens1_200m_urban_df is not 230825."
[1] "2001:1:nrow:246332"
[1] "2001:2"
[1] "2002:3:The number of rows in all_predict_ens1_1km_all_df is not 540261."
[1] "2002:nrow is of 591869"
[1] "2001:2:The number of rows in all_predict_ens1_1km_all_df is not 540261."
[1] "2001:nrow is of 591869"
[1] "2001:2:The number of rows in all_predict_ens1_200m_urban_df is not 230825."
[1] "2001:2:nrow:246332"
[1] "2001:3"
[1] "2001:3:The number of rows in all_predict_ens1_1km_all_df is not 540261."
[1] "2001:nrow is of 591869"
[1] "2002:3:The number of rows in all_predict_ens1_200m_urban_df is not 230825."
[1] "2002:3:nrow:246332"
[1] "2002:4"
[1] "2002:4:The number of rows in all_predict_ens1_1km_all_df is not 540261."
[1] "2002:nrow is of 591869"
[1] "2002:4:The number of rows in all_predict_ens1_200m_urban_df is not 230825."
[1] "2002:4:nrow:246332"
[1] "2002:5"
[1] "2002:5:The number of rows in all_predict_ens1_1km_all_df is not 540261."
[1] "2002:nrow is of 591869"
[1] "2001:3:The number of rows in all_predict_ens1_200m_urban_df is not 230825."
[1] "2001:3:nrow:246332"
[1] "2001:4"
[1] "2001:4:The number of rows in all_predict_ens1_1km_all_df is not 540261."
[1] "2001:nrow is of 591869"
[1] "2002:5:The number of rows in all_predict_ens1_200m_urban_df is not 230825."
[1] "2002:5:nrow:246332"
[1] "2002:6"
[1] "2001:4:The number of rows in all_predict_ens1_200m_urban_df is not 230825."
[1] "2001:4:nrow:246332"
[1] "2001:5"
[1] "2002:6:The number of rows in all_predict_ens1_1km_all_df is not 540261."
[1] "2002:nrow is of 591869"
[1] "2001:5:The number of rows in all_predict_ens1_1km_all_df is not 540261."
[1] "2001:nrow is of 591869"
[1] "2002:6:The number of rows in all_predict_ens1_200m_urban_df is not 230825."
[1] "2002:6:nrow:246332"
[1] "2002:7"
[1] "2002:7:The number of rows in all_predict_ens1_1km_all_df is not 540261."
[1] "2002:nrow is of 591869"
[1] "2001:5:The number of rows in all_predict_ens1_200m_urban_df is not 230825."
[1] "2001:5:nrow:246332"
[1] "2001:6"
[1] "2001:6:The number of rows in all_predict_ens1_1km_all_df is not 540261."
[1] "2001:nrow is of 591869"
[1] "2002:7:The number of rows in all_predict_ens1_200m_urban_df is not 230825."
[1] "2002:7:nrow:246332"
[1] "2002:8"
[1] "2002:8:The number of rows in all_predict_ens1_1km_all_df is not 540261."
[1] "2002:nrow is of 591869"
[1] "2001:6:The number of rows in all_predict_ens1_200m_urban_df is not 230825."
[1] "2001:6:nrow:246332"
[1] "2001:7"
[1] "2001:7:The number of rows in all_predict_ens1_1km_all_df is not 540261."
[1] "2001:nrow is of 591869"
[1] "2002:8:The number of rows in all_predict_ens1_200m_urban_df is not 230825."
[1] "2002:8:nrow:246332"
[1] "2002:9"
[1] "2002:9:The number of rows in all_predict_ens1_1km_all_df is not 540261."
[1] "2002:nrow is of 591869"
[1] "2001:7:The number of rows in all_predict_ens1_200m_urban_df is not 230825."
[1] "2001:7:nrow:246332"
[1] "2001:8"
[1] "2001:8:The number of rows in all_predict_ens1_1km_all_df is not 540261."
[1] "2001:nrow is of 591869"
[1] "2002:9:The number of rows in all_predict_ens1_200m_urban_df is not 230825."
[1] "2002:9:nrow:246332"
[1] "2002:10"
[1] "2002:10:The number of rows in all_predict_ens1_1km_all_df is not 540261."
[1] "2002:nrow is of 591869"
[1] "2001:8:The number of rows in all_predict_ens1_200m_urban_df is not 230825."
[1] "2001:8:nrow:246332"
[1] "2001:9"
[1] "2001:9:The number of rows in all_predict_ens1_1km_all_df is not 540261."
[1] "2001:nrow is of 591869"
[1] "2002:10:The number of rows in all_predict_ens1_200m_urban_df is not 230825."
[1] "2002:10:nrow:246332"
[1] "2002:11"
[1] "2002:11:The number of rows in all_predict_ens1_1km_all_df is not 540261."
[1] "2002:nrow is of 591869"
[1] "2001:9:The number of rows in all_predict_ens1_200m_urban_df is not 230825."
[1] "2001:9:nrow:246332"
[1] "2001:10"
[1] "2001:10:The number of rows in all_predict_ens1_1km_all_df is not 540261."
[1] "2001:nrow is of 591869"
[1] "2002:11:The number of rows in all_predict_ens1_200m_urban_df is not 230825."
[1] "2002:11:nrow:246332"
[1] "2002:12"
[1] "2002:12:The number of rows in all_predict_ens1_1km_all_df is not 540261."
[1] "2002:nrow is of 591869"
[1] "2001:10:The number of rows in all_predict_ens1_200m_urban_df is not 230825."
[1] "2001:10:nrow:246332"
[1] "2001:11"
[1] "2001:11:The number of rows in all_predict_ens1_1km_all_df is not 540261."
[1] "2001:nrow is of 591869"
[1] "2002:12:The number of rows in all_predict_ens1_200m_urban_df is not 230825."
[1] "2002:12:nrow:246332"
[1] "2002:13"
[1] "2002:13:The number of rows in all_predict_ens1_1km_all_df is not 540261."
[1] "2002:nrow is of 591869"
[1] "2001:11:The number of rows in all_predict_ens1_200m_urban_df is not 230825."
[1] "2001:11:nrow:246332"
[1] "2001:12"
[1] "2001:12:The number of rows in all_predict_ens1_1km_all_df is not 540261."
[1] "2001:nrow is of 591869"
[1] "2002:13:The number of rows in all_predict_ens1_200m_urban_df is not 230825."
[1] "2002:13:nrow:246332"
[1] "2002:14"
[1] "2002:14:The number of rows in all_predict_ens1_1km_all_df is not 540261."
[1] "2002:nrow is of 591869"
[1] "2001:12:The number of rows in all_predict_ens1_200m_urban_df is not 230825."
[1] "2001:12:nrow:246332"
[1] "2001:13"
[1] "2001:13:The number of rows in all_predict_ens1_1km_all_df is not 540261."
[1] "2001:nrow is of 591869"
[1] "2002:14:The number of rows in all_predict_ens1_200m_urban_df is not 230825."
[1] "2002:14:nrow:246332"
[1] "2002:15"
[1] "2002:15:The number of rows in all_predict_ens1_1km_all_df is not 540261."
[1] "2002:nrow is of 591869"
[1] "2001:13:The number of rows in all_predict_ens1_200m_urban_df is not 230825."
[1] "2001:13:nrow:246332"
[1] "2001:14"
[1] "2001:14:The number of rows in all_predict_ens1_1km_all_df is not 540261."
[1] "2001:nrow is of 591869"
[1] "2002:15:The number of rows in all_predict_ens1_200m_urban_df is not 230825."
[1] "2002:15:nrow:246332"
[1] "2002:16"
[1] "2002:16:The number of rows in all_predict_ens1_1km_all_df is not 540261."
[1] "2002:nrow is of 591869"
[1] "2001:14:The number of rows in all_predict_ens1_200m_urban_df is not 230825."
[1] "2001:14:nrow:246332"
[1] "2001:15"
[1] "2001:15:The number of rows in all_predict_ens1_1km_all_df is not 540261."
[1] "2001:nrow is of 591869"
[1] "2002:16:The number of rows in all_predict_ens1_200m_urban_df is not 230825."
[1] "2002:16:nrow:246332"
[1] "2002:17"
[1] "2002:17:The number of rows in all_predict_ens1_1km_all_df is not 540261."
[1] "2002:nrow is of 591869"
[1] "2001:15:The number of rows in all_predict_ens1_200m_urban_df is not 230825."
[1] "2001:15:nrow:246332"
[1] "2001:16"
[1] "2001:16:The number of rows in all_predict_ens1_1km_all_df is not 540261."
[1] "2001:nrow is of 591869"
[1] "2002:17:The number of rows in all_predict_ens1_200m_urban_df is not 230825."
[1] "2002:17:nrow:246332"
[1] "2002:18"
[1] "2002:18:The number of rows in all_predict_ens1_1km_all_df is not 540261."
[1] "2002:nrow is of 591869"
[1] "2001:16:The number of rows in all_predict_ens1_200m_urban_df is not 230825."
[1] "2001:16:nrow:246332"
[1] "2001:17"
[1] "2002:18:The number of rows in all_predict_ens1_200m_urban_df is not 230825."
[1] "2002:18:nrow:246332"
[1] "2002:19"
[1] "2001:17:The number of rows in all_predict_ens1_1km_all_df is not 540261."
[1] "2001:nrow is of 591869"
[1] "2002:19:The number of rows in all_predict_ens1_1km_all_df is not 540261."
[1] "2002:nrow is of 591869"
[1] "2001:17:The number of rows in all_predict_ens1_200m_urban_df is not 230825."
[1] "2001:17:nrow:246332"
[1] "2001:18"
[1] "2001:18:The number of rows in all_predict_ens1_1km_all_df is not 540261."
[1] "2001:nrow is of 591869"
[1] "2002:19:The number of rows in all_predict_ens1_200m_urban_df is not 230825."
[1] "2002:19:nrow:246332"
[1] "2002:20"
[1] "2002:20:The number of rows in all_predict_ens1_1km_all_df is not 540261."
[1] "2002:nrow is of 591869"
[1] "2001:18:The number of rows in all_predict_ens1_200m_urban_df is not 230825."
[1] "2001:18:nrow:246332"
[1] "2001:19"
[1] "2002:20:The number of rows in all_predict_ens1_200m_urban_df is not 230825."
[1] "2002:20:nrow:246332"
[1] "2002:21"
[1] "2002:21:The number of rows in all_predict_ens1_1km_all_df is not 540261."
[1] "2002:nrow is of 591869"
[1] "2001:19:The number of rows in all_predict_ens1_1km_all_df is not 540261."
[1] "2001:nrow is of 591869"
[1] "2001:19:The number of rows in all_predict_ens1_200m_urban_df is not 230825."
[1] "2001:19:nrow:246332"
[1] "2001:20"
[1] "2002:21:The number of rows in all_predict_ens1_200m_urban_df is not 230825."
[1] "2002:21:nrow:246332"
[1] "2002:22"
[1] "2001:20:The number of rows in all_predict_ens1_1km_all_df is not 540261."
[1] "2001:nrow is of 591869"
[1] "2002:22:The number of rows in all_predict_ens1_1km_all_df is not 540261."
[1] "2002:nrow is of 591869"
[1] "2001:20:The number of rows in all_predict_ens1_200m_urban_df is not 230825."
[1] "2001:20:nrow:246332"
[1] "2001:21"
[1] "2002:22:The number of rows in all_predict_ens1_200m_urban_df is not 230825."
[1] "2002:22:nrow:246332"
[1] "2002:23"
[1] "2001:21:The number of rows in all_predict_ens1_1km_all_df is not 540261."
[1] "2001:nrow is of 591869"
[1] "2002:23:The number of rows in all_predict_ens1_1km_all_df is not 540261."
[1] "2002:nrow is of 591869"
[1] "2001:21:The number of rows in all_predict_ens1_200m_urban_df is not 230825."
[1] "2001:21:nrow:246332"
[1] "2001:22"
[1] "2002:23:The number of rows in all_predict_ens1_200m_urban_df is not 230825."
[1] "2002:23:nrow:246332"
[1] "2002:24"
[1] "2002:24:The number of rows in all_predict_ens1_1km_all_df is not 540261."
[1] "2002:nrow is of 591869"
[1] "2001:22:The number of rows in all_predict_ens1_1km_all_df is not 540261."
[1] "2001:nrow is of 591869"
[1] "2002:24:The number of rows in all_predict_ens1_200m_urban_df is not 230825."
[1] "2002:24:nrow:246332"
[1] "2002:25"
[1] "2001:22:The number of rows in all_predict_ens1_200m_urban_df is not 230825."
[1] "2001:22:nrow:246332"
[1] "2001:23"
[1] "2002:25:The number of rows in all_predict_ens1_1km_all_df is not 540261."
[1] "2002:nrow is of 591869"
[1] "2001:23:The number of rows in all_predict_ens1_1km_all_df is not 540261."
[1] "2001:nrow is of 591869"
[1] "2002:25:The number of rows in all_predict_ens1_200m_urban_df is not 230825."
[1] "2002:25:nrow:246332"
[1] "2002:26"
[1] "2001:23:The number of rows in all_predict_ens1_200m_urban_df is not 230825."
[1] "2001:23:nrow:246332"
[1] "2001:24"
[1] "2002:26:The number of rows in all_predict_ens1_1km_all_df is not 540261."
[1] "2002:nrow is of 591869"
[1] "2001:24:The number of rows in all_predict_ens1_1km_all_df is not 540261."
[1] "2001:nrow is of 591869"
[1] "2002:26:The number of rows in all_predict_ens1_200m_urban_df is not 230825."
[1] "2002:26:nrow:246332"
[1] "2002:27"
[1] "2001:24:The number of rows in all_predict_ens1_200m_urban_df is not 230825."
[1] "2001:24:nrow:246332"
[1] "2001:25"
[1] "2002:27:The number of rows in all_predict_ens1_1km_all_df is not 540261."
[1] "2002:nrow is of 591869"
[1] "2001:25:The number of rows in all_predict_ens1_1km_all_df is not 540261."
[1] "2001:nrow is of 591869"
[1] "2002:27:The number of rows in all_predict_ens1_200m_urban_df is not 230825."
[1] "2002:27:nrow:246332"
[1] "2002:28"
[1] "2002:28:The number of rows in all_predict_ens1_1km_all_df is not 540261."
[1] "2002:nrow is of 591869"
[1] "2001:25:The number of rows in all_predict_ens1_200m_urban_df is not 230825."
[1] "2001:25:nrow:246332"
[1] "2001:26"
[1] "2001:26:The number of rows in all_predict_ens1_1km_all_df is not 540261."
[1] "2001:nrow is of 591869"
[1] "2002:28:The number of rows in all_predict_ens1_200m_urban_df is not 230825."
[1] "2002:28:nrow:246332"
[1] "2002:29"
[1] "2002:29:The number of rows in all_predict_ens1_1km_all_df is not 540261."
[1] "2002:nrow is of 591869"
[1] "2001:26:The number of rows in all_predict_ens1_200m_urban_df is not 230825."
[1] "2001:26:nrow:246332"
[1] "2001:27"
[1] "2001:27:The number of rows in all_predict_ens1_1km_all_df is not 540261."
[1] "2001:nrow is of 591869"
[1] "2002:29:The number of rows in all_predict_ens1_200m_urban_df is not 230825."
[1] "2002:29:nrow:246332"
[1] "2002:30"
[1] "2002:30:The number of rows in all_predict_ens1_1km_all_df is not 540261."
[1] "2002:nrow is of 591869"
[1] "2001:27:The number of rows in all_predict_ens1_200m_urban_df is not 230825."
[1] "2001:27:nrow:246332"
[1] "2001:28"
[1] "2001:28:The number of rows in all_predict_ens1_1km_all_df is not 540261."
[1] "2001:nrow is of 591869"
[1] "2002:30:The number of rows in all_predict_ens1_200m_urban_df is not 230825."
[1] "2002:30:nrow:246332"
[1] "2002:31"
[1] "2002:31:The number of rows in all_predict_ens1_1km_all_df is not 540261."
[1] "2002:nrow is of 591869"
[1] "2001:28:The number of rows in all_predict_ens1_200m_urban_df is not 230825."
[1] "2001:28:nrow:246332"
[1] "2001:29"
[1] "2001:29:The number of rows in all_predict_ens1_1km_all_df is not 540261."
[1] "2001:nrow is of 591869"
[1] "2002:31:The number of rows in all_predict_ens1_200m_urban_df is not 230825."
[1] "2002:31:nrow:246332"
[1] "2002:32"
[1] "2001:29:The number of rows in all_predict_ens1_200m_urban_df is not 230825."
[1] "2001:29:nrow:246332"
[1] "2001:30"
[1] "2002:32:The number of rows in all_predict_ens1_1km_all_df is not 540261."
[1] "2002:nrow is of 591869"
[1] "2001:30:The number of rows in all_predict_ens1_1km_all_df is not 540261."
[1] "2001:nrow is of 591869"
[1] "2002:32:The number of rows in all_predict_ens1_200m_urban_df is not 230825."
[1] "2002:32:nrow:246332"
[1] "2002:33"
[1] "2002:33:The number of rows in all_predict_ens1_1km_all_df is not 540261."
[1] "2002:nrow is of 591869"
[1] "2001:30:The number of rows in all_predict_ens1_200m_urban_df is not 230825."
[1] "2001:30:nrow:246332"
[1] "2001:31"
[1] "2001:31:The number of rows in all_predict_ens1_1km_all_df is not 540261."
[1] "2001:nrow is of 591869"
[1] "2002:33:The number of rows in all_predict_ens1_200m_urban_df is not 230825."
[1] "2002:33:nrow:246332"
[1] "2002:34"
[1] "2002:34:The number of rows in all_predict_ens1_1km_all_df is not 540261."
[1] "2002:nrow is of 591869"
[1] "2001:31:The number of rows in all_predict_ens1_200m_urban_df is not 230825."
[1] "2001:31:nrow:246332"
[1] "2001:32"
[1] "2001:32:The number of rows in all_predict_ens1_1km_all_df is not 540261."
[1] "2001:nrow is of 591869"
[1] "2002:34:The number of rows in all_predict_ens1_200m_urban_df is not 230825."
[1] "2002:34:nrow:246332"
[1] "2002:35"
[1] "2002:35:The number of rows in all_predict_ens1_1km_all_df is not 540261."
[1] "2002:nrow is of 591869"
[1] "2001:32:The number of rows in all_predict_ens1_200m_urban_df is not 230825."
[1] "2001:32:nrow:246332"
[1] "2001:33"
[1] "2001:33:The number of rows in all_predict_ens1_1km_all_df is not 540261."
[1] "2001:nrow is of 591869"
[1] "2002:35:The number of rows in all_predict_ens1_200m_urban_df is not 230825."
[1] "2002:35:nrow:246332"
[1] "2002:36"
[1] "2001:33:The number of rows in all_predict_ens1_200m_urban_df is not 230825."
[1] "2001:33:nrow:246332"
[1] "2001:34"
[1] "2002:36:The number of rows in all_predict_ens1_1km_all_df is not 540261."
[1] "2002:nrow is of 591869"
[1] "2001:34:The number of rows in all_predict_ens1_1km_all_df is not 540261."
[1] "2001:nrow is of 591869"
[1] "2002:36:The number of rows in all_predict_ens1_200m_urban_df is not 230825."
[1] "2002:36:nrow:246332"
[1] "2002:37"
[1] "2001:34:The number of rows in all_predict_ens1_200m_urban_df is not 230825."
[1] "2001:34:nrow:246332"
[1] "2001:35"
[1] "2002:37:The number of rows in all_predict_ens1_1km_all_df is not 540261."
[1] "2002:nrow is of 591869"
[1] 1
[1] 31
[1] "2001:35:The number of rows in all_predict_ens1_1km_all_df is not 540261."
[1] "2001:nrow is of 591869"
[1] 31
[1] 61
[1] 61
[1] 92
[1] "2002:37:The number of rows in all_predict_ens1_200m_urban_df is not 230825."
[1] "2002:37:nrow:246332"
[1] "2002:38"
[1] 92
[1] 122
[1] "2001:35:The number of rows in all_predict_ens1_200m_urban_df is not 230825."
[1] "2001:35:nrow:246332"
[1] "2001:36"
[1] 122
[1] 153
[1] 153
[1] 183
[1] 183
[1] 213
[1] 213
[1] 244
[1] 244
[1] 274
[1] 274
[1] 305
[1] 305
[1] 335
[1] 335
[1] 365
[1] "2002:38:The number of rows in all_predict_ens1_1km_all_df is not 540261."
[1] "2002:nrow is of 591869"
[1] "2001:36:The number of rows in all_predict_ens1_1km_all_df is not 540261."
[1] "2001:nrow is of 591869"
[1] "2002:38:The number of rows in all_predict_ens1_200m_urban_df is not 230825."
[1] "2002:38:nrow:246332"
[1] "2002:39"
[1] "2002:39:The number of rows in all_predict_ens1_1km_all_df is not 540261."
[1] "2002:nrow is of 591869"
[1] "2001:36:The number of rows in all_predict_ens1_200m_urban_df is not 230825."
[1] "2001:36:nrow:246332"
[1] "2001:37"
[1] "2001:37:The number of rows in all_predict_ens1_1km_all_df is not 540261."
[1] "2001:nrow is of 591869"
[1] "2002:39:The number of rows in all_predict_ens1_200m_urban_df is not 230825."
[1] "2002:39:nrow:246332"
[1] "2002:40"
[1] "2002:40:The number of rows in all_predict_ens1_1km_all_df is not 540261."
[1] "2002:nrow is of 591869"
[1] "2001:37:The number of rows in all_predict_ens1_200m_urban_df is not 230825."
[1] "2001:37:nrow:246332"
[1] "2001:38"
[1] "2001:38:The number of rows in all_predict_ens1_1km_all_df is not 540261."
[1] "2001:nrow is of 591869"
[1] "2002:40:The number of rows in all_predict_ens1_200m_urban_df is not 230825."
[1] "2002:40:nrow:246332"
[1] "2002:41"
[1] "2002:41:The number of rows in all_predict_ens1_1km_all_df is not 540261."
[1] "2002:nrow is of 591869"
[1] "2001:38:The number of rows in all_predict_ens1_200m_urban_df is not 230825."
[1] "2001:38:nrow:246332"
[1] "2001:39"
[1] "2001:39:The number of rows in all_predict_ens1_1km_all_df is not 540261."
[1] "2001:nrow is of 591869"
[1] "2002:41:The number of rows in all_predict_ens1_200m_urban_df is not 230825."
[1] "2002:41:nrow:246332"
[1] "2002:42"
[1] "2002:42:The number of rows in all_predict_ens1_1km_all_df is not 540261."
[1] "2002:nrow is of 591869"
[1] "2001:39:The number of rows in all_predict_ens1_200m_urban_df is not 230825."
[1] "2001:39:nrow:246332"
[1] "2001:40"
[1] "2001:40:The number of rows in all_predict_ens1_1km_all_df is not 540261."
[1] "2001:nrow is of 591869"
[1] "2002:42:The number of rows in all_predict_ens1_200m_urban_df is not 230825."
[1] "2002:42:nrow:246332"
[1] "2002:43"
[1] "2002:43:The number of rows in all_predict_ens1_1km_all_df is not 540261."
[1] "2002:nrow is of 591869"
[1] "2001:40:The number of rows in all_predict_ens1_200m_urban_df is not 230825."
[1] "2001:40:nrow:246332"
[1] "2001:41"
[1] "2001:41:The number of rows in all_predict_ens1_1km_all_df is not 540261."
[1] "2001:nrow is of 591869"
[1] "2002:43:The number of rows in all_predict_ens1_200m_urban_df is not 230825."
[1] "2002:43:nrow:246332"
[1] "2002:44"
[1] "2002:44:The number of rows in all_predict_ens1_1km_all_df is not 540261."
[1] "2002:nrow is of 591869"
[1] "2001:41:The number of rows in all_predict_ens1_200m_urban_df is not 230825."
[1] "2001:41:nrow:246332"
[1] "2001:42"
[1] "2001:42:The number of rows in all_predict_ens1_1km_all_df is not 540261."
[1] "2001:nrow is of 591869"
[1] "2002:44:The number of rows in all_predict_ens1_200m_urban_df is not 230825."
[1] "2002:44:nrow:246332"
[1] "2002:45"
[1] "2002:45:The number of rows in all_predict_ens1_1km_all_df is not 540261."
[1] "2002:nrow is of 591869"
[1] "2001:42:The number of rows in all_predict_ens1_200m_urban_df is not 230825."
[1] "2001:42:nrow:246332"
[1] "2001:43"
[1] "2003:The number of rows in all_predict_ens1_200m is not what it should be."
[1] "2003:nrow is of 89912275"
[1] "2001:43:The number of rows in all_predict_ens1_1km_all_df is not 540261."
[1] "2001:nrow is of 591869"
[1] "2003:1"
[1] "2003:1:The number of rows in all_predict_ens1_1km_all_df is not 540261."
[1] "2003:nrow is of 591869"
[1] "2002:45:The number of rows in all_predict_ens1_200m_urban_df is not 230825."
[1] "2002:45:nrow:246332"
[1] "2002:46"
[1] "2002:46:The number of rows in all_predict_ens1_1km_all_df is not 540261."
[1] "2002:nrow is of 591869"
[1] "2001:43:The number of rows in all_predict_ens1_200m_urban_df is not 230825."
[1] "2001:43:nrow:246332"
[1] "2001:44"
[1] "2001:44:The number of rows in all_predict_ens1_1km_all_df is not 540261."
[1] "2001:nrow is of 591869"
[1] "2003:1:The number of rows in all_predict_ens1_200m_urban_df is not 230825."
[1] "2003:1:nrow:246332"
[1] "2003:2"
[1] "2003:2:The number of rows in all_predict_ens1_1km_all_df is not 540261."
[1] "2003:nrow is of 591869"
[1] "2002:46:The number of rows in all_predict_ens1_200m_urban_df is not 230825."
[1] "2002:46:nrow:246332"
[1] "2002:47"
[1] "2002:47:The number of rows in all_predict_ens1_1km_all_df is not 540261."
[1] "2002:nrow is of 591869"
[1] "2001:44:The number of rows in all_predict_ens1_200m_urban_df is not 230825."
[1] "2001:44:nrow:246332"
[1] "2001:45"
[1] "2001:45:The number of rows in all_predict_ens1_1km_all_df is not 540261."
[1] "2001:nrow is of 591869"
[1] "2003:2:The number of rows in all_predict_ens1_200m_urban_df is not 230825."
[1] "2003:2:nrow:246332"
[1] "2003:3"
[1] "2003:3:The number of rows in all_predict_ens1_1km_all_df is not 540261."
[1] "2003:nrow is of 591869"
[1] "2002:47:The number of rows in all_predict_ens1_200m_urban_df is not 230825."
[1] "2002:47:nrow:246332"
[1] "2002:48"
[1] "2002:48:The number of rows in all_predict_ens1_1km_all_df is not 540261."
[1] "2002:nrow is of 591869"
[1] "2001:45:The number of rows in all_predict_ens1_200m_urban_df is not 230825."
[1] "2001:45:nrow:246332"
[1] "2001:46"
[1] "2001:46:The number of rows in all_predict_ens1_1km_all_df is not 540261."
[1] "2001:nrow is of 591869"
[1] "2002:48:The number of rows in all_predict_ens1_200m_urban_df is not 230825."
[1] "2002:48:nrow:246332"
[1] "2002:49"
[1] "2003:3:The number of rows in all_predict_ens1_200m_urban_df is not 230825."
[1] "2003:3:nrow:246332"
[1] "2003:4"
[1] "2002:49:The number of rows in all_predict_ens1_1km_all_df is not 540261."
[1] "2002:nrow is of 591869"
[1] "2001:46:The number of rows in all_predict_ens1_200m_urban_df is not 230825."
[1] "2001:46:nrow:246332"
[1] "2001:47"
[1] "2003:4:The number of rows in all_predict_ens1_1km_all_df is not 540261."
[1] "2003:nrow is of 591869"
[1] "2001:47:The number of rows in all_predict_ens1_1km_all_df is not 540261."
[1] "2001:nrow is of 591869"
[1] "2002:49:The number of rows in all_predict_ens1_200m_urban_df is not 230825."
[1] "2002:49:nrow:246332"
[1] "2002:50"
[1] "2003:4:The number of rows in all_predict_ens1_200m_urban_df is not 230825."
[1] "2003:4:nrow:246332"
[1] "2003:5"
[1] "2003:5:The number of rows in all_predict_ens1_1km_all_df is not 540261."
[1] "2003:nrow is of 591869"
[1] "2002:50:The number of rows in all_predict_ens1_1km_all_df is not 540261."
[1] "2002:nrow is of 591869"
[1] "2001:47:The number of rows in all_predict_ens1_200m_urban_df is not 230825."
[1] "2001:47:nrow:246332"
[1] "2001:48"
[1] "2001:48:The number of rows in all_predict_ens1_1km_all_df is not 540261."
[1] "2001:nrow is of 591869"
[1] "2002:50:The number of rows in all_predict_ens1_200m_urban_df is not 230825."
[1] "2002:50:nrow:246332"
[1] "2002:51"
[1] "2002:51:The number of rows in all_predict_ens1_1km_all_df is not 540261."
[1] "2002:nrow is of 591869"
[1] "2003:5:The number of rows in all_predict_ens1_200m_urban_df is not 230825."
[1] "2003:5:nrow:246332"
[1] "2003:6"
[1] "2001:48:The number of rows in all_predict_ens1_200m_urban_df is not 230825."
[1] "2001:48:nrow:246332"
[1] "2001:49"
[1] "2003:6:The number of rows in all_predict_ens1_1km_all_df is not 540261."
[1] "2003:nrow is of 591869"
[1] "2001:49:The number of rows in all_predict_ens1_1km_all_df is not 540261."
[1] "2001:nrow is of 591869"
[1] "2002:51:The number of rows in all_predict_ens1_200m_urban_df is not 230825."
[1] "2002:51:nrow:246332"
[1] "2002:52"
[1] "2003:6:The number of rows in all_predict_ens1_200m_urban_df is not 230825."
[1] "2003:6:nrow:246332"
[1] "2003:7"
[1] "2002:52:The number of rows in all_predict_ens1_1km_all_df is not 540261."
[1] "2002:nrow is of 591869"
[1] "2001:49:The number of rows in all_predict_ens1_200m_urban_df is not 230825."
[1] "2001:49:nrow:246332"
[1] "2001:50"
[1] "2003:7:The number of rows in all_predict_ens1_1km_all_df is not 540261."
[1] "2003:nrow is of 591869"
[1] "2001:50:The number of rows in all_predict_ens1_1km_all_df is not 540261."
[1] "2001:nrow is of 591869"
[1] "2002:52:The number of rows in all_predict_ens1_200m_urban_df is not 230825."
[1] "2002:52:nrow:246332"
[1] "2002:53"
[1] "2003:7:The number of rows in all_predict_ens1_200m_urban_df is not 230825."
[1] "2003:7:nrow:246332"
[1] "2003:8"
[1] "2002:53:The number of rows in all_predict_ens1_1km_all_df is not 540261."
[1] "2002:nrow is of 591869"
[1] "2003:8:The number of rows in all_predict_ens1_1km_all_df is not 540261."
[1] "2003:nrow is of 591869"
[1] "2001:50:The number of rows in all_predict_ens1_200m_urban_df is not 230825."
[1] "2001:50:nrow:246332"
[1] "2001:51"
[1] "2001:51:The number of rows in all_predict_ens1_1km_all_df is not 540261."
[1] "2001:nrow is of 591869"
[1] "2002:53:The number of rows in all_predict_ens1_200m_urban_df is not 230825."
[1] "2002:53:nrow:246332"
[1] "2002:54"
[1] "2002:54:The number of rows in all_predict_ens1_1km_all_df is not 540261."
[1] "2002:nrow is of 591869"
[1] "2001:51:The number of rows in all_predict_ens1_200m_urban_df is not 230825."
[1] "2001:51:nrow:246332"
[1] "2001:52"
[1] "2003:8:The number of rows in all_predict_ens1_200m_urban_df is not 230825."
[1] "2003:8:nrow:246332"
[1] "2003:9"
[1] "2001:52:The number of rows in all_predict_ens1_1km_all_df is not 540261."
[1] "2001:nrow is of 591869"
[1] "2003:9:The number of rows in all_predict_ens1_1km_all_df is not 540261."
[1] "2003:nrow is of 591869"
[1] "2002:54:The number of rows in all_predict_ens1_200m_urban_df is not 230825."
[1] "2002:54:nrow:246332"
[1] "2002:55"
[1] "2002:55:The number of rows in all_predict_ens1_1km_all_df is not 540261."
[1] "2002:nrow is of 591869"
[1] "2003:9:The number of rows in all_predict_ens1_200m_urban_df is not 230825."
[1] "2003:9:nrow:246332"
[1] "2003:10"
[1] "2001:52:The number of rows in all_predict_ens1_200m_urban_df is not 230825."
[1] "2001:52:nrow:246332"
[1] "2001:53"
[1] "2003:10:The number of rows in all_predict_ens1_1km_all_df is not 540261."
[1] "2003:nrow is of 591869"
[1] "2001:53:The number of rows in all_predict_ens1_1km_all_df is not 540261."
[1] "2001:nrow is of 591869"
[1] "2002:55:The number of rows in all_predict_ens1_200m_urban_df is not 230825."
[1] "2002:55:nrow:246332"
[1] "2002:56"
[1] "2002:56:The number of rows in all_predict_ens1_1km_all_df is not 540261."
[1] "2002:nrow is of 591869"
[1] "2001:53:The number of rows in all_predict_ens1_200m_urban_df is not 230825."
[1] "2001:53:nrow:246332"
[1] "2001:54"
[1] "2003:10:The number of rows in all_predict_ens1_200m_urban_df is not 230825."
[1] "2003:10:nrow:246332"
[1] "2003:11"
[1] "2001:54:The number of rows in all_predict_ens1_1km_all_df is not 540261."
[1] "2001:nrow is of 591869"
[1] "2003:11:The number of rows in all_predict_ens1_1km_all_df is not 540261."
[1] "2003:nrow is of 591869"
[1] "2002:56:The number of rows in all_predict_ens1_200m_urban_df is not 230825."
[1] "2002:56:nrow:246332"
[1] "2002:57"
[1] "2002:57:The number of rows in all_predict_ens1_1km_all_df is not 540261."
[1] "2002:nrow is of 591869"
[1] "2003:11:The number of rows in all_predict_ens1_200m_urban_df is not 230825."
[1] "2003:11:nrow:246332"
[1] "2003:12"
[1] "2001:54:The number of rows in all_predict_ens1_200m_urban_df is not 230825."
[1] "2001:54:nrow:246332"
[1] "2001:55"
[1] "2003:12:The number of rows in all_predict_ens1_1km_all_df is not 540261."
[1] "2003:nrow is of 591869"
[1] "2001:55:The number of rows in all_predict_ens1_1km_all_df is not 540261."
[1] "2001:nrow is of 591869"
[1] "2002:57:The number of rows in all_predict_ens1_200m_urban_df is not 230825."
[1] "2002:57:nrow:246332"
[1] "2002:58"
[1] "2002:58:The number of rows in all_predict_ens1_1km_all_df is not 540261."
[1] "2002:nrow is of 591869"
[1] "2001:55:The number of rows in all_predict_ens1_200m_urban_df is not 230825."
[1] "2001:55:nrow:246332"
[1] "2001:56"
[1] "2001:56:The number of rows in all_predict_ens1_1km_all_df is not 540261."
[1] "2001:nrow is of 591869"
[1] "2003:12:The number of rows in all_predict_ens1_200m_urban_df is not 230825."
[1] "2003:12:nrow:246332"
[1] "2003:13"
[1] "2002:58:The number of rows in all_predict_ens1_200m_urban_df is not 230825."
[1] "2002:58:nrow:246332"
[1] "2002:59"
[1] "2003:13:The number of rows in all_predict_ens1_1km_all_df is not 540261."
[1] "2003:nrow is of 591869"
[1] "2002:59:The number of rows in all_predict_ens1_1km_all_df is not 540261."
[1] "2002:nrow is of 591869"
[1] "2001:56:The number of rows in all_predict_ens1_200m_urban_df is not 230825."
[1] "2001:56:nrow:246332"
[1] "2001:57"
[1] "2003:13:The number of rows in all_predict_ens1_200m_urban_df is not 230825."
[1] "2003:13:nrow:246332"
[1] "2003:14"
[1] "2001:57:The number of rows in all_predict_ens1_1km_all_df is not 540261."
[1] "2001:nrow is of 591869"
[1] "2002:59:The number of rows in all_predict_ens1_200m_urban_df is not 230825."
[1] "2002:59:nrow:246332"
[1] "2002:60"
[1] "2003:14:The number of rows in all_predict_ens1_1km_all_df is not 540261."
[1] "2003:nrow is of 591869"
[1] "2002:60:The number of rows in all_predict_ens1_1km_all_df is not 540261."
[1] "2002:nrow is of 591869"
[1] "2001:57:The number of rows in all_predict_ens1_200m_urban_df is not 230825."
[1] "2001:57:nrow:246332"
[1] "2001:58"
[1] "2001:58:The number of rows in all_predict_ens1_1km_all_df is not 540261."
[1] "2001:nrow is of 591869"
[1] "2002:60:The number of rows in all_predict_ens1_200m_urban_df is not 230825."
[1] "2002:60:nrow:246332"
[1] "2002:61"
[1] "2003:14:The number of rows in all_predict_ens1_200m_urban_df is not 230825."
[1] "2003:14:nrow:246332"
[1] "2003:15"
[1] "2002:61:The number of rows in all_predict_ens1_1km_all_df is not 540261."
[1] "2002:nrow is of 591869"
[1] "2003:15:The number of rows in all_predict_ens1_1km_all_df is not 540261."
[1] "2003:nrow is of 591869"
[1] "2001:58:The number of rows in all_predict_ens1_200m_urban_df is not 230825."
[1] "2001:58:nrow:246332"
[1] "2001:59"
[1] "2001:59:The number of rows in all_predict_ens1_1km_all_df is not 540261."
[1] "2001:nrow is of 591869"
[1] "2002:61:The number of rows in all_predict_ens1_200m_urban_df is not 230825."
[1] "2002:61:nrow:246332"
[1] "2002:62"
[1] "2003:15:The number of rows in all_predict_ens1_200m_urban_df is not 230825."
[1] "2003:15:nrow:246332"
[1] "2003:16"
[1] "2002:62:The number of rows in all_predict_ens1_1km_all_df is not 540261."
[1] "2002:nrow is of 591869"
[1] "2003:16:The number of rows in all_predict_ens1_1km_all_df is not 540261."
[1] "2003:nrow is of 591869"
[1] "2001:59:The number of rows in all_predict_ens1_200m_urban_df is not 230825."
[1] "2001:59:nrow:246332"
[1] "2001:60"
[1] "2002:62:The number of rows in all_predict_ens1_200m_urban_df is not 230825."
[1] "2002:62:nrow:246332"
[1] "2002:63"
[1] "2001:60:The number of rows in all_predict_ens1_1km_all_df is not 540261."
[1] "2001:nrow is of 591869"
[1] "2002:63:The number of rows in all_predict_ens1_1km_all_df is not 540261."
[1] "2002:nrow is of 591869"
[1] "2003:16:The number of rows in all_predict_ens1_200m_urban_df is not 230825."
[1] "2003:16:nrow:246332"
[1] "2003:17"
[1] "2003:17:The number of rows in all_predict_ens1_1km_all_df is not 540261."
[1] "2003:nrow is of 591869"
[1] "2001:60:The number of rows in all_predict_ens1_200m_urban_df is not 230825."
[1] "2001:60:nrow:246332"
[1] "2001:61"
[1] "2002:63:The number of rows in all_predict_ens1_200m_urban_df is not 230825."
[1] "2002:63:nrow:246332"
[1] "2002:64"
[1] "2001:61:The number of rows in all_predict_ens1_1km_all_df is not 540261."
[1] "2001:nrow is of 591869"
[1] "2002:64:The number of rows in all_predict_ens1_1km_all_df is not 540261."
[1] "2002:nrow is of 591869"
[1] "2003:17:The number of rows in all_predict_ens1_200m_urban_df is not 230825."
[1] "2003:17:nrow:246332"
[1] "2003:18"
[1] "2001:61:The number of rows in all_predict_ens1_200m_urban_df is not 230825."
[1] "2001:61:nrow:246332"
[1] "2001:62"
[1] "2003:18:The number of rows in all_predict_ens1_1km_all_df is not 540261."
[1] "2003:nrow is of 591869"
[1] "2001:62:The number of rows in all_predict_ens1_1km_all_df is not 540261."
[1] "2001:nrow is of 591869"
[1] "2002:64:The number of rows in all_predict_ens1_200m_urban_df is not 230825."
[1] "2002:64:nrow:246332"
[1] "2002:65"
[1] "2002:65:The number of rows in all_predict_ens1_1km_all_df is not 540261."
[1] "2002:nrow is of 591869"
[1] "2003:18:The number of rows in all_predict_ens1_200m_urban_df is not 230825."
[1] "2003:18:nrow:246332"
[1] "2003:19"
[1] "2001:62:The number of rows in all_predict_ens1_200m_urban_df is not 230825."
[1] "2001:62:nrow:246332"
[1] "2001:63"
[1] "2002:65:The number of rows in all_predict_ens1_200m_urban_df is not 230825."
[1] "2002:65:nrow:246332"
[1] "2002:66"
[1] "2003:19:The number of rows in all_predict_ens1_1km_all_df is not 540261."
[1] "2003:nrow is of 591869"
[1] "2001:63:The number of rows in all_predict_ens1_1km_all_df is not 540261."
[1] "2001:nrow is of 591869"
[1] "2002:66:The number of rows in all_predict_ens1_1km_all_df is not 540261."
[1] "2002:nrow is of 591869"
[1] "2003:19:The number of rows in all_predict_ens1_200m_urban_df is not 230825."
[1] "2003:19:nrow:246332"
[1] "2003:20"
[1] "2001:63:The number of rows in all_predict_ens1_200m_urban_df is not 230825."
[1] "2001:63:nrow:246332"
[1] "2001:64"
[1] "2003:20:The number of rows in all_predict_ens1_1km_all_df is not 540261."
[1] "2003:nrow is of 591869"
[1] "2002:66:The number of rows in all_predict_ens1_200m_urban_df is not 230825."
[1] "2002:66:nrow:246332"
[1] "2002:67"
[1] "2001:64:The number of rows in all_predict_ens1_1km_all_df is not 540261."
[1] "2001:nrow is of 591869"
[1] "2002:67:The number of rows in all_predict_ens1_1km_all_df is not 540261."
[1] "2002:nrow is of 591869"
[1] "2003:20:The number of rows in all_predict_ens1_200m_urban_df is not 230825."
[1] "2003:20:nrow:246332"
[1] "2003:21"
[1] "2002:67:The number of rows in all_predict_ens1_200m_urban_df is not 230825."
[1] "2002:67:nrow:246332"
[1] "2002:68"
[1] "2001:64:The number of rows in all_predict_ens1_200m_urban_df is not 230825."
[1] "2001:64:nrow:246332"
[1] "2001:65"
[1] "2003:21:The number of rows in all_predict_ens1_1km_all_df is not 540261."
[1] "2003:nrow is of 591869"
[1] "2002:68:The number of rows in all_predict_ens1_1km_all_df is not 540261."
[1] "2002:nrow is of 591869"
[1] "2001:65:The number of rows in all_predict_ens1_1km_all_df is not 540261."
[1] "2001:nrow is of 591869"
[1] "2001:65:The number of rows in all_predict_ens1_200m_urban_df is not 230825."
[1] "2001:65:nrow:246332"
[1] "2001:66"
[1] "2003:21:The number of rows in all_predict_ens1_200m_urban_df is not 230825."
[1] "2003:21:nrow:246332"
[1] "2003:22"
[1] "2002:68:The number of rows in all_predict_ens1_200m_urban_df is not 230825."
[1] "2002:68:nrow:246332"
[1] "2002:69"
[1] "2001:66:The number of rows in all_predict_ens1_1km_all_df is not 540261."
[1] "2001:nrow is of 591869"
[1] "2003:22:The number of rows in all_predict_ens1_1km_all_df is not 540261."
[1] "2003:nrow is of 591869"
[1] "2002:69:The number of rows in all_predict_ens1_1km_all_df is not 540261."
[1] "2002:nrow is of 591869"
[1] "2002:69:The number of rows in all_predict_ens1_200m_urban_df is not 230825."
[1] "2002:69:nrow:246332"
[1] "2002:70"
[1] "2003:22:The number of rows in all_predict_ens1_200m_urban_df is not 230825."
[1] "2003:22:nrow:246332"
[1] "2003:23"
[1] "2001:66:The number of rows in all_predict_ens1_200m_urban_df is not 230825."
[1] "2001:66:nrow:246332"
[1] "2001:67"
[1] "2002:70:The number of rows in all_predict_ens1_1km_all_df is not 540261."
[1] "2002:nrow is of 591869"
[1] "2003:23:The number of rows in all_predict_ens1_1km_all_df is not 540261."
[1] "2003:nrow is of 591869"
[1] "2001:67:The number of rows in all_predict_ens1_1km_all_df is not 540261."
[1] "2001:nrow is of 591869"
[1] "2001:67:The number of rows in all_predict_ens1_200m_urban_df is not 230825."
[1] "2001:67:nrow:246332"
[1] "2001:68"
[1] "2002:70:The number of rows in all_predict_ens1_200m_urban_df is not 230825."
[1] "2002:70:nrow:246332"
[1] "2002:71"
[1] "2003:23:The number of rows in all_predict_ens1_200m_urban_df is not 230825."
[1] "2003:23:nrow:246332"
[1] "2003:24"
[1] "2001:68:The number of rows in all_predict_ens1_1km_all_df is not 540261."
[1] "2001:nrow is of 591869"
[1] "2002:71:The number of rows in all_predict_ens1_1km_all_df is not 540261."
[1] "2002:nrow is of 591869"
[1] "2003:24:The number of rows in all_predict_ens1_1km_all_df is not 540261."
[1] "2003:nrow is of 591869"
[1] "2002:71:The number of rows in all_predict_ens1_200m_urban_df is not 230825."
[1] "2002:71:nrow:246332"
[1] "2002:72"
[1] "2001:68:The number of rows in all_predict_ens1_200m_urban_df is not 230825."
[1] "2001:68:nrow:246332"
[1] "2001:69"
[1] "2003:24:The number of rows in all_predict_ens1_200m_urban_df is not 230825."
[1] "2003:24:nrow:246332"
[1] "2003:25"
[1] "2002:72:The number of rows in all_predict_ens1_1km_all_df is not 540261."
[1] "2002:nrow is of 591869"
[1] "2001:69:The number of rows in all_predict_ens1_1km_all_df is not 540261."
[1] "2001:nrow is of 591869"
[1] "2003:25:The number of rows in all_predict_ens1_1km_all_df is not 540261."
[1] "2003:nrow is of 591869"
[1] "2001:69:The number of rows in all_predict_ens1_200m_urban_df is not 230825."
[1] "2001:69:nrow:246332"
[1] "2001:70"
[1] "2002:72:The number of rows in all_predict_ens1_200m_urban_df is not 230825."
[1] "2002:72:nrow:246332"
[1] "2002:73"
[1] "2001:70:The number of rows in all_predict_ens1_1km_all_df is not 540261."
[1] "2001:nrow is of 591869"
[1] "2002:73:The number of rows in all_predict_ens1_1km_all_df is not 540261."
[1] "2002:nrow is of 591869"
[1] "2003:25:The number of rows in all_predict_ens1_200m_urban_df is not 230825."
[1] "2003:25:nrow:246332"
[1] "2003:26"
[1] "2003:26:The number of rows in all_predict_ens1_1km_all_df is not 540261."
[1] "2003:nrow is of 591869"
[1] "2002:73:The number of rows in all_predict_ens1_200m_urban_df is not 230825."
[1] "2002:73:nrow:246332"
[1] "2002:74"
[1] "2001:70:The number of rows in all_predict_ens1_200m_urban_df is not 230825."
[1] "2001:70:nrow:246332"
[1] "2001:71"
[1] "2003:26:The number of rows in all_predict_ens1_200m_urban_df is not 230825."
[1] "2003:26:nrow:246332"
[1] "2003:27"
[1] "2002:74:The number of rows in all_predict_ens1_1km_all_df is not 540261."
[1] "2002:nrow is of 591869"
[1] "2001:71:The number of rows in all_predict_ens1_1km_all_df is not 540261."
[1] "2001:nrow is of 591869"
[1] "2003:27:The number of rows in all_predict_ens1_1km_all_df is not 540261."
[1] "2003:nrow is of 591869"
[1] "2001:71:The number of rows in all_predict_ens1_200m_urban_df is not 230825."
[1] "2001:71:nrow:246332"
[1] "2001:72"
[1] "2002:74:The number of rows in all_predict_ens1_200m_urban_df is not 230825."
[1] "2002:74:nrow:246332"
[1] "2002:75"
[1] "2003:27:The number of rows in all_predict_ens1_200m_urban_df is not 230825."
[1] "2003:27:nrow:246332"
[1] "2003:28"
[1] "2002:75:The number of rows in all_predict_ens1_1km_all_df is not 540261."
[1] "2002:nrow is of 591869"
[1] "2001:72:The number of rows in all_predict_ens1_1km_all_df is not 540261."
[1] "2001:nrow is of 591869"
[1] "2003:28:The number of rows in all_predict_ens1_1km_all_df is not 540261."
[1] "2003:nrow is of 591869"
[1] "2001:72:The number of rows in all_predict_ens1_200m_urban_df is not 230825."
[1] "2001:72:nrow:246332"
[1] "2001:73"
[1] "2002:75:The number of rows in all_predict_ens1_200m_urban_df is not 230825."
[1] "2002:75:nrow:246332"
[1] "2002:76"
[1] "2003:28:The number of rows in all_predict_ens1_200m_urban_df is not 230825."
[1] "2003:28:nrow:246332"
[1] "2003:29"
[1] "2001:73:The number of rows in all_predict_ens1_1km_all_df is not 540261."
[1] "2001:nrow is of 591869"
[1] "2002:76:The number of rows in all_predict_ens1_1km_all_df is not 540261."
[1] "2002:nrow is of 591869"
[1] "2003:29:The number of rows in all_predict_ens1_1km_all_df is not 540261."
[1] "2003:nrow is of 591869"
[1] "2002:76:The number of rows in all_predict_ens1_200m_urban_df is not 230825."
[1] "2002:76:nrow:246332"
[1] "2002:77"
[1] "2003:29:The number of rows in all_predict_ens1_200m_urban_df is not 230825."
[1] "2003:29:nrow:246332"
[1] "2003:30"
[1] "2001:73:The number of rows in all_predict_ens1_200m_urban_df is not 230825."
[1] "2001:73:nrow:246332"
[1] "2001:74"
[1] "2002:77:The number of rows in all_predict_ens1_1km_all_df is not 540261."
[1] "2002:nrow is of 591869"
[1] "2001:74:The number of rows in all_predict_ens1_1km_all_df is not 540261."
[1] "2001:nrow is of 591869"
[1] "2003:30:The number of rows in all_predict_ens1_1km_all_df is not 540261."
[1] "2003:nrow is of 591869"
[1] "2001:74:The number of rows in all_predict_ens1_200m_urban_df is not 230825."
[1] "2001:74:nrow:246332"
[1] "2001:75"
[1] "2002:77:The number of rows in all_predict_ens1_200m_urban_df is not 230825."
[1] "2002:77:nrow:246332"
[1] "2002:78"
[1] "2003:30:The number of rows in all_predict_ens1_200m_urban_df is not 230825."
[1] "2003:30:nrow:246332"
[1] "2003:31"
[1] "2002:78:The number of rows in all_predict_ens1_1km_all_df is not 540261."
[1] "2002:nrow is of 591869"
[1] "2001:75:The number of rows in all_predict_ens1_1km_all_df is not 540261."
[1] "2001:nrow is of 591869"
[1] "2003:31:The number of rows in all_predict_ens1_1km_all_df is not 540261."
[1] "2003:nrow is of 591869"
[1] "2002:78:The number of rows in all_predict_ens1_200m_urban_df is not 230825."
[1] "2002:78:nrow:246332"
[1] "2002:79"
[1] "2001:75:The number of rows in all_predict_ens1_200m_urban_df is not 230825."
[1] "2001:75:nrow:246332"
[1] "2001:76"
[1] "2003:31:The number of rows in all_predict_ens1_200m_urban_df is not 230825."
[1] "2003:31:nrow:246332"
[1] "2003:32"
[1] "2002:79:The number of rows in all_predict_ens1_1km_all_df is not 540261."
[1] "2002:nrow is of 591869"
[1] "2001:76:The number of rows in all_predict_ens1_1km_all_df is not 540261."
[1] "2001:nrow is of 591869"
[1] "2003:32:The number of rows in all_predict_ens1_1km_all_df is not 540261."
[1] "2003:nrow is of 591869"
[1] "2002:79:The number of rows in all_predict_ens1_200m_urban_df is not 230825."
[1] "2002:79:nrow:246332"
[1] "2002:80"
[1] "2001:76:The number of rows in all_predict_ens1_200m_urban_df is not 230825."
[1] "2001:76:nrow:246332"
[1] "2001:77"
[1] "2003:32:The number of rows in all_predict_ens1_200m_urban_df is not 230825."
[1] "2003:32:nrow:246332"
[1] "2003:33"
[1] "2002:80:The number of rows in all_predict_ens1_1km_all_df is not 540261."
[1] "2002:nrow is of 591869"
[1] "2001:77:The number of rows in all_predict_ens1_1km_all_df is not 540261."
[1] "2001:nrow is of 591869"
[1] "2003:33:The number of rows in all_predict_ens1_1km_all_df is not 540261."
[1] "2003:nrow is of 591869"
[1] "2001:77:The number of rows in all_predict_ens1_200m_urban_df is not 230825."
[1] "2001:77:nrow:246332"
[1] "2001:78"
[1] "2002:80:The number of rows in all_predict_ens1_200m_urban_df is not 230825."
[1] "2002:80:nrow:246332"
[1] "2002:81"
[1] "2001:78:The number of rows in all_predict_ens1_1km_all_df is not 540261."
[1] "2001:nrow is of 591869"
[1] "2003:33:The number of rows in all_predict_ens1_200m_urban_df is not 230825."
[1] "2003:33:nrow:246332"
[1] "2003:34"
[1] "2002:81:The number of rows in all_predict_ens1_1km_all_df is not 540261."
[1] "2002:nrow is of 591869"
[1] "2003:34:The number of rows in all_predict_ens1_1km_all_df is not 540261."
[1] "2003:nrow is of 591869"
[1] "2001:78:The number of rows in all_predict_ens1_200m_urban_df is not 230825."
[1] "2001:78:nrow:246332"
[1] "2001:79"
[1] "2002:81:The number of rows in all_predict_ens1_200m_urban_df is not 230825."
[1] "2002:81:nrow:246332"
[1] "2002:82"
[1] "2003:34:The number of rows in all_predict_ens1_200m_urban_df is not 230825."
[1] "2003:34:nrow:246332"
[1] "2003:35"
[1] "2001:79:The number of rows in all_predict_ens1_1km_all_df is not 540261."
[1] "2001:nrow is of 591869"
[1] "2002:82:The number of rows in all_predict_ens1_1km_all_df is not 540261."
[1] "2002:nrow is of 591869"
[1] "2003:35:The number of rows in all_predict_ens1_1km_all_df is not 540261."
[1] "2003:nrow is of 591869"
[1] "2001:79:The number of rows in all_predict_ens1_200m_urban_df is not 230825."
[1] "2001:79:nrow:246332"
[1] "2001:80"
[1] "2002:82:The number of rows in all_predict_ens1_200m_urban_df is not 230825."
[1] "2002:82:nrow:246332"
[1] "2002:83"
[1] "2001:80:The number of rows in all_predict_ens1_1km_all_df is not 540261."
[1] "2001:nrow is of 591869"
[1] "2003:35:The number of rows in all_predict_ens1_200m_urban_df is not 230825."
[1] "2003:35:nrow:246332"
[1] "2003:36"
[1] "2002:83:The number of rows in all_predict_ens1_1km_all_df is not 540261."
[1] "2002:nrow is of 591869"
[1] "2003:36:The number of rows in all_predict_ens1_1km_all_df is not 540261."
[1] "2003:nrow is of 591869"
[1] "2001:80:The number of rows in all_predict_ens1_200m_urban_df is not 230825."
[1] "2001:80:nrow:246332"
[1] "2001:81"
[1] "2002:83:The number of rows in all_predict_ens1_200m_urban_df is not 230825."
[1] "2002:83:nrow:246332"
[1] "2002:84"
[1] "2002:84:The number of rows in all_predict_ens1_1km_all_df is not 540261."
[1] "2002:nrow is of 591869"
[1] "2001:81:The number of rows in all_predict_ens1_1km_all_df is not 540261."
[1] "2001:nrow is of 591869"
[1] "2003:36:The number of rows in all_predict_ens1_200m_urban_df is not 230825."
[1] "2003:36:nrow:246332"
[1] "2003:37"
[1] "2003:37:The number of rows in all_predict_ens1_1km_all_df is not 540261."
[1] "2003:nrow is of 591869"
[1] "2001:81:The number of rows in all_predict_ens1_200m_urban_df is not 230825."
[1] "2001:81:nrow:246332"
[1] "2001:82"
[1] "2002:84:The number of rows in all_predict_ens1_200m_urban_df is not 230825."
[1] "2002:84:nrow:246332"
[1] "2002:85"
[1] "2001:82:The number of rows in all_predict_ens1_1km_all_df is not 540261."
[1] "2001:nrow is of 591869"
[1] "2002:85:The number of rows in all_predict_ens1_1km_all_df is not 540261."
[1] "2002:nrow is of 591869"
[1] "2003:37:The number of rows in all_predict_ens1_200m_urban_df is not 230825."
[1] "2003:37:nrow:246332"
[1] "2003:38"
[1] "2002:85:The number of rows in all_predict_ens1_200m_urban_df is not 230825."
[1] "2002:85:nrow:246332"
[1] "2002:86"
[1] "2001:82:The number of rows in all_predict_ens1_200m_urban_df is not 230825."
[1] "2001:82:nrow:246332"
[1] "2001:83"
[1] "2002:86:The number of rows in all_predict_ens1_1km_all_df is not 540261."
[1] "2002:nrow is of 591869"
[1] "2001:83:The number of rows in all_predict_ens1_1km_all_df is not 540261."
[1] "2001:nrow is of 591869"
[1] "2002:86:The number of rows in all_predict_ens1_200m_urban_df is not 230825."
[1] "2002:86:nrow:246332"
[1] "2002:87"
[1] "2002:87:The number of rows in all_predict_ens1_1km_all_df is not 540261."
[1] "2002:nrow is of 591869"
[1] "2001:83:The number of rows in all_predict_ens1_200m_urban_df is not 230825."
[1] "2001:83:nrow:246332"
[1] "2001:84"
[1] "2001:84:The number of rows in all_predict_ens1_1km_all_df is not 540261."
[1] "2001:nrow is of 591869"
[1] "2002:87:The number of rows in all_predict_ens1_200m_urban_df is not 230825."
[1] "2002:87:nrow:246332"
[1] "2002:88"
[1] "2002:88:The number of rows in all_predict_ens1_1km_all_df is not 540261."
[1] "2002:nrow is of 591869"
[1] "2001:84:The number of rows in all_predict_ens1_200m_urban_df is not 230825."
[1] "2001:84:nrow:246332"
[1] "2001:85"
[1] "2001:85:The number of rows in all_predict_ens1_1km_all_df is not 540261."
[1] "2001:nrow is of 591869"
[1] "2002:88:The number of rows in all_predict_ens1_200m_urban_df is not 230825."
[1] "2002:88:nrow:246332"
[1] "2002:89"
[1] "2002:89:The number of rows in all_predict_ens1_1km_all_df is not 540261."
[1] "2002:nrow is of 591869"
[1] "2001:85:The number of rows in all_predict_ens1_200m_urban_df is not 230825."
[1] "2001:85:nrow:246332"
[1] "2001:86"
[1] "2001:86:The number of rows in all_predict_ens1_1km_all_df is not 540261."
[1] "2001:nrow is of 591869"
[1] "2003:38:The number of rows in all_predict_ens1_1km_all_df is not 540261."
[1] "2003:nrow is of 591869"
[1] "2002:89:The number of rows in all_predict_ens1_200m_urban_df is not 230825."
[1] "2002:89:nrow:246332"
[1] "2002:90"
[1] "2002:90:The number of rows in all_predict_ens1_1km_all_df is not 540261."
[1] "2002:nrow is of 591869"
[1] "2001:86:The number of rows in all_predict_ens1_200m_urban_df is not 230825."
[1] "2001:86:nrow:246332"
[1] "2001:87"
[1] "2001:87:The number of rows in all_predict_ens1_1km_all_df is not 540261."
[1] "2001:nrow is of 591869"
[1] "2003:38:The number of rows in all_predict_ens1_200m_urban_df is not 230825."
[1] "2003:38:nrow:246332"
[1] "2003:39"
[1] "2003:39:The number of rows in all_predict_ens1_1km_all_df is not 540261."
[1] "2003:nrow is of 591869"
[1] "2002:90:The number of rows in all_predict_ens1_200m_urban_df is not 230825."
[1] "2002:90:nrow:246332"
[1] "2002:91"
[1] "2001:87:The number of rows in all_predict_ens1_200m_urban_df is not 230825."
[1] "2001:87:nrow:246332"
[1] "2001:88"
[1] "2002:91:The number of rows in all_predict_ens1_1km_all_df is not 540261."
[1] "2002:nrow is of 591869"
[1] "2001:88:The number of rows in all_predict_ens1_1km_all_df is not 540261."
[1] "2001:nrow is of 591869"
[1] "2003:39:The number of rows in all_predict_ens1_200m_urban_df is not 230825."
[1] "2003:39:nrow:246332"
[1] "2003:40"
[1] "2003:40:The number of rows in all_predict_ens1_1km_all_df is not 540261."
[1] "2003:nrow is of 591869"
[1] "2002:91:The number of rows in all_predict_ens1_200m_urban_df is not 230825."
[1] "2002:91:nrow:246332"
[1] "2002:92"
[1] "2001:88:The number of rows in all_predict_ens1_200m_urban_df is not 230825."
[1] "2001:88:nrow:246332"
[1] "2001:89"
[1] "2002:92:The number of rows in all_predict_ens1_1km_all_df is not 540261."
[1] "2002:nrow is of 591869"
[1] "2001:89:The number of rows in all_predict_ens1_1km_all_df is not 540261."
[1] "2001:nrow is of 591869"
[1] "2003:40:The number of rows in all_predict_ens1_200m_urban_df is not 230825."
[1] "2003:40:nrow:246332"
[1] "2003:41"
[1] "2003:41:The number of rows in all_predict_ens1_1km_all_df is not 540261."
[1] "2003:nrow is of 591869"
[1] "2002:92:The number of rows in all_predict_ens1_200m_urban_df is not 230825."
[1] "2002:92:nrow:246332"
[1] "2002:93"
[1] "2001:89:The number of rows in all_predict_ens1_200m_urban_df is not 230825."
[1] "2001:89:nrow:246332"
[1] "2001:90"
[1] "2002:93:The number of rows in all_predict_ens1_1km_all_df is not 540261."
[1] "2002:nrow is of 591869"
[1] "2001:90:The number of rows in all_predict_ens1_1km_all_df is not 540261."
[1] "2001:nrow is of 591869"
[1] "2003:41:The number of rows in all_predict_ens1_200m_urban_df is not 230825."
[1] "2003:41:nrow:246332"
[1] "2003:42"
[1] "2003:42:The number of rows in all_predict_ens1_1km_all_df is not 540261."
[1] "2003:nrow is of 591869"
[1] "2002:93:The number of rows in all_predict_ens1_200m_urban_df is not 230825."
[1] "2002:93:nrow:246332"
[1] "2002:94"
[1] "2001:90:The number of rows in all_predict_ens1_200m_urban_df is not 230825."
[1] "2001:90:nrow:246332"
[1] "2001:91"
[1] "2002:94:The number of rows in all_predict_ens1_1km_all_df is not 540261."
[1] "2002:nrow is of 591869"
[1] "2001:91:The number of rows in all_predict_ens1_1km_all_df is not 540261."
[1] "2001:nrow is of 591869"
[1] "2003:42:The number of rows in all_predict_ens1_200m_urban_df is not 230825."
[1] "2003:42:nrow:246332"
[1] "2003:43"
[1] "2003:43:The number of rows in all_predict_ens1_1km_all_df is not 540261."
[1] "2003:nrow is of 591869"
[1] "2002:94:The number of rows in all_predict_ens1_200m_urban_df is not 230825."
[1] "2002:94:nrow:246332"
[1] "2002:95"
[1] "2001:91:The number of rows in all_predict_ens1_200m_urban_df is not 230825."
[1] "2001:91:nrow:246332"
[1] "2001:92"
[1] "2002:95:The number of rows in all_predict_ens1_1km_all_df is not 540261."
[1] "2002:nrow is of 591869"
[1] "2001:92:The number of rows in all_predict_ens1_1km_all_df is not 540261."
[1] "2001:nrow is of 591869"
[1] "2003:43:The number of rows in all_predict_ens1_200m_urban_df is not 230825."
[1] "2003:43:nrow:246332"
[1] "2003:44"
[1] "2003:44:The number of rows in all_predict_ens1_1km_all_df is not 540261."
[1] "2003:nrow is of 591869"
[1] "2001:92:The number of rows in all_predict_ens1_200m_urban_df is not 230825."
[1] "2001:92:nrow:246332"
[1] "2001:93"
[1] "2001:93:The number of rows in all_predict_ens1_1km_all_df is not 540261."
[1] "2001:nrow is of 591869"
[1] "2003:44:The number of rows in all_predict_ens1_200m_urban_df is not 230825."
[1] "2003:44:nrow:246332"
[1] "2003:45"
[1] "2003:45:The number of rows in all_predict_ens1_1km_all_df is not 540261."
[1] "2003:nrow is of 591869"
[1] "2001:93:The number of rows in all_predict_ens1_200m_urban_df is not 230825."
[1] "2001:93:nrow:246332"
[1] "2001:94"
[1] "2003:45:The number of rows in all_predict_ens1_200m_urban_df is not 230825."
[1] "2003:45:nrow:246332"
[1] "2003:46"
[1] "2003:46:The number of rows in all_predict_ens1_1km_all_df is not 540261."
[1] "2003:nrow is of 591869"
[1] "2003:46:The number of rows in all_predict_ens1_200m_urban_df is not 230825."
[1] "2003:46:nrow:246332"
[1] "2003:47"
[1] "2003:47:The number of rows in all_predict_ens1_1km_all_df is not 540261."
[1] "2003:nrow is of 591869"
[1] "2003:47:The number of rows in all_predict_ens1_200m_urban_df is not 230825."
[1] "2003:47:nrow:246332"
[1] "2003:48"
[1] "2003:48:The number of rows in all_predict_ens1_1km_all_df is not 540261."
[1] "2003:nrow is of 591869"
[1] "2003:48:The number of rows in all_predict_ens1_200m_urban_df is not 230825."
[1] "2003:48:nrow:246332"
[1] "2003:49"
[1] "2002:95:The number of rows in all_predict_ens1_200m_urban_df is not 230825."
[1] "2002:95:nrow:246332"
[1] "2002:96"
[1] "2003:49:The number of rows in all_predict_ens1_1km_all_df is not 540261."
[1] "2003:nrow is of 591869"
[1] "2002:96:The number of rows in all_predict_ens1_1km_all_df is not 540261."
[1] "2002:nrow is of 591869"
[1] "2003:49:The number of rows in all_predict_ens1_200m_urban_df is not 230825."
[1] "2003:49:nrow:246332"
[1] "2003:50"
[1] "2002:96:The number of rows in all_predict_ens1_200m_urban_df is not 230825."
[1] "2002:96:nrow:246332"
[1] "2002:97"
[1] "2003:50:The number of rows in all_predict_ens1_1km_all_df is not 540261."
[1] "2003:nrow is of 591869"
[1] "2001:94:The number of rows in all_predict_ens1_1km_all_df is not 540261."
[1] "2001:nrow is of 591869"
[1] "2002:97:The number of rows in all_predict_ens1_1km_all_df is not 540261."
[1] "2002:nrow is of 591869"
[1] "2003:50:The number of rows in all_predict_ens1_200m_urban_df is not 230825."
[1] "2003:50:nrow:246332"
[1] "2003:51"
[1] "2003:51:The number of rows in all_predict_ens1_1km_all_df is not 540261."
[1] "2003:nrow is of 591869"
[1] "2001:94:The number of rows in all_predict_ens1_200m_urban_df is not 230825."
[1] "2001:94:nrow:246332"
[1] "2001:95"
[1] "2002:97:The number of rows in all_predict_ens1_200m_urban_df is not 230825."
[1] "2002:97:nrow:246332"
[1] "2002:98"
[1] "2001:95:The number of rows in all_predict_ens1_1km_all_df is not 540261."
[1] "2001:nrow is of 591869"
[1] "2002:98:The number of rows in all_predict_ens1_1km_all_df is not 540261."
[1] "2002:nrow is of 591869"
[1] "2003:51:The number of rows in all_predict_ens1_200m_urban_df is not 230825."
[1] "2003:51:nrow:246332"
[1] "2003:52"
[1] "2001:95:The number of rows in all_predict_ens1_200m_urban_df is not 230825."
[1] "2001:95:nrow:246332"
[1] "2001:96"
[1] "2003:52:The number of rows in all_predict_ens1_1km_all_df is not 540261."
[1] "2003:nrow is of 591869"
[1] "2002:98:The number of rows in all_predict_ens1_200m_urban_df is not 230825."
[1] "2002:98:nrow:246332"
[1] "2002:99"
[1] "2001:96:The number of rows in all_predict_ens1_1km_all_df is not 540261."
[1] "2001:nrow is of 591869"
[1] "2002:99:The number of rows in all_predict_ens1_1km_all_df is not 540261."
[1] "2002:nrow is of 591869"
[1] "2003:52:The number of rows in all_predict_ens1_200m_urban_df is not 230825."
[1] "2003:52:nrow:246332"
[1] "2003:53"
[1] "2003:53:The number of rows in all_predict_ens1_1km_all_df is not 540261."
[1] "2003:nrow is of 591869"
[1] "2001:96:The number of rows in all_predict_ens1_200m_urban_df is not 230825."
[1] "2001:96:nrow:246332"
[1] "2001:97"
[1] "2002:99:The number of rows in all_predict_ens1_200m_urban_df is not 230825."
[1] "2002:99:nrow:246332"
[1] "2002:100"
[1] "2001:97:The number of rows in all_predict_ens1_1km_all_df is not 540261."
[1] "2001:nrow is of 591869"
[1] "2002:100:The number of rows in all_predict_ens1_1km_all_df is not 540261."
[1] "2002:nrow is of 591869"
[1] "2003:53:The number of rows in all_predict_ens1_200m_urban_df is not 230825."
[1] "2003:53:nrow:246332"
[1] "2003:54"
[1] "2003:54:The number of rows in all_predict_ens1_1km_all_df is not 540261."
[1] "2003:nrow is of 591869"
[1] "2001:97:The number of rows in all_predict_ens1_200m_urban_df is not 230825."
[1] "2001:97:nrow:246332"
[1] "2001:98"
[1] "2002:100:The number of rows in all_predict_ens1_200m_urban_df is not 230825."
[1] "2002:100:nrow:246332"
[1] "2002:101"
[1] "2001:98:The number of rows in all_predict_ens1_1km_all_df is not 540261."
[1] "2001:nrow is of 591869"
[1] "2002:101:The number of rows in all_predict_ens1_1km_all_df is not 540261."
[1] "2002:nrow is of 591869"
[1] "2003:54:The number of rows in all_predict_ens1_200m_urban_df is not 230825."
[1] "2003:54:nrow:246332"
[1] "2003:55"
[1] "2003:55:The number of rows in all_predict_ens1_1km_all_df is not 540261."
[1] "2003:nrow is of 591869"
[1] "2001:98:The number of rows in all_predict_ens1_200m_urban_df is not 230825."
[1] "2001:98:nrow:246332"
[1] "2001:99"
[1] "2002:101:The number of rows in all_predict_ens1_200m_urban_df is not 230825."
[1] "2002:101:nrow:246332"
[1] "2002:102"
[1] "2001:99:The number of rows in all_predict_ens1_1km_all_df is not 540261."
[1] "2001:nrow is of 591869"
[1] "2002:102:The number of rows in all_predict_ens1_1km_all_df is not 540261."
[1] "2002:nrow is of 591869"
[1] "2003:55:The number of rows in all_predict_ens1_200m_urban_df is not 230825."
[1] "2003:55:nrow:246332"
[1] "2003:56"
[1] "2003:56:The number of rows in all_predict_ens1_1km_all_df is not 540261."
[1] "2003:nrow is of 591869"
[1] "2002:102:The number of rows in all_predict_ens1_200m_urban_df is not 230825."
[1] "2002:102:nrow:246332"
[1] "2002:103"
[1] "2001:99:The number of rows in all_predict_ens1_200m_urban_df is not 230825."
[1] "2001:99:nrow:246332"
[1] "2001:100"
[1] "2002:103:The number of rows in all_predict_ens1_1km_all_df is not 540261."
[1] "2002:nrow is of 591869"
[1] "2001:100:The number of rows in all_predict_ens1_1km_all_df is not 540261."
[1] "2001:nrow is of 591869"
[1] "2003:56:The number of rows in all_predict_ens1_200m_urban_df is not 230825."
[1] "2003:56:nrow:246332"
[1] "2003:57"
[1] "2003:57:The number of rows in all_predict_ens1_1km_all_df is not 540261."
[1] "2003:nrow is of 591869"
[1] "2002:103:The number of rows in all_predict_ens1_200m_urban_df is not 230825."
[1] "2002:103:nrow:246332"
[1] "2002:104"
[1] "2001:100:The number of rows in all_predict_ens1_200m_urban_df is not 230825."
[1] "2001:100:nrow:246332"
[1] "2001:101"
[1] "2002:104:The number of rows in all_predict_ens1_1km_all_df is not 540261."
[1] "2002:nrow is of 591869"
[1] "2001:101:The number of rows in all_predict_ens1_1km_all_df is not 540261."
[1] "2001:nrow is of 591869"
[1] "2003:57:The number of rows in all_predict_ens1_200m_urban_df is not 230825."
[1] "2003:57:nrow:246332"
[1] "2003:58"
[1] "2003:58:The number of rows in all_predict_ens1_1km_all_df is not 540261."
[1] "2003:nrow is of 591869"
[1] "2002:104:The number of rows in all_predict_ens1_200m_urban_df is not 230825."
[1] "2002:104:nrow:246332"
[1] "2002:105"
[1] "2001:101:The number of rows in all_predict_ens1_200m_urban_df is not 230825."
[1] "2001:101:nrow:246332"
[1] "2001:102"
[1] "2001:102:The number of rows in all_predict_ens1_1km_all_df is not 540261."
[1] "2001:nrow is of 591869"
[1] "2002:105:The number of rows in all_predict_ens1_1km_all_df is not 540261."
[1] "2002:nrow is of 591869"
[1] "2003:58:The number of rows in all_predict_ens1_200m_urban_df is not 230825."
[1] "2003:58:nrow:246332"
[1] "2003:59"
[1] "2003:59:The number of rows in all_predict_ens1_1km_all_df is not 540261."
[1] "2003:nrow is of 591869"
[1] "2002:105:The number of rows in all_predict_ens1_200m_urban_df is not 230825."
[1] "2002:105:nrow:246332"
[1] "2002:106"
[1] "2001:102:The number of rows in all_predict_ens1_200m_urban_df is not 230825."
[1] "2001:102:nrow:246332"
[1] "2001:103"
[1] "2002:106:The number of rows in all_predict_ens1_1km_all_df is not 540261."
[1] "2002:nrow is of 591869"
[1] "2001:103:The number of rows in all_predict_ens1_1km_all_df is not 540261."
[1] "2001:nrow is of 591869"
[1] "2003:59:The number of rows in all_predict_ens1_200m_urban_df is not 230825."
[1] "2003:59:nrow:246332"
[1] "2003:60"
[1] "2003:60:The number of rows in all_predict_ens1_1km_all_df is not 540261."
[1] "2003:nrow is of 591869"
[1] "2002:106:The number of rows in all_predict_ens1_200m_urban_df is not 230825."
[1] "2002:106:nrow:246332"
[1] "2002:107"
[1] "2002:107:The number of rows in all_predict_ens1_1km_all_df is not 540261."
[1] "2002:nrow is of 591869"
[1] "2001:103:The number of rows in all_predict_ens1_200m_urban_df is not 230825."
[1] "2001:103:nrow:246332"
[1] "2001:104"
[1] "2001:104:The number of rows in all_predict_ens1_1km_all_df is not 540261."
[1] "2001:nrow is of 591869"
[1] "2003:60:The number of rows in all_predict_ens1_200m_urban_df is not 230825."
[1] "2003:60:nrow:246332"
[1] "2003:61"
[1] "2003:61:The number of rows in all_predict_ens1_1km_all_df is not 540261."
[1] "2003:nrow is of 591869"
[1] "2002:107:The number of rows in all_predict_ens1_200m_urban_df is not 230825."
[1] "2002:107:nrow:246332"
[1] "2002:108"
[1] "2001:104:The number of rows in all_predict_ens1_200m_urban_df is not 230825."
[1] "2001:104:nrow:246332"
[1] "2001:105"
[1] "2002:108:The number of rows in all_predict_ens1_1km_all_df is not 540261."
[1] "2002:nrow is of 591869"
[1] "2001:105:The number of rows in all_predict_ens1_1km_all_df is not 540261."
[1] "2001:nrow is of 591869"
[1] "2003:61:The number of rows in all_predict_ens1_200m_urban_df is not 230825."
[1] "2003:61:nrow:246332"
[1] "2003:62"
[1] "2003:62:The number of rows in all_predict_ens1_1km_all_df is not 540261."
[1] "2003:nrow is of 591869"
[1] "2002:108:The number of rows in all_predict_ens1_200m_urban_df is not 230825."
[1] "2002:108:nrow:246332"
[1] "2002:109"
[1] "2001:105:The number of rows in all_predict_ens1_200m_urban_df is not 230825."
[1] "2001:105:nrow:246332"
[1] "2001:106"
[1] "2002:109:The number of rows in all_predict_ens1_1km_all_df is not 540261."
[1] "2002:nrow is of 591869"
[1] "2001:106:The number of rows in all_predict_ens1_1km_all_df is not 540261."
[1] "2001:nrow is of 591869"
[1] "2003:62:The number of rows in all_predict_ens1_200m_urban_df is not 230825."
[1] "2003:62:nrow:246332"
[1] "2003:63"
[1] "2003:63:The number of rows in all_predict_ens1_1km_all_df is not 540261."
[1] "2003:nrow is of 591869"
[1] "2002:109:The number of rows in all_predict_ens1_200m_urban_df is not 230825."
[1] "2002:109:nrow:246332"
[1] "2002:110"
[1] "2001:106:The number of rows in all_predict_ens1_200m_urban_df is not 230825."
[1] "2001:106:nrow:246332"
[1] "2001:107"[1] "2002:110:The number of rows in all_predict_ens1_1km_all_df is not 540261."
[1] "2002:nrow is of 591869"
[1] "2001:107:The number of rows in all_predict_ens1_1km_all_df is not 540261."
[1] "2001:nrow is of 591869"
[1] "2003:63:The number of rows in all_predict_ens1_200m_urban_df is not 230825."
[1] "2003:63:nrow:246332"
[1] "2003:64"
[1] "2003:64:The number of rows in all_predict_ens1_1km_all_df is not 540261."
[1] "2003:nrow is of 591869"
[1] "2002:110:The number of rows in all_predict_ens1_200m_urban_df is not 230825."
[1] "2002:110:nrow:246332"
[1] "2002:111"
[1] "2001:107:The number of rows in all_predict_ens1_200m_urban_df is not 230825."
[1] "2001:107:nrow:246332"
[1] "2001:108"
[1] "2002:111:The number of rows in all_predict_ens1_1km_all_df is not 540261."
[1] "2002:nrow is of 591869"
[1] "2001:108:The number of rows in all_predict_ens1_1km_all_df is not 540261."
[1] "2001:nrow is of 591869"
[1] "2003:64:The number of rows in all_predict_ens1_200m_urban_df is not 230825."
[1] "2003:64:nrow:246332"
[1] "2003:65"
[1] "2003:65:The number of rows in all_predict_ens1_1km_all_df is not 540261."
[1] "2003:nrow is of 591869"
[1] "2002:111:The number of rows in all_predict_ens1_200m_urban_df is not 230825."
[1] "2002:111:nrow:246332"
[1] "2002:112"
[1] "2002:112:The number of rows in all_predict_ens1_1km_all_df is not 540261."
[1] "2002:nrow is of 591869"
[1] "2001:108:The number of rows in all_predict_ens1_200m_urban_df is not 230825."
[1] "2001:108:nrow:246332"
[1] "2001:109"
[1] "2001:109:The number of rows in all_predict_ens1_1km_all_df is not 540261."
[1] "2001:nrow is of 591869"
[1] "2003:65:The number of rows in all_predict_ens1_200m_urban_df is not 230825."
[1] "2003:65:nrow:246332"
[1] "2003:66"
[1] "2003:66:The number of rows in all_predict_ens1_1km_all_df is not 540261."
[1] "2003:nrow is of 591869"
[1] "2002:112:The number of rows in all_predict_ens1_200m_urban_df is not 230825."
[1] "2002:112:nrow:246332"
[1] "2002:113"
[1] "2002:113:The number of rows in all_predict_ens1_1km_all_df is not 540261."
[1] "2002:nrow is of 591869"
[1] "2001:109:The number of rows in all_predict_ens1_200m_urban_df is not 230825."
[1] "2001:109:nrow:246332"
[1] "2001:110"
[1] "2001:110:The number of rows in all_predict_ens1_1km_all_df is not 540261."
[1] "2001:nrow is of 591869"
[1] "2003:66:The number of rows in all_predict_ens1_200m_urban_df is not 230825."
[1] "2003:66:nrow:246332"
[1] "2003:67"
[1] "2003:67:The number of rows in all_predict_ens1_1km_all_df is not 540261."
[1] "2003:nrow is of 591869"
[1] "2002:113:The number of rows in all_predict_ens1_200m_urban_df is not 230825."
[1] "2002:113:nrow:246332"
[1] "2002:114"
[1] "2002:114:The number of rows in all_predict_ens1_1km_all_df is not 540261."
[1] "2002:nrow is of 591869"
[1] "2001:110:The number of rows in all_predict_ens1_200m_urban_df is not 230825."
[1] "2001:110:nrow:246332"
[1] "2001:111"
[1] "2001:111:The number of rows in all_predict_ens1_1km_all_df is not 540261."
[1] "2001:nrow is of 591869"
[1] "2003:67:The number of rows in all_predict_ens1_200m_urban_df is not 230825."
[1] "2003:67:nrow:246332"
[1] "2003:68"
[1] "2003:68:The number of rows in all_predict_ens1_1km_all_df is not 540261."
[1] "2003:nrow is of 591869"
[1] "2002:114:The number of rows in all_predict_ens1_200m_urban_df is not 230825."
[1] "2002:114:nrow:246332"
[1] "2002:115"
[1] "2002:115:The number of rows in all_predict_ens1_1km_all_df is not 540261."
[1] "2002:nrow is of 591869"
[1] "2001:111:The number of rows in all_predict_ens1_200m_urban_df is not 230825."
[1] "2001:111:nrow:246332"
[1] "2001:112"
[1] "2001:112:The number of rows in all_predict_ens1_1km_all_df is not 540261."
[1] "2001:nrow is of 591869"
[1] "2003:68:The number of rows in all_predict_ens1_200m_urban_df is not 230825."
[1] "2003:68:nrow:246332"
[1] "2003:69"
[1] "2003:69:The number of rows in all_predict_ens1_1km_all_df is not 540261."
[1] "2003:nrow is of 591869"
[1] "2002:115:The number of rows in all_predict_ens1_200m_urban_df is not 230825."
[1] "2002:115:nrow:246332"
[1] "2002:116"
[1] "2002:116:The number of rows in all_predict_ens1_1km_all_df is not 540261."
[1] "2002:nrow is of 591869"
[1] "2001:112:The number of rows in all_predict_ens1_200m_urban_df is not 230825."
[1] "2001:112:nrow:246332"
[1] "2001:113"
[1] "2001:113:The number of rows in all_predict_ens1_1km_all_df is not 540261."
[1] "2001:nrow is of 591869"
[1] "2003:69:The number of rows in all_predict_ens1_200m_urban_df is not 230825."
[1] "2003:69:nrow:246332"
[1] "2003:70"
[1] "2003:70:The number of rows in all_predict_ens1_1km_all_df is not 540261."
[1] "2003:nrow is of 591869"
[1] "2002:116:The number of rows in all_predict_ens1_200m_urban_df is not 230825."
[1] "2002:116:nrow:246332"
[1] "2002:117"
[1] "2002:117:The number of rows in all_predict_ens1_1km_all_df is not 540261."
[1] "2002:nrow is of 591869"
[1] "2001:113:The number of rows in all_predict_ens1_200m_urban_df is not 230825."
[1] "2001:113:nrow:246332"
[1] "2001:114"
[1] "2001:114:The number of rows in all_predict_ens1_1km_all_df is not 540261."
[1] "2001:nrow is of 591869"
[1] "2003:70:The number of rows in all_predict_ens1_200m_urban_df is not 230825."
[1] "2003:70:nrow:246332"
[1] "2003:71"
[1] "2003:71:The number of rows in all_predict_ens1_1km_all_df is not 540261."
[1] "2003:nrow is of 591869"
[1] "2002:117:The number of rows in all_predict_ens1_200m_urban_df is not 230825."
[1] "2002:117:nrow:246332"
[1] "2002:118"
[1] "2002:118:The number of rows in all_predict_ens1_1km_all_df is not 540261."
[1] "2002:nrow is of 591869"
[1] "2001:114:The number of rows in all_predict_ens1_200m_urban_df is not 230825."
[1] "2001:114:nrow:246332"
[1] "2001:115"
[1] "2003:71:The number of rows in all_predict_ens1_200m_urban_df is not 230825."
[1] "2003:71:nrow:246332"
[1] "2003:72"
[1] "2001:115:The number of rows in all_predict_ens1_1km_all_df is not 540261."
[1] "2001:nrow is of 591869"
[1] "2003:72:The number of rows in all_predict_ens1_1km_all_df is not 540261."
[1] "2003:nrow is of 591869"
[1] "2002:118:The number of rows in all_predict_ens1_200m_urban_df is not 230825."
[1] "2002:118:nrow:246332"
[1] "2002:119"
[1] "2002:119:The number of rows in all_predict_ens1_1km_all_df is not 540261."
[1] "2002:nrow is of 591869"
[1] "2001:115:The number of rows in all_predict_ens1_200m_urban_df is not 230825."
[1] "2001:115:nrow:246332"
[1] "2001:116"
[1] "2003:72:The number of rows in all_predict_ens1_200m_urban_df is not 230825."
[1] "2003:72:nrow:246332"
[1] "2003:73"
[1] "2001:116:The number of rows in all_predict_ens1_1km_all_df is not 540261."
[1] "2001:nrow is of 591869"
[1] "2003:73:The number of rows in all_predict_ens1_1km_all_df is not 540261."
[1] "2003:nrow is of 591869"
[1] "2002:119:The number of rows in all_predict_ens1_200m_urban_df is not 230825."
[1] "2002:119:nrow:246332"
[1] "2002:120"
[1] "2001:116:The number of rows in all_predict_ens1_200m_urban_df is not 230825."
[1] "2001:116:nrow:246332"
[1] "2001:117"
[1] "2002:120:The number of rows in all_predict_ens1_1km_all_df is not 540261."
[1] "2002:nrow is of 591869"
[1] "2003:73:The number of rows in all_predict_ens1_200m_urban_df is not 230825."
[1] "2003:73:nrow:246332"
[1] "2003:74"
[1] "2001:117:The number of rows in all_predict_ens1_1km_all_df is not 540261."
[1] "2001:nrow is of 591869"
[1] "2003:74:The number of rows in all_predict_ens1_1km_all_df is not 540261."
[1] "2003:nrow is of 591869"
[1] "2002:120:The number of rows in all_predict_ens1_200m_urban_df is not 230825."
[1] "2002:120:nrow:246332"
[1] "2002:121"
[1] "2001:117:The number of rows in all_predict_ens1_200m_urban_df is not 230825."
[1] "2001:117:nrow:246332"
[1] "2001:118"
[1] "2002:121:The number of rows in all_predict_ens1_1km_all_df is not 540261."
[1] "2002:nrow is of 591869"
[1] "2003:74:The number of rows in all_predict_ens1_200m_urban_df is not 230825."
[1] "2003:74:nrow:246332"
[1] "2003:75"
[1] "2001:118:The number of rows in all_predict_ens1_1km_all_df is not 540261."
[1] "2001:nrow is of 591869"
[1] "2003:75:The number of rows in all_predict_ens1_1km_all_df is not 540261."
[1] "2003:nrow is of 591869"
[1] "2002:121:The number of rows in all_predict_ens1_200m_urban_df is not 230825."
[1] "2002:121:nrow:246332"
[1] "2002:122"
[1] "2002:122:The number of rows in all_predict_ens1_1km_all_df is not 540261."
[1] "2002:nrow is of 591869"
[1] "2001:118:The number of rows in all_predict_ens1_200m_urban_df is not 230825."
[1] "2001:118:nrow:246332"
[1] "2001:119"
[1] "2003:75:The number of rows in all_predict_ens1_200m_urban_df is not 230825."
[1] "2003:75:nrow:246332"
[1] "2003:76"
[1] "2001:119:The number of rows in all_predict_ens1_1km_all_df is not 540261."
[1] "2001:nrow is of 591869"
[1] "2003:76:The number of rows in all_predict_ens1_1km_all_df is not 540261."
[1] "2003:nrow is of 591869"
[1] "2002:122:The number of rows in all_predict_ens1_200m_urban_df is not 230825."
[1] "2002:122:nrow:246332"
[1] "2002:123"
[1] "2001:119:The number of rows in all_predict_ens1_200m_urban_df is not 230825."
[1] "2001:119:nrow:246332"
[1] "2001:120"
[1] "2002:123:The number of rows in all_predict_ens1_1km_all_df is not 540261."
[1] "2002:nrow is of 591869"
[1] "2003:76:The number of rows in all_predict_ens1_200m_urban_df is not 230825."
[1] "2003:76:nrow:246332"
[1] "2003:77"
[1] "2001:120:The number of rows in all_predict_ens1_1km_all_df is not 540261."
[1] "2001:nrow is of 591869"
[1] "2003:77:The number of rows in all_predict_ens1_1km_all_df is not 540261."
[1] "2003:nrow is of 591869"
[1] "2002:123:The number of rows in all_predict_ens1_200m_urban_df is not 230825."
[1] "2002:123:nrow:246332"
[1] "2002:124"
[1] "2003:77:The number of rows in all_predict_ens1_200m_urban_df is not 230825."
[1] "2003:77:nrow:246332"
[1] "2003:78"
[1] "2002:124:The number of rows in all_predict_ens1_1km_all_df is not 540261."
[1] "2002:nrow is of 591869"
[1] "2001:120:The number of rows in all_predict_ens1_200m_urban_df is not 230825."
[1] "2001:120:nrow:246332"
[1] "2001:121"
[1] "2003:78:The number of rows in all_predict_ens1_1km_all_df is not 540261."
[1] "2003:nrow is of 591869"
[1] "2001:121:The number of rows in all_predict_ens1_1km_all_df is not 540261."
[1] "2001:nrow is of 591869"
[1] "2002:124:The number of rows in all_predict_ens1_200m_urban_df is not 230825."
[1] "2002:124:nrow:246332"
[1] "2002:125"
[1] "2001:121:The number of rows in all_predict_ens1_200m_urban_df is not 230825."
[1] "2001:121:nrow:246332"
[1] "2001:122"
[1] "2003:78:The number of rows in all_predict_ens1_200m_urban_df is not 230825."
[1] "2003:78:nrow:246332"
[1] "2003:79"
[1] "2002:125:The number of rows in all_predict_ens1_1km_all_df is not 540261."
[1] "2002:nrow is of 591869"
[1] "2001:122:The number of rows in all_predict_ens1_1km_all_df is not 540261."
[1] "2001:nrow is of 591869"
[1] "2003:79:The number of rows in all_predict_ens1_1km_all_df is not 540261."
[1] "2003:nrow is of 591869"
[1] "2002:125:The number of rows in all_predict_ens1_200m_urban_df is not 230825."
[1] "2002:125:nrow:246332"
[1] "2002:126"
[1] "2003:79:The number of rows in all_predict_ens1_200m_urban_df is not 230825."
[1] "2003:79:nrow:246332"
[1] "2003:80"
[1] "2001:122:The number of rows in all_predict_ens1_200m_urban_df is not 230825."
[1] "2001:122:nrow:246332"
[1] "2001:123"
[1] "2002:126:The number of rows in all_predict_ens1_1km_all_df is not 540261."
[1] "2002:nrow is of 591869"
[1] "2003:80:The number of rows in all_predict_ens1_1km_all_df is not 540261."
[1] "2003:nrow is of 591869"
[1] "2001:123:The number of rows in all_predict_ens1_1km_all_df is not 540261."
[1] "2001:nrow is of 591869"
[1] "2002:126:The number of rows in all_predict_ens1_200m_urban_df is not 230825."
[1] "2002:126:nrow:246332"
[1] "2002:127"
[1] "2003:80:The number of rows in all_predict_ens1_200m_urban_df is not 230825."
[1] "2003:80:nrow:246332"
[1] "2003:81"
[1] "2002:127:The number of rows in all_predict_ens1_1km_all_df is not 540261."
[1] "2002:nrow is of 591869"
[1] "2001:123:The number of rows in all_predict_ens1_200m_urban_df is not 230825."
[1] "2001:123:nrow:246332"
[1] "2001:124"
[1] "2003:81:The number of rows in all_predict_ens1_1km_all_df is not 540261."
[1] "2003:nrow is of 591869"
[1] "2001:124:The number of rows in all_predict_ens1_1km_all_df is not 540261."
[1] "2001:nrow is of 591869"
[1] "2002:127:The number of rows in all_predict_ens1_200m_urban_df is not 230825."
[1] "2002:127:nrow:246332"
[1] "2002:128"
[1] "2003:81:The number of rows in all_predict_ens1_200m_urban_df is not 230825."
[1] "2003:81:nrow:246332"
[1] "2003:82"
[1] "2001:124:The number of rows in all_predict_ens1_200m_urban_df is not 230825."
[1] "2001:124:nrow:246332"
[1] "2001:125"
[1] "2003:82:The number of rows in all_predict_ens1_1km_all_df is not 540261."
[1] "2003:nrow is of 591869"
[1] "2002:128:The number of rows in all_predict_ens1_1km_all_df is not 540261."
[1] "2002:nrow is of 591869"
[1] "2001:125:The number of rows in all_predict_ens1_1km_all_df is not 540261."
[1] "2001:nrow is of 591869"
[1] "2003:82:The number of rows in all_predict_ens1_200m_urban_df is not 230825."
[1] "2003:82:nrow:246332"
[1] "2003:83"
[1] "2002:128:The number of rows in all_predict_ens1_200m_urban_df is not 230825."
[1] "2002:128:nrow:246332"
[1] "2002:129"
[1] "2001:125:The number of rows in all_predict_ens1_200m_urban_df is not 230825."
[1] "2001:125:nrow:246332"
[1] "2001:126"
[1] "2003:83:The number of rows in all_predict_ens1_1km_all_df is not 540261."
[1] "2003:nrow is of 591869"
[1] "2002:129:The number of rows in all_predict_ens1_1km_all_df is not 540261."
[1] "2002:nrow is of 591869"
[1] "2001:126:The number of rows in all_predict_ens1_1km_all_df is not 540261."
[1] "2001:nrow is of 591869"
[1] "2003:83:The number of rows in all_predict_ens1_200m_urban_df is not 230825."
[1] "2003:83:nrow:246332"
[1] "2003:84"
[1] "2002:129:The number of rows in all_predict_ens1_200m_urban_df is not 230825."
[1] "2002:129:nrow:246332"
[1] "2002:130"
[1] "2003:84:The number of rows in all_predict_ens1_1km_all_df is not 540261."
[1] "2003:nrow is of 591869"
[1] "2002:130:The number of rows in all_predict_ens1_1km_all_df is not 540261."
[1] "2002:nrow is of 591869"
[1] "2003:84:The number of rows in all_predict_ens1_200m_urban_df is not 230825."
[1] "2003:84:nrow:246332"
[1] "2003:85"
[1] "2003:85:The number of rows in all_predict_ens1_1km_all_df is not 540261."
[1] "2003:nrow is of 591869"
[1] "2002:130:The number of rows in all_predict_ens1_200m_urban_df is not 230825."
[1] "2002:130:nrow:246332"
[1] "2002:131"
[1] "2002:131:The number of rows in all_predict_ens1_1km_all_df is not 540261."
[1] "2002:nrow is of 591869"
[1] "2003:85:The number of rows in all_predict_ens1_200m_urban_df is not 230825."
[1] "2003:85:nrow:246332"
[1] "2003:86"
[1] "2003:86:The number of rows in all_predict_ens1_1km_all_df is not 540261."
[1] "2003:nrow is of 591869"
[1] "2002:131:The number of rows in all_predict_ens1_200m_urban_df is not 230825."
[1] "2002:131:nrow:246332"
[1] "2002:132"
[1] "2002:132:The number of rows in all_predict_ens1_1km_all_df is not 540261."
[1] "2002:nrow is of 591869"
[1] "2003:86:The number of rows in all_predict_ens1_200m_urban_df is not 230825."
[1] "2003:86:nrow:246332"
[1] "2003:87"
[1] "2003:87:The number of rows in all_predict_ens1_1km_all_df is not 540261."
[1] "2003:nrow is of 591869"
[1] "2002:132:The number of rows in all_predict_ens1_200m_urban_df is not 230825."
[1] "2002:132:nrow:246332"
[1] "2002:133"
[1] "2002:133:The number of rows in all_predict_ens1_1km_all_df is not 540261."
[1] "2002:nrow is of 591869"
[1] "2003:87:The number of rows in all_predict_ens1_200m_urban_df is not 230825."
[1] "2003:87:nrow:246332"
[1] "2003:88"
[1] "2003:88:The number of rows in all_predict_ens1_1km_all_df is not 540261."
[1] "2003:nrow is of 591869"
[1] "2002:133:The number of rows in all_predict_ens1_200m_urban_df is not 230825."
[1] "2002:133:nrow:246332"
[1] "2002:134"
[1] "2002:134:The number of rows in all_predict_ens1_1km_all_df is not 540261."
[1] "2002:nrow is of 591869"
[1] "2001:126:The number of rows in all_predict_ens1_200m_urban_df is not 230825."
[1] "2001:126:nrow:246332"
[1] "2001:127"
[1] "2001:127:The number of rows in all_predict_ens1_1km_all_df is not 540261."
[1] "2001:nrow is of 591869"
[1] "2003:88:The number of rows in all_predict_ens1_200m_urban_df is not 230825."
[1] "2003:88:nrow:246332"
[1] "2003:89"
[1] "2003:89:The number of rows in all_predict_ens1_1km_all_df is not 540261."
[1] "2003:nrow is of 591869"
[1] "2002:134:The number of rows in all_predict_ens1_200m_urban_df is not 230825."
[1] "2002:134:nrow:246332"
[1] "2002:135"
[1] "2002:135:The number of rows in all_predict_ens1_1km_all_df is not 540261."
[1] "2002:nrow is of 591869"
[1] "2001:127:The number of rows in all_predict_ens1_200m_urban_df is not 230825."
[1] "2001:127:nrow:246332"
[1] "2001:128"
[1] "2001:128:The number of rows in all_predict_ens1_1km_all_df is not 540261."
[1] "2001:nrow is of 591869"
[1] "2003:89:The number of rows in all_predict_ens1_200m_urban_df is not 230825."
[1] "2003:89:nrow:246332"
[1] "2003:90"
[1][1]002:135:The number of rows in all_predict_ens1_200m_urban_df is not 230825." "2003:90:The number of rows in all_predict_ens1_1km_all_df is not 540261."
1][1]002:135:nrow:246332" "2003:nrow is of 591869"
[1] "2002:136"
[1] "2002:136:The number of rows in all_predict_ens1_1km_all_df is not 540261."
[1] "2002:nrow is of 591869"
[1] "2001:128:The number of rows in all_predict_ens1_200m_urban_df is not 230825."
[1] "2001:128:nrow:246332"
[1] "2001:129"
[1] "2001:129:The number of rows in all_predict_ens1_1km_all_df is not 540261."
[1] "2001:nrow is of 591869"
[1] "2003:90:The number of rows in all_predict_ens1_200m_urban_df is not 230825."
[1] "2003:90:nrow:246332"
[1] "2003:91"
[1] "2002:136:The number of rows in all_predict_ens1_200m_urban_df is not 230825."
[1] "2002:136:nrow:246332"
[1] "2002:137"
[1] "2003:91:The number of rows in all_predict_ens1_1km_all_df is not 540261."
[1] "2003:nrow is of 591869"
[1] "2002:137:The number of rows in all_predict_ens1_1km_all_df is not 540261."
[1] "2002:nrow is of 591869"
[1] "2001:129:The number of rows in all_predict_ens1_200m_urban_df is not 230825."
[1] "2001:129:nrow:246332"
[1] "2001:130"
[1] "2001:130:The number of rows in all_predict_ens1_1km_all_df is not 540261."
[1] "2001:nrow is of 591869"
[1] "2003:91:The number of rows in all_predict_ens1_200m_urban_df is not 230825."
[1] "2003:91:nrow:246332"
[1] "2003:92"
[1] "2003:92:The number of rows in all_predict_ens1_1km_all_df is not 540261."
[1] "2003:nrow is of 591869"
[1] "2002:137:The number of rows in all_predict_ens1_200m_urban_df is not 230825."
[1] "2002:137:nrow:246332"
[1] "2002:138"
[1] "2002:138:The number of rows in all_predict_ens1_1km_all_df is not 540261."
[1] "2002:nrow is of 591869"
[1] "2001:130:The number of rows in all_predict_ens1_200m_urban_df is not 230825."
[1] "2001:130:nrow:246332"
[1] "2001:131"
[1] "2001:131:The number of rows in all_predict_ens1_1km_all_df is not 540261."
[1] "2001:nrow is of 591869"
[1] "2002:138:The number of rows in all_predict_ens1_200m_urban_df is not 230825."
[1] "2002:138:nrow:246332"
[1] "2002:139"
[1] "2002:139:The number of rows in all_predict_ens1_1km_all_df is not 540261."
[1] "2002:nrow is of 591869"
[1] "2001:131:The number of rows in all_predict_ens1_200m_urban_df is not 230825."
[1] "2001:131:nrow:246332"
[1] "2001:132"
[1] "2001:132:The number of rows in all_predict_ens1_1km_all_df is not 540261."
[1] "2001:nrow is of 591869"
[1] "2002:139:The number of rows in all_predict_ens1_200m_urban_df is not 230825."
[1] "2002:139:nrow:246332"
[1] "2002:140"
[1] "2002:140:The number of rows in all_predict_ens1_1km_all_df is not 540261."
[1] "2002:nrow is of 591869"
[1] "2001:132:The number of rows in all_predict_ens1_200m_urban_df is not 230825."
[1] "2001:132:nrow:246332"
[1] "2001:133"
[1] "2001:133:The number of rows in all_predict_ens1_1km_all_df is not 540261."
[1] "2001:nrow is of 591869"
[1] "2002:140:The number of rows in all_predict_ens1_200m_urban_df is not 230825."
[1] "2002:140:nrow:246332"
[1] "2002:141"
[1] "2002:141:The number of rows in all_predict_ens1_1km_all_df is not 540261."
[1] "2002:nrow is of 591869"
[1] "2001:133:The number of rows in all_predict_ens1_200m_urban_df is not 230825."
[1] "2001:133:nrow:246332"
[1] "2001:134"
[1] "2001:134:The number of rows in all_predict_ens1_1km_all_df is not 540261."
[1] "2001:nrow is of 591869"
[1] "2002:141:The number of rows in all_predict_ens1_200m_urban_df is not 230825."
[1] "2002:141:nrow:246332"
[1] "2002:142"
[1] "2002:142:The number of rows in all_predict_ens1_1km_all_df is not 540261."
[1] "2002:nrow is of 591869"
[1] "2001:134:The number of rows in all_predict_ens1_200m_urban_df is not 230825."
[1] "2001:134:nrow:246332"
[1] "2001:135"
[1] "2001:135:The number of rows in all_predict_ens1_1km_all_df is not 540261."
[1] "2001:nrow is of 591869"
[1] "2002:142:The number of rows in all_predict_ens1_200m_urban_df is not 230825."
[1] "2002:142:nrow:246332"
[1] "2002:143"
[1] "2003:92:The number of rows in all_predict_ens1_200m_urban_df is not 230825."
[1] "2003:92:nrow:246332"
[1] "2003:93"
[1] "2002:143:The number of rows in all_predict_ens1_1km_all_df is not 540261."
[1] "2002:nrow is of 591869"
[1] "2003:93:The number of rows in all_predict_ens1_1km_all_df is not 540261."
[1] "2003:nrow is of 591869"
[1] "2001:135:The number of rows in all_predict_ens1_200m_urban_df is not 230825."
[1] "2001:135:nrow:246332"
[1] "2001:136"
[1] "2001:136:The number of rows in all_predict_ens1_1km_all_df is not 540261."
[1] "2001:nrow is of 591869"
[1] "2002:143:The number of rows in all_predict_ens1_200m_urban_df is not 230825."
[1] "2002:143:nrow:246332"
[1] "2002:144"
[1] "2003:93:The number of rows in all_predict_ens1_200m_urban_df is not 230825."
[1] "2003:93:nrow:246332"
[1] "2003:94"
[1] "2002:144:The number of rows in all_predict_ens1_1km_all_df is not 540261."
[1] "2002:nrow is of 591869"
[1] "2003:94:The number of rows in all_predict_ens1_1km_all_df is not 540261."
[1] "2003:nrow is of 591869"
[1] "2001:136:The number of rows in all_predict_ens1_200m_urban_df is not 230825."
[1] "2001:136:nrow:246332"
[1] "2001:137"
[1] "2002:144:The number of rows in all_predict_ens1_200m_urban_df is not 230825."
[1] "2002:144:nrow:246332"
[1] "2002:145"
[1] "2001:137:The number of rows in all_predict_ens1_1km_all_df is not 540261."
[1] "2001:nrow is of 591869"
[1] "2002:145:The number of rows in all_predict_ens1_1km_all_df is not 540261."
[1] "2002:nrow is of 591869"
[1] "2003:94:The number of rows in all_predict_ens1_200m_urban_df is not 230825."
[1] "2003:94:nrow:246332"
[1] "2003:95"
[1] "2003:95:The number of rows in all_predict_ens1_1km_all_df is not 540261."
[1] "2003:nrow is of 591869"
[1] "2001:137:The number of rows in all_predict_ens1_200m_urban_df is not 230825."
[1] "2001:137:nrow:246332"
[1] "2001:138"
[1] "2002:145:The number of rows in all_predict_ens1_200m_urban_df is not 230825."
[1] "2002:145:nrow:246332"
[1] "2002:146"
[1] "2001:138:The number of rows in all_predict_ens1_1km_all_df is not 540261."
[1] "2001:nrow is of 591869"
[1] "2002:146:The number of rows in all_predict_ens1_1km_all_df is not 540261."
[1] "2002:nrow is of 591869"
[1] "2003:95:The number of rows in all_predict_ens1_200m_urban_df is not 230825."
[1] "2003:95:nrow:246332"
[1] "2003:96"
[1] "2003:96:The number of rows in all_predict_ens1_1km_all_df is not 540261."
[1] "2003:nrow is of 591869"
[1] "2002:146:The number of rows in all_predict_ens1_200m_urban_df is not 230825."
[1] "2002:146:nrow:246332"
[1] "2002:147"
[1] "2001:138:The number of rows in all_predict_ens1_200m_urban_df is not 230825."
[1] "2001:138:nrow:246332"
[1] "2001:139"
[1] "2002:147:The number of rows in all_predict_ens1_1km_all_df is not 540261."
[1] "2002:nrow is of 591869"
[1] "2001:139:The number of rows in all_predict_ens1_1km_all_df is not 540261."
[1] "2001:nrow is of 591869"
[1] "2003:96:The number of rows in all_predict_ens1_200m_urban_df is not 230825."
[1] "2003:96:nrow:246332"
[1] "2003:97"
[1] "2003:97:The number of rows in all_predict_ens1_1km_all_df is not 540261."
[1] "2003:nrow is of 591869"
[1] "2001:139:The number of rows in all_predict_ens1_200m_urban_df is not 230825."
[1] "2001:139:nrow:246332"
[1] "2001:140"
[1] "2002:147:The number of rows in all_predict_ens1_200m_urban_df is not 230825."
[1] "2002:147:nrow:246332"
[1] "2002:148"
[1] "2001:140:The number of rows in all_predict_ens1_1km_all_df is not 540261."
[1] "2001:nrow is of 591869"
[1] "2002:148:The number of rows in all_predict_ens1_1km_all_df is not 540261."
[1] "2002:nrow is of 591869"
[1] "2003:97:The number of rows in all_predict_ens1_200m_urban_df is not 230825."
[1] "2003:97:nrow:246332"
[1] "2003:98"
[1] "2003:98:The number of rows in all_predict_ens1_1km_all_df is not 540261."
[1] "2003:nrow is of 591869"
[1] "2001:140:The number of rows in all_predict_ens1_200m_urban_df is not 230825."
[1] "2001:140:nrow:246332"
[1] "2001:141"
[1] "2002:148:The number of rows in all_predict_ens1_200m_urban_df is not 230825."
[1] "2002:148:nrow:246332"
[1] "2002:149"
[1] "2003:98:The number of rows in all_predict_ens1_200m_urban_df is not 230825."
[1] "2003:98:nrow:246332"
[1] "2003:99"
[1] "2002:149:The number of rows in all_predict_ens1_1km_all_df is not 540261."
[1] "2002:nrow is of 591869"
[1] "2001:141:The number of rows in all_predict_ens1_1km_all_df is not 540261."
[1] "2001:nrow is of 591869"
[1] "2003:99:The number of rows in all_predict_ens1_1km_all_df is not 540261."
[1] "2003:nrow is of 591869"
[1] "2002:149:The number of rows in all_predict_ens1_200m_urban_df is not 230825."
[1] "2002:149:nrow:246332"
[1] "2002:150"
[1] "2001:141:The number of rows in all_predict_ens1_200m_urban_df is not 230825."
[1] "2001:141:nrow:246332"
[1] "2001:142"
[1] "2002:150:The number of rows in all_predict_ens1_1km_all_df is not 540261."
[1] "2002:nrow is of 591869"
[1] "2003:99:The number of rows in all_predict_ens1_200m_urban_df is not 230825."
[1] "2003:99:nrow:246332"
[1] "2003:100"
[1] "2001:142:The number of rows in all_predict_ens1_1km_all_df is not 540261."
[1] "2001:nrow is of 591869"
[1] "2003:100:The number of rows in all_predict_ens1_1km_all_df is not 540261."
[1] "2003:nrow is of 591869"
[1] "2001:142:The number of rows in all_predict_ens1_200m_urban_df is not 230825."
[1] "2001:142:nrow:246332"
[1] "2001:143"
[1] "2002:150:The number of rows in all_predict_ens1_200m_urban_df is not 230825."
[1] "2002:150:nrow:246332"
[1] "2002:151"
[1] "2003:100:The number of rows in all_predict_ens1_200m_urban_df is not 230825."
[1] "2003:100:nrow:246332"
[1] "2003:101"
[1] "2001:143:The number of rows in all_predict_ens1_1km_all_df is not 540261."
[1] "2001:nrow is of 591869"
[1] "2002:151:The number of rows in all_predict_ens1_1km_all_df is not 540261."
[1] "2002:nrow is of 591869"
[1] "2003:101:The number of rows in all_predict_ens1_1km_all_df is not 540261."
[1] "2003:nrow is of 591869"
[1] "2002:151:The number of rows in all_predict_ens1_200m_urban_df is not 230825."
[1] "2002:151:nrow:246332"
[1] "2002:152"
[1] "2003:101:The number of rows in all_predict_ens1_200m_urban_df is not 230825."
[1] "2003:101:nrow:246332"
[1] "2003:102"
[1] "2001:143:The number of rows in all_predict_ens1_200m_urban_df is not 230825."
[1] "2001:143:nrow:246332"
[1] "2001:144"
[1] "2002:152:The number of rows in all_predict_ens1_1km_all_df is not 540261."
[1] "2002:nrow is of 591869"
[1] "2001:144:The number of rows in all_predict_ens1_1km_all_df is not 540261."
[1] "2001:nrow is of 591869"
[1] "2003:102:The number of rows in all_predict_ens1_1km_all_df is not 540261."
[1] "2003:nrow is of 591869"
[1] "2002:152:The number of rows in all_predict_ens1_200m_urban_df is not 230825."
[1] "2002:152:nrow:246332"
[1] "2002:153"
[1] "2001:144:The number of rows in all_predict_ens1_200m_urban_df is not 230825."
[1] "2001:144:nrow:246332"
[1] "2001:145"
[1] "2003:102:The number of rows in all_predict_ens1_200m_urban_df is not 230825."
[1] "2003:102:nrow:246332"
[1] "2003:103"
[1] "2001:145:The number of rows in all_predict_ens1_1km_all_df is not 540261."
[1] "2001:nrow is of 591869"
[1] "2003:103:The number of rows in all_predict_ens1_1km_all_df is not 540261."
[1] "2003:nrow is of 591869"
[1] "2002:153:The number of rows in all_predict_ens1_1km_all_df is not 540261."
[1] "2002:nrow is of 591869"
[1] "2003:103:The number of rows in all_predict_ens1_200m_urban_df is not 230825."
[1] "2003:103:nrow:246332"
[1] "2003:104"
[1] "2001:145:The number of rows in all_predict_ens1_200m_urban_df is not 230825."
[1] "2001:145:nrow:246332"
[1] "2001:146"
[1] "2002:153:The number of rows in all_predict_ens1_200m_urban_df is not 230825."
[1] "2002:153:nrow:246332"
[1] "2002:154"
[1] "2003:104:The number of rows in all_predict_ens1_1km_all_df is not 540261."
[1] "2003:nrow is of 591869"
[1] "2001:146:The number of rows in all_predict_ens1_1km_all_df is not 540261."
[1] "2001:nrow is of 591869"
[1] "2002:154:The number of rows in all_predict_ens1_1km_all_df is not 540261."
[1] "2002:nrow is of 591869"
[1] "2003:104:The number of rows in all_predict_ens1_200m_urban_df is not 230825."
[1] "2003:104:nrow:246332"
[1] "2003:105"
[1] "2002:154:The number of rows in all_predict_ens1_200m_urban_df is not 230825."
[1] "2002:154:nrow:246332"
[1] "2002:155"
[1] "2001:146:The number of rows in all_predict_ens1_200m_urban_df is not 230825."
[1] "2001:146:nrow:246332"
[1] "2001:147"
[1] "2003:105:The number of rows in all_predict_ens1_1km_all_df is not 540261."
[1] "2003:nrow is of 591869"
[1] "2002:155:The number of rows in all_predict_ens1_1km_all_df is not 540261."
[1] "2002:nrow is of 591869"
[1] "2001:147:The number of rows in all_predict_ens1_1km_all_df is not 540261."
[1] "2001:nrow is of 591869"
[1] "2003:105:The number of rows in all_predict_ens1_200m_urban_df is not 230825."
[1] "2003:105:nrow:246332"
[1] "2003:106"
[1] "2003:106:The number of rows in all_predict_ens1_1km_all_df is not 540261."
[1] "2003:nrow is of 591869"
[1] "2001:147:The number of rows in all_predict_ens1_200m_urban_df is not 230825."
[1] "2001:147:nrow:246332"
[1] "2001:148"
[1] "2002:155:The number of rows in all_predict_ens1_200m_urban_df is not 230825."
[1] "2002:155:nrow:246332"
[1] "2002:156"
[1] "2001:148:The number of rows in all_predict_ens1_1km_all_df is not 540261."
[1] "2001:nrow is of 591869"
[1] "2002:156:The number of rows in all_predict_ens1_1km_all_df is not 540261."
[1] "2002:nrow is of 591869"
[1] "2003:106:The number of rows in all_predict_ens1_200m_urban_df is not 230825."
[1] "2003:106:nrow:246332"
[1] "2003:107"
[1] "2003:107:The number of rows in all_predict_ens1_1km_all_df is not 540261."
[1] "2003:nrow is of 591869"
[1] "2001:148:The number of rows in all_predict_ens1_200m_urban_df is not 230825."
[1] "2001:148:nrow:246332"
[1] "2001:149"
[1] "2002:156:The number of rows in all_predict_ens1_200m_urban_df is not 230825."
[1] "2002:156:nrow:246332"
[1] "2002:157"
[1] "2001:149:The number of rows in all_predict_ens1_1km_all_df is not 540261."
[1] "2001:nrow is of 591869"
[1] "2002:157:The number of rows in all_predict_ens1_1km_all_df is not 540261."
[1] "2002:nrow is of 591869"
[1] "2003:107:The number of rows in all_predict_ens1_200m_urban_df is not 230825."
[1] "2003:107:nrow:246332"
[1] "2003:108"
[1] "2003:108:The number of rows in all_predict_ens1_1km_all_df is not 540261."
[1] "2003:nrow is of 591869"
[1] "2001:149:The number of rows in all_predict_ens1_200m_urban_df is not 230825."
[1] "2001:149:nrow:246332"
[1] "2001:150"
[1] "2001:150:The number of rows in all_predict_ens1_1km_all_df is not 540261."
[1] "2001:nrow is of 591869"
[1] "2003:108:The number of rows in all_predict_ens1_200m_urban_df is not 230825."
[1] "2003:108:nrow:246332"
[1] "2003:109"
[1] "2003:109:The number of rows in all_predict_ens1_1km_all_df is not 540261."
[1] "2003:nrow is of 591869"
[1] "2001:150:The number of rows in all_predict_ens1_200m_urban_df is not 230825."
[1] "2001:150:nrow:246332"
[1] "2001:151"
[1] "2001:151:The number of rows in all_predict_ens1_1km_all_df is not 540261."
[1] "2001:nrow is of 591869"
[1] "2003:109:The number of rows in all_predict_ens1_200m_urban_df is not 230825."
[1] "2003:109:nrow:246332"
[1] "2003:110"
[1] "2003:110:The number of rows in all_predict_ens1_1km_all_df is not 540261."
[1] "2003:nrow is of 591869"
[1] "2001:151:The number of rows in all_predict_ens1_200m_urban_df is not 230825."
[1] "2001:151:nrow:246332"
[1] "2001:152"
[1] "2001:152:The number of rows in all_predict_ens1_1km_all_df is not 540261."
[1] "2001:nrow is of 591869"
[1] "2003:110:The number of rows in all_predict_ens1_200m_urban_df is not 230825."
[1] "2003:110:nrow:246332"
[1] "2003:111"
[1] "2003:111:The number of rows in all_predict_ens1_1km_all_df is not 540261."
[1] "2003:nrow is of 591869"
[1] "2001:152:The number of rows in all_predict_ens1_200m_urban_df is not 230825."
[1] "2001:152:nrow:246332"
[1] "2001:153"
[1] "2001:153:The number of rows in all_predict_ens1_1km_all_df is not 540261."
[1] "2001:nrow is of 591869"
[1] "2003:111:The number of rows in all_predict_ens1_200m_urban_df is not 230825."
[1] "2003:111:nrow:246332"
[1] "2003:112"
[1] "2003:112:The number of rows in all_predict_ens1_1km_all_df is not 540261."
[1] "2003:nrow is of 591869"
[1] "2001:153:The number of rows in all_predict_ens1_200m_urban_df is not 230825."
[1] "2001:153:nrow:246332"
[1] "2001:154"
[1] "2002:157:The number of rows in all_predict_ens1_200m_urban_df is not 230825."
[1] "2002:157:nrow:246332"
[1] "2002:158"
[1] "2001:154:The number of rows in all_predict_ens1_1km_all_df is not 540261."
[1] "2001:nrow is of 591869"
[1] "2002:158:The number of rows in all_predict_ens1_1km_all_df is not 540261."
[1] "2002:nrow is of 591869"
[1] "2003:112:The number of rows in all_predict_ens1_200m_urban_df is not 230825."
[1] "2003:112:nrow:246332"
[1] "2003:113"
[1] "2003:113:The number of rows in all_predict_ens1_1km_all_df is not 540261."
[1] "2003:nrow is of 591869"
[1] "2001:154:The number of rows in all_predict_ens1_200m_urban_df is not 230825."
[1] "2001:154:nrow:246332"
[1] "2001:155"
[1] "2002:158:The number of rows in all_predict_ens1_200m_urban_df is not 230825."
[1] "2002:158:nrow:246332"
[1] "2002:159"
[1] "2001:155:The number of rows in all_predict_ens1_1km_all_df is not 540261."
[1] "2001:nrow is of 591869"
[1] "2002:159:The number of rows in all_predict_ens1_1km_all_df is not 540261."
[1] "2002:nrow is of 591869"
[1] "2003:113:The number of rows in all_predict_ens1_200m_urban_df is not 230825."
[1] "2003:113:nrow:246332"
[1] "2003:114"
[1] "2003:114:The number of rows in all_predict_ens1_1km_all_df is not 540261."
[1] "2003:nrow is of 591869"
[1] "2001:155:The number of rows in all_predict_ens1_200m_urban_df is not 230825."
[1] "2001:155:nrow:246332"
[1] "2001:156"
[1] "2002:159:The number of rows in all_predict_ens1_200m_urban_df is not 230825."
[1] "2002:159:nrow:246332"
[1] "2002:160"
[1] "2001:156:The number of rows in all_predict_ens1_1km_all_df is not 540261."
[1] "2001:nrow is of 591869"
[1] "2002:160:The number of rows in all_predict_ens1_1km_all_df is not 540261."
[1] "2002:nrow is of 591869"
[1] "2003:114:The number of rows in all_predict_ens1_200m_urban_df is not 230825."
[1] "2003:114:nrow:246332"
[1] "2003:115"
[1] "2003:115:The number of rows in all_predict_ens1_1km_all_df is not 540261."
[1] "2003:nrow is of 591869"
[1] "2001:156:The number of rows in all_predict_ens1_200m_urban_df is not 230825."
[1] "2001:156:nrow:246332"
[1] "2001:157"
[1] "2002:160:The number of rows in all_predict_ens1_200m_urban_df is not 230825."
[1] "2002:160:nrow:246332"
[1] "2002:161"
[1] "2001:157:The number of rows in all_predict_ens1_1km_all_df is not 540261."
[1] "2001:nrow is of 591869"
[1] "2002:161:The number of rows in all_predict_ens1_1km_all_df is not 540261."
[1] "2002:nrow is of 591869"
[1] "2003:115:The number of rows in all_predict_ens1_200m_urban_df is not 230825."
[1] "2003:115:nrow:246332"
[1] "2003:116"
[1] "2003:116:The number of rows in all_predict_ens1_1km_all_df is not 540261."
[1] "2003:nrow is of 591869"
[1] "2001:157:The number of rows in all_predict_ens1_200m_urban_df is not 230825."
[1] "2001:157:nrow:246332"
[1] "2001:158"
[1] "2001:158:The number of rows in all_predict_ens1_1km_all_df is not 540261."
[1] "2001:nrow is of 591869"
[1] "2002:161:The number of rows in all_predict_ens1_200m_urban_df is not 230825."
[1] "2002:161:nrow:246332"
[1] "2002:162"
[1] "2002:162:The number of rows in all_predict_ens1_1km_all_df is not 540261."
[1] "2002:nrow is of 591869"
[1] "2003:116:The number of rows in all_predict_ens1_200m_urban_df is not 230825."
[1] "2003:116:nrow:246332"
[1] "2003:117"
[1] "2003:117:The number of rows in all_predict_ens1_1km_all_df is not 540261."
[1] "2003:nrow is of 591869"
[1] "2001:158:The number of rows in all_predict_ens1_200m_urban_df is not 230825."
[1] "2001:158:nrow:246332"
[1] "2001:159"
[1] "2001:159:The number of rows in all_predict_ens1_1km_all_df is not 540261."
[1] "2001:nrow is of 591869"
[1] "2002:162:The number of rows in all_predict_ens1_200m_urban_df is not 230825."
[1] "2002:162:nrow:246332"
[1] "2002:163"
[1] "2002:163:The number of rows in all_predict_ens1_1km_all_df is not 540261."
[1] "2002:nrow is of 591869"
[1] "2003:117:The number of rows in all_predict_ens1_200m_urban_df is not 230825."
[1] "2003:117:nrow:246332"
[1] "2003:118"
[1] "2003:118:The number of rows in all_predict_ens1_1km_all_df is not 540261."
[1] "2003:nrow is of 591869"
[1] "2001:159:The number of rows in all_predict_ens1_200m_urban_df is not 230825."
[1] "2001:159:nrow:246332"
[1] "2001:160"
[1] "2002:163:The number of rows in all_predict_ens1_200m_urban_df is not 230825."
[1] "2002:163:nrow:246332"
[1] "2002:164"
[1] "2001:160:The number of rows in all_predict_ens1_1km_all_df is not 540261."
[1] "2001:nrow is of 591869"
[1] "2002:164:The number of rows in all_predict_ens1_1km_all_df is not 540261."
[1] "2002:nrow is of 591869"
[1] "2003:118:The number of rows in all_predict_ens1_200m_urban_df is not 230825."
[1] "2003:118:nrow:246332"
[1] "2003:119"
[1] "2003:119:The number of rows in all_predict_ens1_1km_all_df is not 540261."
[1] "2003:nrow is of 591869"
[1] "2001:160:The number of rows in all_predict_ens1_200m_urban_df is not 230825."
[1] "2001:160:nrow:246332"
[1] "2001:161"
[1] "2001:161:The number of rows in all_predict_ens1_1km_all_df is not 540261."
[1] "2001:nrow is of 591869"
[1] "2002:164:The number of rows in all_predict_ens1_200m_urban_df is not 230825."
[1] "2002:164:nrow:246332"
[1] "2002:165"
[1] "2002:165:The number of rows in all_predict_ens1_1km_all_df is not 540261."
[1] "2002:nrow is of 591869"
[1] "2003:119:The number of rows in all_predict_ens1_200m_urban_df is not 230825."
[1] "2003:119:nrow:246332"
[1] "2003:120"
[1] "2003:120:The number of rows in all_predict_ens1_1km_all_df is not 540261."
[1] "2003:nrow is of 591869"
[1] "2001:161:The number of rows in all_predict_ens1_200m_urban_df is not 230825."
[1] "2001:161:nrow:246332"
[1] "2001:162"
[1] "2001:162:The number of rows in all_predict_ens1_1km_all_df is not 540261."
[1] "2001:nrow is of 591869"
[1] "2002:165:The number of rows in all_predict_ens1_200m_urban_df is not 230825."
[1] "2002:165:nrow:246332"
[1] "2002:166"
[1] "2002:166:The number of rows in all_predict_ens1_1km_all_df is not 540261."
[1] "2002:nrow is of 591869"
[1] "2003:120:The number of rows in all_predict_ens1_200m_urban_df is not 230825."
[1] "2003:120:nrow:246332"
[1] "2003:121"
[1] "2003:121:The number of rows in all_predict_ens1_1km_all_df is not 540261."
[1] "2003:nrow is of 591869"
[1] "2001:162:The number of rows in all_predict_ens1_200m_urban_df is not 230825."
[1] "2001:162:nrow:246332"
[1] "2001:163"
[1] "2002:166:The number of rows in all_predict_ens1_200m_urban_df is not 230825."
[1] "2002:166:nrow:246332"
[1] "2002:167"
[1] "2001:163:The number of rows in all_predict_ens1_1km_all_df is not 540261."
[1] "2001:nrow is of 591869"
[1] "2002:167:The number of rows in all_predict_ens1_1km_all_df is not 540261."
[1] "2002:nrow is of 591869"
[1] "2003:121:The number of rows in all_predict_ens1_200m_urban_df is not 230825."
[1] "2003:121:nrow:246332"
[1] "2003:122"
[1] "2003:122:The number of rows in all_predict_ens1_1km_all_df is not 540261."
[1] "2003:nrow is of 591869"
[1] "2001:163:The number of rows in all_predict_ens1_200m_urban_df is not 230825."
[1] "2001:163:nrow:246332"
[1] "2001:164"
[1] "2001:164:The number of rows in all_predict_ens1_1km_all_df is not 540261."
[1] "2001:nrow is of 591869"
[1] "2002:167:The number of rows in all_predict_ens1_200m_urban_df is not 230825."
[1] "2002:167:nrow:246332"
[1] "2002:168"
[1] "2002:168:The number of rows in all_predict_ens1_1km_all_df is not 540261."
[1] "2002:nrow is of 591869"
[1] "2003:122:The number of rows in all_predict_ens1_200m_urban_df is not 230825."
[1] "2003:122:nrow:246332"
[1] "2003:123"
[1] "2003:123:The number of rows in all_predict_ens1_1km_all_df is not 540261."
[1] "2003:nrow is of 591869"
[1] "2001:164:The number of rows in all_predict_ens1_200m_urban_df is not 230825."
[1] "2001:164:nrow:246332"
[1] "2001:165"
[1] "2002:168:The number of rows in all_predict_ens1_200m_urban_df is not 230825."
[1] "2002:168:nrow:246332"
[1] "2002:169"
[1] "2001:165:The number of rows in all_predict_ens1_1km_all_df is not 540261."
[1] "2001:nrow is of 591869"
[1] "2002:169:The number of rows in all_predict_ens1_1km_all_df is not 540261."
[1] "2002:nrow is of 591869"
[1] "2003:123:The number of rows in all_predict_ens1_200m_urban_df is not 230825."
[1] "2003:123:nrow:246332"
[1] "2003:124"
[1] "2003:124:The number of rows in all_predict_ens1_1km_all_df is not 540261."
[1] "2003:nrow is of 591869"
[1] "2001:165:The number of rows in all_predict_ens1_200m_urban_df is not 230825."
[1] "2001:165:nrow:246332"
[1] "2001:166"
[1] "2001:166:The number of rows in all_predict_ens1_1km_all_df is not 540261."
[1] "2001:nrow is of 591869"
[1] "2002:169:The number of rows in all_predict_ens1_200m_urban_df is not 230825."
[1] "2002:169:nrow:246332"
[1] "2002:170"
[1] "2002:170:The number of rows in all_predict_ens1_1km_all_df is not 540261."
[1] "2002:nrow is of 591869"
[1] "2003:124:The number of rows in all_predict_ens1_200m_urban_df is not 230825."
[1] "2003:124:nrow:246332"
[1] "2003:125"
[1] "2003:125:The number of rows in all_predict_ens1_1km_all_df is not 540261."
[1] "2003:nrow is of 591869"
[1] "2001:166:The number of rows in all_predict_ens1_200m_urban_df is not 230825."
[1] "2001:166:nrow:246332"
[1] "2001:167"
[1] "2001:167:The number of rows in all_predict_ens1_1km_all_df is not 540261."
[1] "2001:nrow is of 591869"
[1] "2002:170:The number of rows in all_predict_ens1_200m_urban_df is not 230825."
[1] "2002:170:nrow:246332"
[1] "2002:171"
[1] "2002:171:The number of rows in all_predict_ens1_1km_all_df is not 540261."
[1] "2002:nrow is of 591869"
[1] "2003:125:The number of rows in all_predict_ens1_200m_urban_df is not 230825."
[1] "2003:125:nrow:246332"
[1] "2003:126"
[1] "2003:126:The number of rows in all_predict_ens1_1km_all_df is not 540261."
[1] "2003:nrow is of 591869"
[1] "2001:167:The number of rows in all_predict_ens1_200m_urban_df is not 230825."
[1] "2001:167:nrow:246332"
[1] "2001:168"
[1] "2002:171:The number of rows in all_predict_ens1_200m_urban_df is not 230825."
[1] "2002:171:nrow:246332"
[1] "2002:172"
[1] "2001:168:The number of rows in all_predict_ens1_1km_all_df is not 540261."
[1] "2001:nrow is of 591869"
[1] "2002:172:The number of rows in all_predict_ens1_1km_all_df is not 540261."
[1] "2002:nrow is of 591869"
[1] "2003:126:The number of rows in all_predict_ens1_200m_urban_df is not 230825."
[1] "2003:126:nrow:246332"
[1] "2003:127"
[1] "2003:127:The number of rows in all_predict_ens1_1km_all_df is not 540261."
[1] "2003:nrow is of 591869"
[1] "2001:168:The number of rows in all_predict_ens1_200m_urban_df is not 230825."
[1] "2001:168:nrow:246332"
[1] "2001:169"
[1] "2002:172:The number of rows in all_predict_ens1_200m_urban_df is not 230825."
[1] "2002:172:nrow:246332"
[1] "2002:173"
[1] "2001:169:The number of rows in all_predict_ens1_1km_all_df is not 540261."
[1] "2001:nrow is of 591869"
[1] "2002:173:The number of rows in all_predict_ens1_1km_all_df is not 540261."
[1] "2002:nrow is of 591869"
[1] "2003:127:The number of rows in all_predict_ens1_200m_urban_df is not 230825."
[1] "2003:127:nrow:246332"
[1] "2003:128"
[1] "2003:128:The number of rows in all_predict_ens1_1km_all_df is not 540261."
[1] "2003:nrow is of 591869"
[1] "2001:169:The number of rows in all_predict_ens1_200m_urban_df is not 230825."
[1] "2001:169:nrow:246332"
[1] "2001:170"
[1] "2002:173:The number of rows in all_predict_ens1_200m_urban_df is not 230825."
[1] "2002:173:nrow:246332"
[1] "2002:174"
[1] "2001:170:The number of rows in all_predict_ens1_1km_all_df is not 540261."
[1] "2001:nrow is of 591869"
[1] "2002:174:The number of rows in all_predict_ens1_1km_all_df is not 540261."
[1] "2002:nrow is of 591869"
[1] "2003:128:The number of rows in all_predict_ens1_200m_urban_df is not 230825."
[1] "2003:128:nrow:246332"
[1] "2003:129"
[1] "2003:129:The number of rows in all_predict_ens1_1km_all_df is not 540261."
[1] "2003:nrow is of 591869"
[1] "2001:170:The number of rows in all_predict_ens1_200m_urban_df is not 230825."
[1] "2001:170:nrow:246332"
[1] "2001:171"
[1] "2002:174:The number of rows in all_predict_ens1_200m_urban_df is not 230825."
[1] "2002:174:nrow:246332"
[1] "2002:175"
[1] "2001:171:The number of rows in all_predict_ens1_1km_all_df is not 540261."
[1] "2001:nrow is of 591869"
[1] "2002:175:The number of rows in all_predict_ens1_1km_all_df is not 540261."
[1] "2002:nrow is of 591869"
[1] "2003:129:The number of rows in all_predict_ens1_200m_urban_df is not 230825."
[1] "2003:129:nrow:246332"
[1] "2003:130"
[1] "2003:130:The number of rows in all_predict_ens1_1km_all_df is not 540261."
[1] "2003:nrow is of 591869"
[1] "2001:171:The number of rows in all_predict_ens1_200m_urban_df is not 230825."
[1] "2001:171:nrow:246332"
[1] "2001:172"
[1] "2002:175:The number of rows in all_predict_ens1_200m_urban_df is not 230825."
[1] "2002:175:nrow:246332"
[1] "2002:176"
[1] "2001:172:The number of rows in all_predict_ens1_1km_all_df is not 540261."
[1] "2001:nrow is of 591869"
[1] "2002:176:The number of rows in all_predict_ens1_1km_all_df is not 540261."
[1] "2002:nrow is of 591869"
[1] "2003:130:The number of rows in all_predict_ens1_200m_urban_df is not 230825."
[1] "2003:130:nrow:246332"
[1] "2003:131"
[1] "2003:131:The number of rows in all_predict_ens1_1km_all_df is not 540261."
[1] "2003:nrow is of 591869"
[1] "2001:172:The number of rows in all_predict_ens1_200m_urban_df is not 230825."
[1] "2001:172:nrow:246332"
[1] "2001:173"
[1] "2002:176:The number of rows in all_predict_ens1_200m_urban_df is not 230825."
[1] "2002:176:nrow:246332"
[1] "2002:177"
[1] "2001:173:The number of rows in all_predict_ens1_1km_all_df is not 540261."
[1] "2001:nrow is of 591869"
[1] "2002:177:The number of rows in all_predict_ens1_1km_all_df is not 540261."
[1] "2002:nrow is of 591869"
[1] "2003:131:The number of rows in all_predict_ens1_200m_urban_df is not 230825."
[1] "2003:131:nrow:246332"
[1] "2003:132"
[1] "2003:132:The number of rows in all_predict_ens1_1km_all_df is not 540261."
[1] "2003:nrow is of 591869"
[1] "2001:173:The number of rows in all_predict_ens1_200m_urban_df is not 230825."
[1] "2001:173:nrow:246332"
[1] "2001:174"
[1] "2001:174:The number of rows in all_predict_ens1_1km_all_df is not 540261."
[1] "2001:nrow is of 591869"
[1] "2002:177:The number of rows in all_predict_ens1_200m_urban_df is not 230825."
[1] "2002:177:nrow:246332"
[1] "2002:178"
[1] "2002:178:The number of rows in all_predict_ens1_1km_all_df is not 540261."
[1] "2002:nrow is of 591869"
[1] "2003:132:The number of rows in all_predict_ens1_200m_urban_df is not 230825."
[1] "2003:132:nrow:246332"
[1] "2003:133"
[1] "2003:133:The number of rows in all_predict_ens1_1km_all_df is not 540261."
[1] "2003:nrow is of 591869"
[1] "2001:174:The number of rows in all_predict_ens1_200m_urban_df is not 230825."
[1] "2001:174:nrow:246332"
[1] "2001:175"
[1] "2002:178:The number of rows in all_predict_ens1_200m_urban_df is not 230825."
[1] "2002:178:nrow:246332"
[1] "2002:179"
[1] "2002:179:The number of rows in all_predict_ens1_1km_all_df is not 540261."
[1] "2002:nrow is of 591869"
[1] "2003:133:The number of rows in all_predict_ens1_200m_urban_df is not 230825."
[1] "2003:133:nrow:246332"
[1] "2003:134"
[1] "2003:134:The number of rows in all_predict_ens1_1km_all_df is not 540261."
[1] "2003:nrow is of 591869"
[1] "2002:179:The number of rows in all_predict_ens1_200m_urban_df is not 230825."
[1] "2002:179:nrow:246332"
[1] "2002:180"
[1] "2002:180:The number of rows in all_predict_ens1_1km_all_df is not 540261."
[1] "2002:nrow is of 591869"
[1] "2003:134:The number of rows in all_predict_ens1_200m_urban_df is not 230825."
[1] "2003:134:nrow:246332"
[1] "2003:135"
[1] "2003:135:The number of rows in all_predict_ens1_1km_all_df is not 540261."
[1] "2003:nrow is of 591869"
[1] "2002:180:The number of rows in all_predict_ens1_200m_urban_df is not 230825."
[1] "2002:180:nrow:246332"
[1] "2002:181"
[1] "2003:135:The number of rows in all_predict_ens1_200m_urban_df is not 230825."
[1] "2003:135:nrow:246332"
[1] "2003:136"
[1] "2002:181:The number of rows in all_predict_ens1_1km_all_df is not 540261."
[1] "2002:nrow is of 591869"
[1] "2003:136:The number of rows in all_predict_ens1_1km_all_df is not 540261."
[1] "2003:nrow is of 591869"
[1] "2002:181:The number of rows in all_predict_ens1_200m_urban_df is not 230825."
[1] "2002:181:nrow:246332"
[1] "2002:182"
[1] "2003:136:The number of rows in all_predict_ens1_200m_urban_df is not 230825."
[1] "2003:136:nrow:246332"
[1] "2003:137"
[1] "2002:182:The number of rows in all_predict_ens1_1km_all_df is not 540261."
[1] "2002:nrow is of 591869"
[1] "2003:137:The number of rows in all_predict_ens1_1km_all_df is not 540261."
[1] "2003:nrow is of 591869"
[1] "2003:137:The number of rows in all_predict_ens1_200m_urban_df is not 230825."
[1] "2003:137:nrow:246332"
[1] "2003:138"
[1] "2002:182:The number of rows in all_predict_ens1_200m_urban_df is not 230825."
[1] "2002:182:nrow:246332"
[1] "2002:183"
[1] "2003:138:The number of rows in all_predict_ens1_1km_all_df is not 540261."
[1] "2003:nrow is of 591869"
[1] "2002:183:The number of rows in all_predict_ens1_1km_all_df is not 540261."
[1] "2002:nrow is of 591869"
[1] "2001:175:The number of rows in all_predict_ens1_1km_all_df is not 540261."
[1] "2001:nrow is of 591869"
[1] "2003:138:The number of rows in all_predict_ens1_200m_urban_df is not 230825."
[1] "2003:138:nrow:246332"
[1] "2003:139"
[1] "2002:183:The number of rows in all_predict_ens1_200m_urban_df is not 230825."
[1] "2002:183:nrow:246332"
[1] "2002:184"
[1] "2003:139:The number of rows in all_predict_ens1_1km_all_df is not 540261."
[1] "2003:nrow is of 591869"
[1] "2001:175:The number of rows in all_predict_ens1_200m_urban_df is not 230825."
[1] "2001:175:nrow:246332"
[1] "2001:176"
[1] "2002:184:The number of rows in all_predict_ens1_1km_all_df is not 540261."
[1] "2002:nrow is of 591869"
[1] "2001:176:The number of rows in all_predict_ens1_1km_all_df is not 540261."
[1] "2001:nrow is of 591869"
[1] "2003:139:The number of rows in all_predict_ens1_200m_urban_df is not 230825."
[1] "2003:139:nrow:246332"
[1] "2003:140"
[1] "2003:140:The number of rows in all_predict_ens1_1km_all_df is not 540261."
[1] "2003:nrow is of 591869"
[1] "2002:184:The number of rows in all_predict_ens1_200m_urban_df is not 230825."
[1] "2002:184:nrow:246332"
[1] "2002:185"
[1] "2001:176:The number of rows in all_predict_ens1_200m_urban_df is not 230825."
[1] "2001:176:nrow:246332"
[1] "2001:177"
[1] "2002:185:The number of rows in all_predict_ens1_1km_all_df is not 540261."
[1] "2002:nrow is of 591869"
[1] "2001:177:The number of rows in all_predict_ens1_1km_all_df is not 540261."
[1] "2001:nrow is of 591869"
[1] "2003:140:The number of rows in all_predict_ens1_200m_urban_df is not 230825."
[1] "2003:140:nrow:246332"
[1] "2003:141"
[1] "2003:141:The number of rows in all_predict_ens1_1km_all_df is not 540261."
[1] "2003:nrow is of 591869"
[1] "2002:185:The number of rows in all_predict_ens1_200m_urban_df is not 230825."
[1] "2002:185:nrow:246332"
[1] "2002:186"
[1] "2001:177:The number of rows in all_predict_ens1_200m_urban_df is not 230825."
[1] "2001:177:nrow:246332"
[1] "2001:178"
[1] "2002:186:The number of rows in all_predict_ens1_1km_all_df is not 540261."
[1] "2002:nrow is of 591869"
[1] "2001:178:The number of rows in all_predict_ens1_1km_all_df is not 540261."
[1] "2001:nrow is of 591869"
[1] "2003:141:The number of rows in all_predict_ens1_200m_urban_df is not 230825."
[1] "2003:141:nrow:246332"
[1] "2003:142"
[1] "2003:142:The number of rows in all_predict_ens1_1km_all_df is not 540261."
[1] "2003:nrow is of 591869"
[1] "2002:186:The number of rows in all_predict_ens1_200m_urban_df is not 230825."
[1] "2002:186:nrow:246332"
[1] "2002:187"
[1] "2001:178:The number of rows in all_predict_ens1_200m_urban_df is not 230825."
[1] "2001:178:nrow:246332"
[1] "2001:179"
[1] "2002:187:The number of rows in all_predict_ens1_1km_all_df is not 540261."
[1] "2002:nrow is of 591869"
[1] "2001:179:The number of rows in all_predict_ens1_1km_all_df is not 540261."
[1] "2001:nrow is of 591869"
[1] "2003:142:The number of rows in all_predict_ens1_200m_urban_df is not 230825."
[1] "2003:142:nrow:246332"
[1] "2003:143"
[1] "2003:143:The number of rows in all_predict_ens1_1km_all_df is not 540261."
[1] "2003:nrow is of 591869"
[1] "2002:187:The number of rows in all_predict_ens1_200m_urban_df is not 230825."
[1] "2002:187:nrow:246332"
[1] "2002:188"
[1] "2002:188:The number of rows in all_predict_ens1_1km_all_df is not 540261."
[1] "2002:nrow is of 591869"
[1] "2001:179:The number of rows in all_predict_ens1_200m_urban_df is not 230825."
[1] "2001:179:nrow:246332"
[1] "2001:180"
[1] "2001:180:The number of rows in all_predict_ens1_1km_all_df is not 540261."
[1] "2001:nrow is of 591869"
[1] "2003:143:The number of rows in all_predict_ens1_200m_urban_df is not 230825."
[1] "2003:143:nrow:246332"
[1] "2003:144"
[1] "2003:144:The number of rows in all_predict_ens1_1km_all_df is not 540261."
[1] "2003:nrow is of 591869"
[1] "2002:188:The number of rows in all_predict_ens1_200m_urban_df is not 230825."
[1] "2002:188:nrow:246332"
[1] "2002:189"
[1] "2001:180:The number of rows in all_predict_ens1_200m_urban_df is not 230825."
[1] "2001:180:nrow:246332"
[1] "2001:181"
[1] "2002:189:The number of rows in all_predict_ens1_1km_all_df is not 540261."
[1] "2002:nrow is of 591869"
[1] "2001:181:The number of rows in all_predict_ens1_1km_all_df is not 540261."
[1] "2001:nrow is of 591869"
[1] "2003:144:The number of rows in all_predict_ens1_200m_urban_df is not 230825."
[1] "2003:144:nrow:246332"
[1] "2003:145"
[1] "2003:145:The number of rows in all_predict_ens1_1km_all_df is not 540261."
[1] "2003:nrow is of 591869"
[1] "2002:189:The number of rows in all_predict_ens1_200m_urban_df is not 230825."
[1] "2002:189:nrow:246332"
[1] "2002:190"
[1] "2001:181:The number of rows in all_predict_ens1_200m_urban_df is not 230825."
[1] "2001:181:nrow:246332"
[1] "2001:182"
[1] "2002:190:The number of rows in all_predict_ens1_1km_all_df is not 540261."
[1] "2002:nrow is of 591869"
[1] "2001:182:The number of rows in all_predict_ens1_1km_all_df is not 540261."
[1] "2001:nrow is of 591869"
[1] "2003:145:The number of rows in all_predict_ens1_200m_urban_df is not 230825."
[1] "2003:145:nrow:246332"
[1] "2003:146"
[1] "2003:146:The number of rows in all_predict_ens1_1km_all_df is not 540261."
[1] "2003:nrow is of 591869"
[1] "2002:190:The number of rows in all_predict_ens1_200m_urban_df is not 230825."
[1] "2002:190:nrow:246332"
[1] "2002:191"
[1] "2002:191:The number of rows in all_predict_ens1_1km_all_df is not 540261."
[1] "2002:nrow is of 591869"
[1] "2001:182:The number of rows in all_predict_ens1_200m_urban_df is not 230825."
[1] "2001:182:nrow:246332"
[1] "2001:183"
[1] "2003:146:The number of rows in all_predict_ens1_200m_urban_df is not 230825."
[1] "2003:146:nrow:246332"
[1] "2003:147"
[1] "2001:183:The number of rows in all_predict_ens1_1km_all_df is not 540261."
[1] "2001:nrow is of 591869"
[1] "2003:147:The number of rows in all_predict_ens1_1km_all_df is not 540261."
[1] "2003:nrow is of 591869"
[1] "2002:191:The number of rows in all_predict_ens1_200m_urban_df is not 230825."
[1] "2002:191:nrow:246332"
[1] "2002:192"
[1] "2002:192:The number of rows in all_predict_ens1_1km_all_df is not 540261."
[1] "2002:nrow is of 591869"
[1] "2001:183:The number of rows in all_predict_ens1_200m_urban_df is not 230825."
[1] "2001:183:nrow:246332"
[1] "2001:184"
[1] "2003:147:The number of rows in all_predict_ens1_200m_urban_df is not 230825."
[1] "2003:147:nrow:246332"
[1] "2003:148"
[1] "2001:184:The number of rows in all_predict_ens1_1km_all_df is not 540261."
[1] "2001:nrow is of 591869"
[1] "2003:148:The number of rows in all_predict_ens1_1km_all_df is not 540261."
[1] "2003:nrow is of 591869"
[1] "2002:192:The number of rows in all_predict_ens1_200m_urban_df is not 230825."
[1] "2002:192:nrow:246332"
[1] "2002:193"
[1] "2002:193:The number of rows in all_predict_ens1_1km_all_df is not 540261."
[1] "2002:nrow is of 591869"
[1] "2001:184:The number of rows in all_predict_ens1_200m_urban_df is not 230825."
[1] "2001:184:nrow:246332"
[1] "2001:185"
[1] "2003:148:The number of rows in all_predict_ens1_200m_urban_df is not 230825."
[1] "2003:148:nrow:246332"
[1] "2003:149"
[1] "2001:185:The number of rows in all_predict_ens1_1km_all_df is not 540261."
[1] "2001:nrow is of 591869"
[1] "2003:149:The number of rows in all_predict_ens1_1km_all_df is not 540261."
[1] "2003:nrow is of 591869"
[1] "2002:193:The number of rows in all_predict_ens1_200m_urban_df is not 230825."
[1] "2002:193:nrow:246332"
[1] "2002:194"
[1] "2002:194:The number of rows in all_predict_ens1_1km_all_df is not 540261."
[1] "2002:nrow is of 591869"
[1] "2001:185:The number of rows in all_predict_ens1_200m_urban_df is not 230825."
[1] "2001:185:nrow:246332"
[1] "2001:186"
[1] "2003:149:The number of rows in all_predict_ens1_200m_urban_df is not 230825."
[1] "2003:149:nrow:246332"
[1] "2003:150"
[1] "2001:186:The number of rows in all_predict_ens1_1km_all_df is not 540261."
[1] "2001:nrow is of 591869"
[1] "2003:150:The number of rows in all_predict_ens1_1km_all_df is not 540261."
[1] "2003:nrow is of 591869"
[1] "2002:194:The number of rows in all_predict_ens1_200m_urban_df is not 230825."
[1] "2002:194:nrow:246332"
[1] "2002:195"
[1] "2002:195:The number of rows in all_predict_ens1_1km_all_df is not 540261."
[1] "2002:nrow is of 591869"
[1] "2001:186:The number of rows in all_predict_ens1_200m_urban_df is not 230825."
[1] "2001:186:nrow:246332"
[1] "2001:187"
[1] "2003:150:The number of rows in all_predict_ens1_200m_urban_df is not 230825."
[1] "2003:150:nrow:246332"
[1] "2003:151"
[1] "2001:187:The number of rows in all_predict_ens1_1km_all_df is not 540261."
[1] "2001:nrow is of 591869"
[1] "2003:151:The number of rows in all_predict_ens1_1km_all_df is not 540261."
[1] "2003:nrow is of 591869"
[1] "2002:195:The number of rows in all_predict_ens1_200m_urban_df is not 230825."
[1] "2002:195:nrow:246332"
[1] "2002:196"
[1] "2002:196:The number of rows in all_predict_ens1_1km_all_df is not 540261."
[1] "2002:nrow is of 591869"
[1] "2001:187:The number of rows in all_predict_ens1_200m_urban_df is not 230825."
[1] "2001:187:nrow:246332"
[1] "2001:188"
[1] "2003:151:The number of rows in all_predict_ens1_200m_urban_df is not 230825."
[1] "2003:151:nrow:246332"
[1] "2003:152"
[1] "2003:152:The number of rows in all_predict_ens1_1km_all_df is not 540261."
[1] "2003:nrow is of 591869"
[1] "2001:188:The number of rows in all_predict_ens1_1km_all_df is not 540261."
[1] "2001:nrow is of 591869"
[1] "2002:196:The number of rows in all_predict_ens1_200m_urban_df is not 230825."
[1] "2002:196:nrow:246332"
[1] "2002:197"
[1] "2002:197:The number of rows in all_predict_ens1_1km_all_df is not 540261."
[1] "2002:nrow is of 591869"
[1] "2001:188:The number of rows in all_predict_ens1_200m_urban_df is not 230825."
[1] "2001:188:nrow:246332"
[1] "2001:189"
[1] "2003:152:The number of rows in all_predict_ens1_200m_urban_df is not 230825."
[1] "2003:152:nrow:246332"
[1] "2003:153"
[1] "2001:189:The number of rows in all_predict_ens1_1km_all_df is not 540261."
[1] "2001:nrow is of 591869"
[1] "2003:153:The number of rows in all_predict_ens1_1km_all_df is not 540261."
[1] "2003:nrow is of 591869"
[1] "2002:197:The number of rows in all_predict_ens1_200m_urban_df is not 230825."
[1] "2002:197:nrow:246332"
[1] "2002:198"
[1] "2002:198:The number of rows in all_predict_ens1_1km_all_df is not 540261."
[1] "2002:nrow is of 591869"
[1] "2003:153:The number of rows in all_predict_ens1_200m_urban_df is not 230825."
[1] "2003:153:nrow:246332"
[1] "2003:154"
[1] "2001:189:The number of rows in all_predict_ens1_200m_urban_df is not 230825."
[1] "2001:189:nrow:246332"
[1] "2001:190"
[1] "2003:154:The number of rows in all_predict_ens1_1km_all_df is not 540261."
[1] "2003:nrow is of 591869"
[1] "2001:190:The number of rows in all_predict_ens1_1km_all_df is not 540261."
[1] "2001:nrow is of 591869"
[1] "2002:198:The number of rows in all_predict_ens1_200m_urban_df is not 230825."
[1] "2002:198:nrow:246332"
[1] "2002:199"
[1] "2002:199:The number of rows in all_predict_ens1_1km_all_df is not 540261."
[1] "2002:nrow is of 591869"
[1] "2001:190:The number of rows in all_predict_ens1_200m_urban_df is not 230825."
[1] "2001:190:nrow:246332"
[1] "2001:191"
[1] "2003:154:The number of rows in all_predict_ens1_200m_urban_df is not 230825."
[1] "2003:154:nrow:246332"
[1] "2003:155"
[1] "2001:191:The number of rows in all_predict_ens1_1km_all_df is not 540261."
[1] "2001:nrow is of 591869"
[1] "2003:155:The number of rows in all_predict_ens1_1km_all_df is not 540261."
[1] "2003:nrow is of 591869"
[1] "2002:199:The number of rows in all_predict_ens1_200m_urban_df is not 230825."
[1] "2002:199:nrow:246332"
[1] "2002:200"
[1] "2002:200:The number of rows in all_predict_ens1_1km_all_df is not 540261."
[1] "2002:nrow is of 591869"
[1] "2003:155:The number of rows in all_predict_ens1_200m_urban_df is not 230825."
[1] "2003:155:nrow:246332"
[1] "2003:156"
[1] "2001:191:The number of rows in all_predict_ens1_200m_urban_df is not 230825."
[1] "2001:191:nrow:246332"
[1] "2001:192"
[1] "2003:156:The number of rows in all_predict_ens1_1km_all_df is not 540261."
[1] "2003:nrow is of 591869"
[1] "2001:192:The number of rows in all_predict_ens1_1km_all_df is not 540261."
[1] "2001:nrow is of 591869"
[1] "2002:200:The number of rows in all_predict_ens1_200m_urban_df is not 230825."
[1] "2002:200:nrow:246332"
[1] "2002:201"
[1] "2002:201:The number of rows in all_predict_ens1_1km_all_df is not 540261."
[1] "2002:nrow is of 591869"
[1] "2003:156:The number of rows in all_predict_ens1_200m_urban_df is not 230825."
[1] "2003:156:nrow:246332"
[1] "2003:157"
[1] "2001:192:The number of rows in all_predict_ens1_200m_urban_df is not 230825."
[1] "2001:192:nrow:246332"
[1] "2001:193"
[1] "2003:157:The number of rows in all_predict_ens1_1km_all_df is not 540261."
[1] "2003:nrow is of 591869"
[1] "2001:193:The number of rows in all_predict_ens1_1km_all_df is not 540261."
[1] "2001:nrow is of 591869"
[1] "2002:201:The number of rows in all_predict_ens1_200m_urban_df is not 230825."
[1] "2002:201:nrow:246332"
[1] "2002:202"
[1] "2002:202:The number of rows in all_predict_ens1_1km_all_df is not 540261."
[1] "2002:nrow is of 591869"
[1] "2003:157:The number of rows in all_predict_ens1_200m_urban_df is not 230825."
[1] "2003:157:nrow:246332"
[1] "2003:158"
[1] "2001:193:The number of rows in all_predict_ens1_200m_urban_df is not 230825."
[1] "2001:193:nrow:246332"
[1] "2001:194"
[1] "2003:158:The number of rows in all_predict_ens1_1km_all_df is not 540261."
[1] "2003:nrow is of 591869"
[1] "2001:194:The number of rows in all_predict_ens1_1km_all_df is not 540261."
[1] "2001:nrow is of 591869"
[1] "2002:202:The number of rows in all_predict_ens1_200m_urban_df is not 230825."
[1] "2002:202:nrow:246332"
[1] "2002:203"
[1] "2002:203:The number of rows in all_predict_ens1_1km_all_df is not 540261."
[1] "2002:nrow is of 591869"
[1] "2003:158:The number of rows in all_predict_ens1_200m_urban_df is not 230825."
[1] "2003:158:nrow:246332"
[1] "2003:159"
[1] "2003:159:The number of rows in all_predict_ens1_1km_all_df is not 540261."
[1] "2003:nrow is of 591869"
[1] "2001:194:The number of rows in all_predict_ens1_200m_urban_df is not 230825."
[1] "2001:194:nrow:246332"
[1] "2001:195"
[1] "2001:195:The number of rows in all_predict_ens1_1km_all_df is not 540261."
[1] "2001:nrow is of 591869"
[1] "2002:203:The number of rows in all_predict_ens1_200m_urban_df is not 230825."
[1] "2002:203:nrow:246332"
[1] "2002:204"
[1] "2002:204:The number of rows in all_predict_ens1_1km_all_df is not 540261."
[1] "2002:nrow is of 591869"
[1] "2003:159:The number of rows in all_predict_ens1_200m_urban_df is not 230825."
[1] "2003:159:nrow:246332"
[1] "2003:160"
[1] "2003:160:The number of rows in all_predict_ens1_1km_all_df is not 540261."
[1] "2003:nrow is of 591869"
[1] "2001:195:The number of rows in all_predict_ens1_200m_urban_df is not 230825."
[1] "2001:195:nrow:246332"
[1] "2001:196"
[1] "2001:196:The number of rows in all_predict_ens1_1km_all_df is not 540261."
[1] "2001:nrow is of 591869"
[1] "2002:204:The number of rows in all_predict_ens1_200m_urban_df is not 230825."
[1] "2002:204:nrow:246332"
[1] "2002:205"
[1] "2002:205:The number of rows in all_predict_ens1_1km_all_df is not 540261."
[1] "2002:nrow is of 591869"
[1] "2003:160:The number of rows in all_predict_ens1_200m_urban_df is not 230825."
[1] "2003:160:nrow:246332"
[1] "2003:161"
[1] "2003:161:The number of rows in all_predict_ens1_1km_all_df is not 540261."
[1] "2003:nrow is of 591869"
[1] "2001:196:The number of rows in all_predict_ens1_200m_urban_df is not 230825."
[1] "2001:196:nrow:246332"
[1] "2001:197"
[1] "2002:205:The number of rows in all_predict_ens1_200m_urban_df is not 230825."
[1] "2002:205:nrow:246332"
[1] "2002:206"
[1] "2001:197:The number of rows in all_predict_ens1_1km_all_df is not 540261."
[1] "2001:nrow is of 591869"
[1] "2002:206:The number of rows in all_predict_ens1_1km_all_df is not 540261."
[1] "2002:nrow is of 591869"
[1] "2003:161:The number of rows in all_predict_ens1_200m_urban_df is not 230825."
[1] "2003:161:nrow:246332"
[1] "2003:162"
[1] "2003:162:The number of rows in all_predict_ens1_1km_all_df is not 540261."
[1] "2003:nrow is of 591869"
[1] "2001:197:The number of rows in all_predict_ens1_200m_urban_df is not 230825."
[1] "2001:197:nrow:246332"
[1] "2001:198"
[1] "2001:198:The number of rows in all_predict_ens1_1km_all_df is not 540261."
[1] "2001:nrow is of 591869"
[1] "2002:206:The number of rows in all_predict_ens1_200m_urban_df is not 230825."
[1] "2002:206:nrow:246332"
[1] "2002:207"
[1] "2002:207:The number of rows in all_predict_ens1_1km_all_df is not 540261."
[1] "2002:nrow is of 591869"
[1] "2003:162:The number of rows in all_predict_ens1_200m_urban_df is not 230825."
[1] "2003:162:nrow:246332"
[1] "2003:163"
[1] "2003:163:The number of rows in all_predict_ens1_1km_all_df is not 540261."
[1] "2003:nrow is of 591869"
[1] "2001:198:The number of rows in all_predict_ens1_200m_urban_df is not 230825."
[1] "2001:198:nrow:246332"
[1] "2001:199"
[1] "2002:207:The number of rows in all_predict_ens1_200m_urban_df is not 230825."
[1] "2002:207:nrow:246332"
[1] "2002:208"
[1] "2003:163:The number of rows in all_predict_ens1_200m_urban_df is not 230825."
[1] "2003:163:nrow:246332"
[1] "2003:164"
[1] "2002:208:The number of rows in all_predict_ens1_1km_all_df is not 540261."
[1] "2002:nrow is of 591869"
[1] "2001:199:The number of rows in all_predict_ens1_1km_all_df is not 540261."
[1] "2001:nrow is of 591869"
[1] "2003:164:The number of rows in all_predict_ens1_1km_all_df is not 540261."
[1] "2003:nrow is of 591869"
[1] "2002:208:The number of rows in all_predict_ens1_200m_urban_df is not 230825."
[1] "2002:208:nrow:246332"
[1] "2002:209"
[1] "2001:199:The number of rows in all_predict_ens1_200m_urban_df is not 230825."
[1] "2001:199:nrow:246332"
[1] "2001:200"
[1] "2002:209:The number of rows in all_predict_ens1_1km_all_df is not 540261."
[1] "2002:nrow is of 591869"
[1] "2003:164:The number of rows in all_predict_ens1_200m_urban_df is not 230825."
[1] "2003:164:nrow:246332"
[1] "2003:165"
[1] "2001:200:The number of rows in all_predict_ens1_1km_all_df is not 540261."
[1] "2001:nrow is of 591869"
[1] "2003:165:The number of rows in all_predict_ens1_1km_all_df is not 540261."
[1] "2003:nrow is of 591869"
[1] "2002:209:The number of rows in all_predict_ens1_200m_urban_df is not 230825."
[1] "2002:209:nrow:246332"
[1] "2002:210"
[1] "2001:200:The number of rows in all_predict_ens1_200m_urban_df is not 230825."
[1] "2001:200:nrow:246332"
[1] "2001:201"
[1] "2003:165:The number of rows in all_predict_ens1_200m_urban_df is not 230825."
[1] "2003:165:nrow:246332"
[1] "2003:166"
[1] "2002:210:The number of rows in all_predict_ens1_1km_all_df is not 540261."
[1] "2002:nrow is of 591869"
[1] "2001:201:The number of rows in all_predict_ens1_1km_all_df is not 540261."
[1] "2001:nrow is of 591869"
[1] "2003:166:The number of rows in all_predict_ens1_1km_all_df is not 540261."
[1] "2003:nrow is of 591869"
[1] "2002:210:The number of rows in all_predict_ens1_200m_urban_df is not 230825."
[1] "2002:210:nrow:246332"
[1] "2002:211"
[1] "2001:201:The number of rows in all_predict_ens1_200m_urban_df is not 230825."
[1] "2001:201:nrow:246332"
[1] "2001:202"
[1] "2002:211:The number of rows in all_predict_ens1_1km_all_df is not 540261."
[1] "2002:nrow is of 591869"
[1] "2003:166:The number of rows in all_predict_ens1_200m_urban_df is not 230825."
[1] "2003:166:nrow:246332"
[1] "2003:167"
[1] "2001:202:The number of rows in all_predict_ens1_1km_all_df is not 540261."
[1] "2001:nrow is of 591869"
[1] "2003:167:The number of rows in all_predict_ens1_1km_all_df is not 540261."
[1] "2003:nrow is of 591869"
[1] "2002:211:The number of rows in all_predict_ens1_200m_urban_df is not 230825."
[1] "2002:211:nrow:246332"
[1] "2002:212"
[1] "2001:202:The number of rows in all_predict_ens1_200m_urban_df is not 230825."
[1] "2001:202:nrow:246332"
[1] "2001:203"
[1] "2002:212:The number of rows in all_predict_ens1_1km_all_df is not 540261."
[1] "2002:nrow is of 591869"
[1] "2003:167:The number of rows in all_predict_ens1_200m_urban_df is not 230825."
[1] "2003:167:nrow:246332"
[1] "2003:168"
[1] "2001:203:The number of rows in all_predict_ens1_1km_all_df is not 540261."
[1] "2001:nrow is of 591869"
[1] "2003:168:The number of rows in all_predict_ens1_1km_all_df is not 540261."
[1] "2003:nrow is of 591869"
[1] "2002:212:The number of rows in all_predict_ens1_200m_urban_df is not 230825."
[1] "2002:212:nrow:246332"
[1] "2002:213"
[1] "2002:213:The number of rows in all_predict_ens1_1km_all_df is not 540261."
[1] "2002:nrow is of 591869"
[1] "2001:203:The number of rows in all_predict_ens1_200m_urban_df is not 230825."
[1] "2001:203:nrow:246332"
[1] "2001:204"
[1] "2003:168:The number of rows in all_predict_ens1_200m_urban_df is not 230825."
[1] "2003:168:nrow:246332"
[1] "2003:169"
[1] "2003:169:The number of rows in all_predict_ens1_1km_all_df is not 540261."
[1] "2003:nrow is of 591869"
[1] "2001:204:The number of rows in all_predict_ens1_1km_all_df is not 540261."
[1] "2001:nrow is of 591869"
[1] "2002:213:The number of rows in all_predict_ens1_200m_urban_df is not 230825."
[1] "2002:213:nrow:246332"
[1] "2002:214"
[1] "2003:169:The number of rows in all_predict_ens1_200m_urban_df is not 230825."
[1] "2003:169:nrow:246332"
[1] "2003:170"
[1] "2002:214:The number of rows in all_predict_ens1_1km_all_df is not 540261."
[1] "2002:nrow is of 591869"
[1] "2001:204:The number of rows in all_predict_ens1_200m_urban_df is not 230825."
[1] "2001:204:nrow:246332"
[1] "2001:205"
[1] "2003:170:The number of rows in all_predict_ens1_1km_all_df is not 540261."
[1] "2003:nrow is of 591869"
[1] "2001:205:The number of rows in all_predict_ens1_1km_all_df is not 540261."
[1] "2001:nrow is of 591869"
[1] "2002:214:The number of rows in all_predict_ens1_200m_urban_df is not 230825."
[1] "2002:214:nrow:246332"
[1] "2002:215"
[1] "2002:215:The number of rows in all_predict_ens1_1km_all_df is not 540261."
[1] "2002:nrow is of 591869"
[1] "2003:170:The number of rows in all_predict_ens1_200m_urban_df is not 230825."
[1] "2003:170:nrow:246332"
[1] "2003:171"
[1] "2001:205:The number of rows in all_predict_ens1_200m_urban_df is not 230825."
[1] "2001:205:nrow:246332"
[1] "2001:206"
[1] "2003:171:The number of rows in all_predict_ens1_1km_all_df is not 540261."
[1] "2003:nrow is of 591869"
[1] "2001:206:The number of rows in all_predict_ens1_1km_all_df is not 540261."
[1] "2001:nrow is of 591869"
[1] "2002:215:The number of rows in all_predict_ens1_200m_urban_df is not 230825."
[1] "2002:215:nrow:246332"
[1] "2002:216"
[1] "2002:216:The number of rows in all_predict_ens1_1km_all_df is not 540261."
[1] "2002:nrow is of 591869"
[1] "2003:171:The number of rows in all_predict_ens1_200m_urban_df is not 230825."
[1] "2003:171:nrow:246332"
[1] "2003:172"
[1] "2001:206:The number of rows in all_predict_ens1_200m_urban_df is not 230825."
[1] "2001:206:nrow:246332"
[1] "2001:207"
[1] "2003:172:The number of rows in all_predict_ens1_1km_all_df is not 540261."
[1] "2003:nrow is of 591869"
[1] "2001:207:The number of rows in all_predict_ens1_1km_all_df is not 540261."
[1] "2001:nrow is of 591869"
[1] "2002:216:The number of rows in all_predict_ens1_200m_urban_df is not 230825."
[1] "2002:216:nrow:246332"
[1] "2002:217"
[1] "2002:217:The number of rows in all_predict_ens1_1km_all_df is not 540261."
[1] "2002:nrow is of 591869"
[1] "2001:207:The number of rows in all_predict_ens1_200m_urban_df is not 230825."
[1] "2001:207:nrow:246332"
[1] "2001:208"
[1] "2001:208:The number of rows in all_predict_ens1_1km_all_df is not 540261."
[1] "2001:nrow is of 591869"
[1] "2002:217:The number of rows in all_predict_ens1_200m_urban_df is not 230825."
[1] "2002:217:nrow:246332"
[1] "2002:218"
[1] "2002:218:The number of rows in all_predict_ens1_1km_all_df is not 540261."
[1] "2002:nrow is of 591869"
[1] "2001:208:The number of rows in all_predict_ens1_200m_urban_df is not 230825."
[1] "2001:208:nrow:246332"
[1] "2001:209"
[1] "2001:209:The number of rows in all_predict_ens1_1km_all_df is not 540261."
[1] "2001:nrow is of 591869"
[1] "2002:218:The number of rows in all_predict_ens1_200m_urban_df is not 230825."
[1] "2002:218:nrow:246332"
[1] "2002:219"
[1] "2002:219:The number of rows in all_predict_ens1_1km_all_df is not 540261."
[1] "2002:nrow is of 591869"
[1] "2001:209:The number of rows in all_predict_ens1_200m_urban_df is not 230825."
[1] "2001:209:nrow:246332"
[1] "2001:210"
[1] "2001:210:The number of rows in all_predict_ens1_1km_all_df is not 540261."
[1] "2001:nrow is of 591869"
[1] "2002:219:The number of rows in all_predict_ens1_200m_urban_df is not 230825."
[1] "2002:219:nrow:246332"
[1] "2002:220"
[1] "2002:220:The number of rows in all_predict_ens1_1km_all_df is not 540261."
[1] "2002:nrow is of 591869"
[1] "2001:210:The number of rows in all_predict_ens1_200m_urban_df is not 230825."
[1] "2001:210:nrow:246332"
[1] "2001:211"
[1] "2001:211:The number of rows in all_predict_ens1_1km_all_df is not 540261."
[1] "2001:nrow is of 591869"
[1] "2002:220:The number of rows in all_predict_ens1_200m_urban_df is not 230825."
[1] "2002:220:nrow:246332"
[1] "2002:221"
[1] "2002:221:The number of rows in all_predict_ens1_1km_all_df is not 540261."
[1] "2002:nrow is of 591869"
[1] "2003:172:The number of rows in all_predict_ens1_200m_urban_df is not 230825."
[1] "2003:172:nrow:246332"
[1] "2003:173"
[1] "2001:211:The number of rows in all_predict_ens1_200m_urban_df is not 230825."
[1] "2001:211:nrow:246332"
[1] "2001:212"
[1] "2003:173:The number of rows in all_predict_ens1_1km_all_df is not 540261."
[1] "2003:nrow is of 591869"
[1] "2001:212:The number of rows in all_predict_ens1_1km_all_df is not 540261."
[1] "2001:nrow is of 591869"
[1] "2002:221:The number of rows in all_predict_ens1_200m_urban_df is not 230825."
[1] "2002:221:nrow:246332"
[1] "2002:222"
[1] "2002:222:The number of rows in all_predict_ens1_1km_all_df is not 540261."
[1] "2002:nrow is of 591869"
[1] "2001:212:The number of rows in all_predict_ens1_200m_urban_df is not 230825."
[1] "2001:212:nrow:246332"
[1] "2001:213"
[1] "2003:173:The number of rows in all_predict_ens1_200m_urban_df is not 230825."
[1] "2003:173:nrow:246332"
[1] "2003:174"
[1] "2001:213:The number of rows in all_predict_ens1_1km_all_df is not 540261."
[1] "2001:nrow is of 591869"
[1] "2003:174:The number of rows in all_predict_ens1_1km_all_df is not 540261."
[1] "2003:nrow is of 591869"
[1] "2002:222:The number of rows in all_predict_ens1_200m_urban_df is not 230825."
[1] "2002:222:nrow:246332"
[1] "2002:223"
[1] "2002:223:The number of rows in all_predict_ens1_1km_all_df is not 540261."
[1] "2002:nrow is of 591869"
[1] "2003:174:The number of rows in all_predict_ens1_200m_urban_df is not 230825."
[1] "2003:174:nrow:246332"
[1] "2003:175"
[1] "2001:213:The number of rows in all_predict_ens1_200m_urban_df is not 230825."
[1] "2001:213:nrow:246332"
[1] "2001:214"
[1] "2001:214:The number of rows in all_predict_ens1_1km_all_df is not 540261."
[1] "2001:nrow is of 591869"
[1] "2003:175:The number of rows in all_predict_ens1_1km_all_df is not 540261."
[1] "2003:nrow is of 591869"
[1] "2002:223:The number of rows in all_predict_ens1_200m_urban_df is not 230825."
[1] "2002:223:nrow:246332"
[1] "2002:224"
[1] "2002:224:The number of rows in all_predict_ens1_1km_all_df is not 540261."
[1] "2002:nrow is of 591869"
[1] "2001:214:The number of rows in all_predict_ens1_200m_urban_df is not 230825."
[1] "2001:214:nrow:246332"
[1] "2001:215"
[1] "2003:175:The number of rows in all_predict_ens1_200m_urban_df is not 230825."
[1] "2003:175:nrow:246332"
[1] "2003:176"
[1] "2001:215:The number of rows in all_predict_ens1_1km_all_df is not 540261."
[1] "2001:nrow is of 591869"
[1] "2003:176:The number of rows in all_predict_ens1_1km_all_df is not 540261."
[1] "2003:nrow is of 591869"
[1] "2002:224:The number of rows in all_predict_ens1_200m_urban_df is not 230825."
[1] "2002:224:nrow:246332"
[1] "2002:225"
[1] "2002:225:The number of rows in all_predict_ens1_1km_all_df is not 540261."
[1] "2002:nrow is of 591869"
[1] "2001:215:The number of rows in all_predict_ens1_200m_urban_df is not 230825."
[1] "2001:215:nrow:246332"
[1] "2001:216"
[1] "2003:176:The number of rows in all_predict_ens1_200m_urban_df is not 230825."
[1] "2003:176:nrow:246332"
[1] "2003:177"
[1] "2001:216:The number of rows in all_predict_ens1_1km_all_df is not 540261."
[1] "2001:nrow is of 591869"
[1] "2003:177:The number of rows in all_predict_ens1_1km_all_df is not 540261."
[1] "2003:nrow is of 591869"
[1] "2002:225:The number of rows in all_predict_ens1_200m_urban_df is not 230825."
[1] "2002:225:nrow:246332"
[1] "2002:226"
[1] "2002:226:The number of rows in all_predict_ens1_1km_all_df is not 540261."
[1] "2002:nrow is of 591869"
[1] "2001:216:The number of rows in all_predict_ens1_200m_urban_df is not 230825."
[1] "2001:216:nrow:246332"
[1] "2001:217"
[1] "2003:177:The number of rows in all_predict_ens1_200m_urban_df is not 230825."
[1] "2003:177:nrow:246332"
[1] "2003:178"
[1] "2003:178:The number of rows in all_predict_ens1_1km_all_df is not 540261."
[1] "2003:nrow is of 591869"
[1] "2001:217:The number of rows in all_predict_ens1_1km_all_df is not 540261."
[1] "2001:nrow is of 591869"
[1] "2002:226:The number of rows in all_predict_ens1_200m_urban_df is not 230825."
[1] "2002:226:nrow:246332"
[1] "2002:227"
[1] "2002:227:The number of rows in all_predict_ens1_1km_all_df is not 540261."
[1] "2002:nrow is of 591869"
[1] "2003:178:The number of rows in all_predict_ens1_200m_urban_df is not 230825."
[1] "2003:178:nrow:246332"
[1] "2003:179"
[1] "2001:217:The number of rows in all_predict_ens1_200m_urban_df is not 230825."
[1] "2001:217:nrow:246332"
[1] "2001:218"
[1] "2003:179:The number of rows in all_predict_ens1_1km_all_df is not 540261."
[1] "2003:nrow is of 591869"
[1] "2002:227:The number of rows in all_predict_ens1_200m_urban_df is not 230825."
[1] "2002:227:nrow:246332"
[1] "2002:228"
[1] "2001:218:The number of rows in all_predict_ens1_1km_all_df is not 540261."
[1] "2001:nrow is of 591869"
[1] "2002:228:The number of rows in all_predict_ens1_1km_all_df is not 540261."
[1] "2002:nrow is of 591869"
[1] "2003:179:The number of rows in all_predict_ens1_200m_urban_df is not 230825."
[1] "2003:179:nrow:246332"
[1] "2003:180"
[1] "2003:180:The number of rows in all_predict_ens1_1km_all_df is not 540261."
[1] "2003:nrow is of 591869"
[1] "2001:218:The number of rows in all_predict_ens1_200m_urban_df is not 230825."
[1] "2001:218:nrow:246332"
[1] "2001:219"
[1] "2002:228:The number of rows in all_predict_ens1_200m_urban_df is not 230825."
[1] "2002:228:nrow:246332"
[1] "2002:229"
[1] "2001:219:The number of rows in all_predict_ens1_1km_all_df is not 540261."
[1] "2001:nrow is of 591869"
[1] "2002:229:The number of rows in all_predict_ens1_1km_all_df is not 540261."
[1] "2002:nrow is of 591869"
[1] "2003:180:The number of rows in all_predict_ens1_200m_urban_df is not 230825."
[1] "2003:180:nrow:246332"
[1] "2003:181"
[1] "2003:181:The number of rows in all_predict_ens1_1km_all_df is not 540261."
[1] "2003:nrow is of 591869"
[1] "2001:219:The number of rows in all_predict_ens1_200m_urban_df is not 230825."
[1] "2001:219:nrow:246332"
[1] "2001:220"
[1] "2002:229:The number of rows in all_predict_ens1_200m_urban_df is not 230825."
[1] "2002:229:nrow:246332"
[1] "2002:230"
[1] "2001:220:The number of rows in all_predict_ens1_1km_all_df is not 540261."
[1] "2001:nrow is of 591869"
[1] "2002:230:The number of rows in all_predict_ens1_1km_all_df is not 540261."
[1] "2002:nrow is of 591869"
[1] "2003:181:The number of rows in all_predict_ens1_200m_urban_df is not 230825."
[1] "2003:181:nrow:246332"
[1] "2003:182"
[1] "2003:182:The number of rows in all_predict_ens1_1km_all_df is not 540261."
[1] "2003:nrow is of 591869"
[1] "2002:230:The number of rows in all_predict_ens1_200m_urban_df is not 230825."
[1] "2002:230:nrow:246332"
[1] "2002:231"
[1] "2001:220:The number of rows in all_predict_ens1_200m_urban_df is not 230825."
[1] "2001:220:nrow:246332"
[1] "2001:221"
[1] "2002:231:The number of rows in all_predict_ens1_1km_all_df is not 540261."
[1] "2002:nrow is of 591869"
[1] "2001:221:The number of rows in all_predict_ens1_1km_all_df is not 540261."
[1] "2001:nrow is of 591869"
[1] "2003:182:The number of rows in all_predict_ens1_200m_urban_df is not 230825."
[1] "2003:182:nrow:246332"
[1] "2003:183"
[1] "2003:183:The number of rows in all_predict_ens1_1km_all_df is not 540261."
[1] "2003:nrow is of 591869"
[1] "2002:231:The number of rows in all_predict_ens1_200m_urban_df is not 230825."
[1] "2002:231:nrow:246332"
[1] "2002:232"
[1] "2001:221:The number of rows in all_predict_ens1_200m_urban_df is not 230825."
[1] "2001:221:nrow:246332"
[1] "2001:222"
[1] "2002:232:The number of rows in all_predict_ens1_1km_all_df is not 540261."
[1] "2002:nrow is of 591869"
[1] "2001:222:The number of rows in all_predict_ens1_1km_all_df is not 540261."
[1] "2001:nrow is of 591869"
[1] "2003:183:The number of rows in all_predict_ens1_200m_urban_df is not 230825."
[1] "2003:183:nrow:246332"
[1] "2003:184"
[1] "2003:184:The number of rows in all_predict_ens1_1km_all_df is not 540261."
[1] "2003:nrow is of 591869"
[1] "2001:222:The number of rows in all_predict_ens1_200m_urban_df is not 230825."
[1] "2001:222:nrow:246332"
[1] "2001:223"
[1] "2002:232:The number of rows in all_predict_ens1_200m_urban_df is not 230825."
[1] "2002:232:nrow:246332"
[1] "2002:233"
[1] "2001:223:The number of rows in all_predict_ens1_1km_all_df is not 540261."
[1] "2001:nrow is of 591869"
[1] "2002:233:The number of rows in all_predict_ens1_1km_all_df is not 540261."
[1] "2002:nrow is of 591869"
[1] "2003:184:The number of rows in all_predict_ens1_200m_urban_df is not 230825."
[1] "2003:184:nrow:246332"
[1] "2003:185"
[1] "2003:185:The number of rows in all_predict_ens1_1km_all_df is not 540261."
[1] "2003:nrow is of 591869"
[1] "2001:223:The number of rows in all_predict_ens1_200m_urban_df is not 230825."
[1] "2001:223:nrow:246332"
[1] "2001:224"
[1] "2002:233:The number of rows in all_predict_ens1_200m_urban_df is not 230825."
[1] "2002:233:nrow:246332"
[1] "2002:234"
[1] "2001:224:The number of rows in all_predict_ens1_1km_all_df is not 540261."
[1] "2001:nrow is of 591869"
[1] "2002:234:The number of rows in all_predict_ens1_1km_all_df is not 540261."
[1] "2002:nrow is of 591869"
[1] "2003:185:The number of rows in all_predict_ens1_200m_urban_df is not 230825."
[1] "2003:185:nrow:246332"
[1] "2003:186"
[1] "2003:186:The number of rows in all_predict_ens1_1km_all_df is not 540261."
[1] "2003:nrow is of 591869"
[1] "2001:224:The number of rows in all_predict_ens1_200m_urban_df is not 230825."
[1] "2001:224:nrow:246332"
[1] "2001:225"
[1] "2002:234:The number of rows in all_predict_ens1_200m_urban_df is not 230825."
[1] "2002:234:nrow:246332"
[1] "2002:235"
[1] "2001:225:The number of rows in all_predict_ens1_1km_all_df is not 540261."
[1] "2001:nrow is of 591869"
[1] "2002:235:The number of rows in all_predict_ens1_1km_all_df is not 540261."
[1] "2002:nrow is of 591869"
[1] "2003:186:The number of rows in all_predict_ens1_200m_urban_df is not 230825."
[1] "2003:186:nrow:246332"
[1] "2003:187"
[1] "2003:187:The number of rows in all_predict_ens1_1km_all_df is not 540261."
[1] "2003:nrow is of 591869"
[1] "2002:235:The number of rows in all_predict_ens1_200m_urban_df is not 230825."
[1] "2002:235:nrow:246332"
[1] "2002:236"
[1] "2001:225:The number of rows in all_predict_ens1_200m_urban_df is not 230825."
[1] "2001:225:nrow:246332"
[1] "2001:226"
[1] "2002:236:The number of rows in all_predict_ens1_1km_all_df is not 540261."
[1] "2002:nrow is of 591869"
[1] "2001:226:The number of rows in all_predict_ens1_1km_all_df is not 540261."
[1] "2001:nrow is of 591869"
[1] "2003:187:The number of rows in all_predict_ens1_200m_urban_df is not 230825."
[1] "2003:187:nrow:246332"
[1] "2003:188"
[1] "2003:188:The number of rows in all_predict_ens1_1km_all_df is not 540261."
[1] "2003:nrow is of 591869"
[1] "2002:236:The number of rows in all_predict_ens1_200m_urban_df is not 230825."
[1] "2002:236:nrow:246332"
[1] "2002:237"
[1] "2001:226:The number of rows in all_predict_ens1_200m_urban_df is not 230825."
[1] "2001:226:nrow:246332"
[1] "2001:227"
[1] "2002:237:The number of rows in all_predict_ens1_1km_all_df is not 540261."
[1] "2002:nrow is of 591869"
[1] "2001:227:The number of rows in all_predict_ens1_1km_all_df is not 540261."
[1] "2001:nrow is of 591869"
[1] "2003:188:The number of rows in all_predict_ens1_200m_urban_df is not 230825."
[1] "2003:188:nrow:246332"
[1] "2003:189"
[1] "2003:189:The number of rows in all_predict_ens1_1km_all_df is not 540261."
[1] "2003:nrow is of 591869"
[1] "2002:237:The number of rows in all_predict_ens1_200m_urban_df is not 230825."
[1] "2002:237:nrow:246332"
[1] "2002:238"
[1] "2002:238:The number of rows in all_predict_ens1_1km_all_df is not 540261."
[1] "2002:nrow is of 591869"
[1] "2001:227:The number of rows in all_predict_ens1_200m_urban_df is not 230825."
[1] "2001:227:nrow:246332"
[1] "2001:228"
[1] "2001:228:The number of rows in all_predict_ens1_1km_all_df is not 540261."
[1] "2001:nrow is of 591869"
[1] "2003:189:The number of rows in all_predict_ens1_200m_urban_df is not 230825."
[1] "2003:189:nrow:246332"
[1] "2003:190"
[1] "2003:190:The number of rows in all_predict_ens1_1km_all_df is not 540261."
[1] "2003:nrow is of 591869"
[1] "2002:238:The number of rows in all_predict_ens1_200m_urban_df is not 230825."
[1] "2002:238:nrow:246332"
[1] "2002:239"
[1] "2002:239:The number of rows in all_predict_ens1_1km_all_df is not 540261."
[1] "2002:nrow is of 591869"
[1] "2001:228:The number of rows in all_predict_ens1_200m_urban_df is not 230825."
[1] "2001:228:nrow:246332"
[1] "2001:229"
[1] "2001:229:The number of rows in all_predict_ens1_1km_all_df is not 540261."
[1] "2001:nrow is of 591869"
[1] "2003:190:The number of rows in all_predict_ens1_200m_urban_df is not 230825."
[1] "2003:190:nrow:246332"
[1] "2003:191"
[1] "2003:191:The number of rows in all_predict_ens1_1km_all_df is not 540261."
[1] "2003:nrow is of 591869"
[1] "2002:239:The number of rows in all_predict_ens1_200m_urban_df is not 230825."
[1] "2002:239:nrow:246332"
[1] "2002:240"
[1] "2002:240:The number of rows in all_predict_ens1_1km_all_df is not 540261."
[1] "2002:nrow is of 591869"
[1] "2001:229:The number of rows in all_predict_ens1_200m_urban_df is not 230825."
[1] "2001:229:nrow:246332"
[1] "2001:230"
[1] "2001:230:The number of rows in all_predict_ens1_1km_all_df is not 540261."
[1] "2001:nrow is of 591869"
[1] "2003:191:The number of rows in all_predict_ens1_200m_urban_df is not 230825."
[1] "2003:191:nrow:246332"
[1] "2003:192"
[1] "2003:192:The number of rows in all_predict_ens1_1km_all_df is not 540261."
[1] "2003:nrow is of 591869"
[1] "2002:240:The number of rows in all_predict_ens1_200m_urban_df is not 230825."
[1] "2002:240:nrow:246332"
[1] "2002:241"
[1] "2002:241:The number of rows in all_predict_ens1_1km_all_df is not 540261."
[1] "2002:nrow is of 591869"
[1] "2001:230:The number of rows in all_predict_ens1_200m_urban_df is not 230825."
[1] "2001:230:nrow:246332"
[1] "2001:231"
[1] "2001:231:The number of rows in all_predict_ens1_1km_all_df is not 540261."
[1] "2001:nrow is of 591869"
[1] "2003:192:The number of rows in all_predict_ens1_200m_urban_df is not 230825."
[1] "2003:192:nrow:246332"
[1] "2003:193"
[1] "2003:193:The number of rows in all_predict_ens1_1km_all_df is not 540261."
[1] "2003:nrow is of 591869"
[1] "2002:241:The number of rows in all_predict_ens1_200m_urban_df is not 230825."
[1] "2002:241:nrow:246332"
[1] "2002:242"
[1] "2002:242:The number of rows in all_predict_ens1_1km_all_df is not 540261."
[1] "2002:nrow is of 591869"
[1] "2001:231:The number of rows in all_predict_ens1_200m_urban_df is not 230825."
[1] "2001:231:nrow:246332"
[1] "2001:232"
[1] "2001:232:The number of rows in all_predict_ens1_1km_all_df is not 540261."
[1] "2001:nrow is of 591869"
[1] "2003:193:The number of rows in all_predict_ens1_200m_urban_df is not 230825."
[1] "2003:193:nrow:246332"
[1] "2003:194"
[1] "2002:242:The number of rows in all_predict_ens1_200m_urban_df is not 230825."
[1] "2002:242:nrow:246332"
[1] "2002:243"
[1] "2003:194:The number of rows in all_predict_ens1_1km_all_df is not 540261."
[1] "2003:nrow is of 591869"
[1] "2002:243:The number of rows in all_predict_ens1_1km_all_df is not 540261."
[1] "2002:nrow is of 591869"
[1] "2001:232:The number of rows in all_predict_ens1_200m_urban_df is not 230825."
[1] "2001:232:nrow:246332"
[1] "2001:233"
[1] "2001:233:The number of rows in all_predict_ens1_1km_all_df is not 540261."
[1] "2001:nrow is of 591869"
[1] "2003:194:The number of rows in all_predict_ens1_200m_urban_df is not 230825."
[1] "2003:194:nrow:246332"
[1] "2003:195"
[1] "2002:243:The number of rows in all_predict_ens1_200m_urban_df is not 230825."
[1] "2002:243:nrow:246332"
[1] "2002:244"
[1] "2003:195:The number of rows in all_predict_ens1_1km_all_df is not 540261."
[1] "2003:nrow is of 591869"
[1] "2002:244:The number of rows in all_predict_ens1_1km_all_df is not 540261."
[1] "2002:nrow is of 591869"
[1] "2001:233:The number of rows in all_predict_ens1_200m_urban_df is not 230825."
[1] "2001:233:nrow:246332"
[1] "2001:234"
[1] "2001:234:The number of rows in all_predict_ens1_1km_all_df is not 540261."
[1] "2001:nrow is of 591869"
[1] "2003:195:The number of rows in all_predict_ens1_200m_urban_df is not 230825."
[1] "2003:195:nrow:246332"
[1] "2003:196"
[1] "2002:244:The number of rows in all_predict_ens1_200m_urban_df is not 230825."
[1] "2002:244:nrow:246332"
[1] "2002:245"
[1] "2003:196:The number of rows in all_predict_ens1_1km_all_df is not 540261."
[1] "2003:nrow is of 591869"
[1] "2002:245:The number of rows in all_predict_ens1_1km_all_df is not 540261."
[1] "2002:nrow is of 591869"
[1] "2001:234:The number of rows in all_predict_ens1_200m_urban_df is not 230825."
[1] "2001:234:nrow:246332"
[1] "2001:235"
[1] "2001:235:The number of rows in all_predict_ens1_1km_all_df is not 540261."
[1] "2001:nrow is of 591869"
[1] "2002:245:The number of rows in all_predict_ens1_200m_urban_df is not 230825."
[1] "2002:245:nrow:246332"
[1] "2002:246"
[1] "2002:246:The number of rows in all_predict_ens1_1km_all_df is not 540261."
[1] "2002:nrow is of 591869"
[1] "2001:235:The number of rows in all_predict_ens1_200m_urban_df is not 230825."
[1] "2001:235:nrow:246332"
[1] "2001:236"
[1] "2001:236:The number of rows in all_predict_ens1_1km_all_df is not 540261."
[1] "2001:nrow is of 591869"
[1] "2002:246:The number of rows in all_predict_ens1_200m_urban_df is not 230825."
[1] "2002:246:nrow:246332"
[1] "2002:247"
[1] "2002:247:The number of rows in all_predict_ens1_1km_all_df is not 540261."
[1] "2002:nrow is of 591869"
[1] "2001:236:The number of rows in all_predict_ens1_200m_urban_df is not 230825."
[1] "2001:236:nrow:246332"
[1] "2001:237"
[1] "2001:237:The number of rows in all_predict_ens1_1km_all_df is not 540261."
[1] "2001:nrow is of 591869"
[1] "2002:247:The number of rows in all_predict_ens1_200m_urban_df is not 230825."
[1] "2002:247:nrow:246332"
[1] "2002:248"
[1] "2002:248:The number of rows in all_predict_ens1_1km_all_df is not 540261."
[1] "2002:nrow is of 591869"
[1] "2001:237:The number of rows in all_predict_ens1_200m_urban_df is not 230825."
[1] "2001:237:nrow:246332"
[1] "2001:238"
[1] "2001:238:The number of rows in all_predict_ens1_1km_all_df is not 540261."
[1] "2001:nrow is of 591869"
[1] "2002:248:The number of rows in all_predict_ens1_200m_urban_df is not 230825."
[1] "2002:248:nrow:246332"
[1] "2002:249"
[1] "2002:249:The number of rows in all_predict_ens1_1km_all_df is not 540261."
[1] "2002:nrow is of 591869"
[1] "2001:238:The number of rows in all_predict_ens1_200m_urban_df is not 230825."
[1] "2001:238:nrow:246332"
[1] "2001:239"
[1] "2001:239:The number of rows in all_predict_ens1_1km_all_df is not 540261."
[1] "2001:nrow is of 591869"
[1] "2002:249:The number of rows in all_predict_ens1_200m_urban_df is not 230825."
[1] "2002:249:nrow:246332"
[1] "2002:250"
[1] "2003:196:The number of rows in all_predict_ens1_200m_urban_df is not 230825."
[1] "2003:196:nrow:246332"
[1] "2003:197"
[1] "2002:250:The number of rows in all_predict_ens1_1km_all_df is not 540261."
[1] "2002:nrow is of 591869"
[1] "2003:197:The number of rows in all_predict_ens1_1km_all_df is not 540261."
[1] "2003:nrow is of 591869"
[1] "2001:239:The number of rows in all_predict_ens1_200m_urban_df is not 230825."
[1] "2001:239:nrow:246332"
[1] "2001:240"
[1] "2001:240:The number of rows in all_predict_ens1_1km_all_df is not 540261."
[1] "2001:nrow is of 591869"
[1] "2002:250:The number of rows in all_predict_ens1_200m_urban_df is not 230825."
[1] "2002:250:nrow:246332"
[1] "2002:251"
[1] "2003:197:The number of rows in all_predict_ens1_200m_urban_df is not 230825."
[1] "2003:197:nrow:246332"
[1] "2003:198"
[1] "2002:251:The number of rows in all_predict_ens1_1km_all_df is not 540261."
[1] "2002:nrow is of 591869"
[1] "2003:198:The number of rows in all_predict_ens1_1km_all_df is not 540261."
[1] "2003:nrow is of 591869"
[1] "2001:240:The number of rows in all_predict_ens1_200m_urban_df is not 230825."
[1] "2001:240:nrow:246332"
[1] "2001:241"
[1] "2001:241:The number of rows in all_predict_ens1_1km_all_df is not 540261."
[1] "2001:nrow is of 591869"
[1] "2002:251:The number of rows in all_predict_ens1_200m_urban_df is not 230825."
[1] "2002:251:nrow:246332"
[1] "2002:252"
[1] "2003:198:The number of rows in all_predict_ens1_200m_urban_df is not 230825."
[1] "2003:198:nrow:246332"
[1] "2003:199"
[1] "2002:252:The number of rows in all_predict_ens1_1km_all_df is not 540261."
[1] "2002:nrow is of 591869"
[1] "2003:199:The number of rows in all_predict_ens1_1km_all_df is not 540261."
[1] "2003:nrow is of 591869"
[1] "2001:241:The number of rows in all_predict_ens1_200m_urban_df is not 230825."
[1] "2001:241:nrow:246332"
[1] "2001:242"
[1] "2001:242:The number of rows in all_predict_ens1_1km_all_df is not 540261."
[1] "2001:nrow is of 591869"
[1] "2002:252:The number of rows in all_predict_ens1_200m_urban_df is not 230825."
[1] "2002:252:nrow:246332"
[1] "2002:253"
[1] "2003:199:The number of rows in all_predict_ens1_200m_urban_df is not 230825."
[1] "2003:199:nrow:246332"
[1] "2003:200"
[1] "2002:253:The number of rows in all_predict_ens1_1km_all_df is not 540261."
[1] "2002:nrow is of 591869"
[1] "2003:200:The number of rows in all_predict_ens1_1km_all_df is not 540261."
[1] "2003:nrow is of 591869"
[1] "2001:242:The number of rows in all_predict_ens1_200m_urban_df is not 230825."
[1] "2001:242:nrow:246332"
[1] "2001:243"
[1] "2001:243:The number of rows in all_predict_ens1_1km_all_df is not 540261."
[1] "2001:nrow is of 591869"
[1] "2002:253:The number of rows in all_predict_ens1_200m_urban_df is not 230825."
[1] "2002:253:nrow:246332"
[1] "2002:254"
[1] "2003:200:The number of rows in all_predict_ens1_200m_urban_df is not 230825."
[1] "2003:200:nrow:246332"
[1] "2003:201"
[1] "2002:254:The number of rows in all_predict_ens1_1km_all_df is not 540261."
[1] "2002:nrow is of 591869"
[1] "2003:201:The number of rows in all_predict_ens1_1km_all_df is not 540261."
[1] "2003:nrow is of 591869"
[1] "2001:243:The number of rows in all_predict_ens1_200m_urban_df is not 230825."
[1] "2001:243:nrow:246332"
[1] "2001:244"
[1] "2001:244:The number of rows in all_predict_ens1_1km_all_df is not 540261."
[1] "2001:nrow is of 591869"
[1] "2003:201:The number of rows in all_predict_ens1_200m_urban_df is not 230825."
[1] "2003:201:nrow:246332"
[1] "2003:202"
[1] "2002:254:The number of rows in all_predict_ens1_200m_urban_df is not 230825."
[1] "2002:254:nrow:246332"
[1] "2002:255"
[1] "2003:202:The number of rows in all_predict_ens1_1km_all_df is not 540261."
[1] "2003:nrow is of 591869"
[1] "2002:255:The number of rows in all_predict_ens1_1km_all_df is not 540261."
[1] "2002:nrow is of 591869"
[1] "2001:244:The number of rows in all_predict_ens1_200m_urban_df is not 230825."
[1] "2001:244:nrow:246332"
[1] "2001:245"
[1] "2001:245:The number of rows in all_predict_ens1_1km_all_df is not 540261."
[1] "2001:nrow is of 591869"
[1] "2003:202:The number of rows in all_predict_ens1_200m_urban_df is not 230825."
[1] "2003:202:nrow:246332"
[1] "2003:203"
[1] "2002:255:The number of rows in all_predict_ens1_200m_urban_df is not 230825."
[1] "2002:255:nrow:246332"
[1] "2002:256"
[1] "2003:203:The number of rows in all_predict_ens1_1km_all_df is not 540261."
[1] "2003:nrow is of 591869"
[1] "2002:256:The number of rows in all_predict_ens1_1km_all_df is not 540261."
[1] "2002:nrow is of 591869"
[1] "2001:245:The number of rows in all_predict_ens1_200m_urban_df is not 230825."
[1] "2001:245:nrow:246332"
[1] "2001:246"
[1] "2001:246:The number of rows in all_predict_ens1_1km_all_df is not 540261."
[1] "2001:nrow is of 591869"
[1] "2003:203:The number of rows in all_predict_ens1_200m_urban_df is not 230825."
[1] "2003:203:nrow:246332"
[1] "2003:204"
[1] "2003:204:The number of rows in all_predict_ens1_1km_all_df is not 540261."
[1] "2003:nrow is of 591869"
[1] "2002:256:The number of rows in all_predict_ens1_200m_urban_df is not 230825."
[1] "2002:256:nrow:246332"
[1] "2002:257"
[1] "2002:257:The number of rows in all_predict_ens1_1km_all_df is not 540261."
[1] "2002:nrow is of 591869"
[1] "2001:246:The number of rows in all_predict_ens1_200m_urban_df is not 230825."
[1] "2001:246:nrow:246332"
[1] "2001:247"
[1] "2001:247:The number of rows in all_predict_ens1_1km_all_df is not 540261."
[1] "2001:nrow is of 591869"
[1] "2003:204:The number of rows in all_predict_ens1_200m_urban_df is not 230825."
[1] "2003:204:nrow:246332"
[1] "2003:205"
[1] "2003:205:The number of rows in all_predict_ens1_1km_all_df is not 540261."
[1] "2003:nrow is of 591869"
[1] "2002:257:The number of rows in all_predict_ens1_200m_urban_df is not 230825."
[1] "2002:257:nrow:246332"
[1] "2002:258"
[1] "2002:258:The number of rows in all_predict_ens1_1km_all_df is not 540261."
[1] "2002:nrow is of 591869"
[1] "2001:247:The number of rows in all_predict_ens1_200m_urban_df is not 230825."
[1] "2001:247:nrow:246332"
[1] "2001:248"
[1] "2001:248:The number of rows in all_predict_ens1_1km_all_df is not 540261."
[1] "2001:nrow is of 591869"
[1] "2003:205:The number of rows in all_predict_ens1_200m_urban_df is not 230825."
[1] "2003:205:nrow:246332"
[1] "2003:206"
[1] "2003:206:The number of rows in all_predict_ens1_1km_all_df is not 540261."
[1] "2003:nrow is of 591869"
[1] "2002:258:The number of rows in all_predict_ens1_200m_urban_df is not 230825."
[1] "2002:258:nrow:246332"
[1] "2002:259"
[1] "2002:259:The number of rows in all_predict_ens1_1km_all_df is not 540261."
[1] "2002:nrow is of 591869"
[1] "2001:248:The number of rows in all_predict_ens1_200m_urban_df is not 230825."
[1] "2001:248:nrow:246332"
[1] "2001:249"
[1] "2003:206:The number of rows in all_predict_ens1_200m_urban_df is not 230825."
[1] "2003:206:nrow:246332"
[1] "2003:207"
[1] "2001:249:The number of rows in all_predict_ens1_1km_all_df is not 540261."
[1] "2001:nrow is of 591869"
[1] "2003:207:The number of rows in all_predict_ens1_1km_all_df is not 540261."
[1] "2003:nrow is of 591869"
[1] "2002:259:The number of rows in all_predict_ens1_200m_urban_df is not 230825."
[1] "2002:259:nrow:246332"
[1] "2002:260"
[1] "2002:260:The number of rows in all_predict_ens1_1km_all_df is not 540261."
[1] "2002:nrow is of 591869"
[1] "2001:249:The number of rows in all_predict_ens1_200m_urban_df is not 230825."
[1] "2001:249:nrow:246332"
[1] "2001:250"
[1] "2003:207:The number of rows in all_predict_ens1_200m_urban_df is not 230825."
[1] "2003:207:nrow:246332"
[1] "2003:208"
[1] "2001:250:The number of rows in all_predict_ens1_1km_all_df is not 540261."
[1] "2001:nrow is of 591869"
[1] "2003:208:The number of rows in all_predict_ens1_1km_all_df is not 540261."
[1] "2003:nrow is of 591869"
[1] "2002:260:The number of rows in all_predict_ens1_200m_urban_df is not 230825."
[1] "2002:260:nrow:246332"
[1] "2002:261"
[1] "2002:261:The number of rows in all_predict_ens1_1km_all_df is not 540261."
[1] "2002:nrow is of 591869"
[1] "2001:250:The number of rows in all_predict_ens1_200m_urban_df is not 230825."
[1] "2001:250:nrow:246332"
[1] "2001:251"
[1] "2001:251:The number of rows in all_predict_ens1_1km_all_df is not 540261."
[1] "2001:nrow is of 591869"
[1] "2003:208:The number of rows in all_predict_ens1_200m_urban_df is not 230825."
[1] "2003:208:nrow:246332"
[1] "2003:209"
[1] "2003:209:The number of rows in all_predict_ens1_1km_all_df is not 540261."
[1] "2003:nrow is of 591869"
[1] "2002:261:The number of rows in all_predict_ens1_200m_urban_df is not 230825."
[1] "2002:261:nrow:246332"
[1] "2002:262"
[1] "2002:262:The number of rows in all_predict_ens1_1km_all_df is not 540261."
[1] "2002:nrow is of 591869"
[1] "2001:251:The number of rows in all_predict_ens1_200m_urban_df is not 230825."
[1] "2001:251:nrow:246332"
[1] "2001:252"
[1] "2001:252:The number of rows in all_predict_ens1_1km_all_df is not 540261."
[1] "2001:nrow is of 591869"
[1] "2003:209:The number of rows in all_predict_ens1_200m_urban_df is not 230825."
[1] "2003:209:nrow:246332"
[1] "2003:210"
[1] "2002:262:The number of rows in all_predict_ens1_200m_urban_df is not 230825."
[1] "2002:262:nrow:246332"
[1] "2002:263"
[1] "2003:210:The number of rows in all_predict_ens1_1km_all_df is not 540261."
[1] "2003:nrow is of 591869"
[1] "2002:263:The number of rows in all_predict_ens1_1km_all_df is not 540261."
[1] "2002:nrow is of 591869"
[1] "2003:210:The number of rows in all_predict_ens1_200m_urban_df is not 230825."
[1] "2003:210:nrow:246332"
[1] "2003:211"
[1] "2003:211:The number of rows in all_predict_ens1_1km_all_df is not 540261."
[1] "2003:nrow is of 591869"
[1] "2002:263:The number of rows in all_predict_ens1_200m_urban_df is not 230825."
[1] "2002:263:nrow:246332"
[1] "2002:264"
[1] "2002:264:The number of rows in all_predict_ens1_1km_all_df is not 540261."
[1] "2002:nrow is of 591869"
[1] "2003:211:The number of rows in all_predict_ens1_200m_urban_df is not 230825."
[1] "2003:211:nrow:246332"
[1] "2003:212"
[1] "2002:264:The number of rows in all_predict_ens1_200m_urban_df is not 230825."
[1] "2002:264:nrow:246332"
[1] "2002:265"
[1] "2003:212:The number of rows in all_predict_ens1_1km_all_df is not 540261."
[1] "2003:nrow is of 591869"
[1] "2002:265:The number of rows in all_predict_ens1_1km_all_df is not 540261."
[1] "2002:nrow is of 591869"
[1] "2003:212:The number of rows in all_predict_ens1_200m_urban_df is not 230825."
[1] "2003:212:nrow:246332"
[1] "2003:213"
[1] "2002:265:The number of rows in all_predict_ens1_200m_urban_df is not 230825."
[1] "2002:265:nrow:246332"
[1] "2002:266"
[1] "2003:213:The number of rows in all_predict_ens1_1km_all_df is not 540261."
[1] "2003:nrow is of 591869"
[1] "2003:213:The number of rows in all_predict_ens1_200m_urban_df is not 230825."
[1] "2003:213:nrow:246332"
[1] "2003:214"
[1] "2003:214:The number of rows in all_predict_ens1_1km_all_df is not 540261."
[1] "2003:nrow is of 591869"
[1] "2003:214:The number of rows in all_predict_ens1_200m_urban_df is not 230825."
[1] "2003:214:nrow:246332"
[1] "2003:215"
[1] "2001:252:The number of rows in all_predict_ens1_200m_urban_df is not 230825."
[1] "2001:252:nrow:246332"
[1] "2001:253"
[1] "2003:215:The number of rows in all_predict_ens1_1km_all_df is not 540261."
[1] "2003:nrow is of 591869"
[1] "2001:253:The number of rows in all_predict_ens1_1km_all_df is not 540261."
[1] "2001:nrow is of 591869"
[1] "2003:215:The number of rows in all_predict_ens1_200m_urban_df is not 230825."
[1] "2003:215:nrow:246332"
[1] "2003:216"
[1] "2001:253:The number of rows in all_predict_ens1_200m_urban_df is not 230825."
[1] "2001:253:nrow:246332"
[1] "2001:254"
[1] "2003:216:The number of rows in all_predict_ens1_1km_all_df is not 540261."
[1] "2003:nrow is of 591869"
[1] "2001:254:The number of rows in all_predict_ens1_1km_all_df is not 540261."
[1] "2001:nrow is of 591869"
[1] "2003:216:The number of rows in all_predict_ens1_200m_urban_df is not 230825."
[1] "2003:216:nrow:246332"
[1] "2003:217"
[1] "2001:254:The number of rows in all_predict_ens1_200m_urban_df is not 230825."
[1] "2001:254:nrow:246332"
[1] "2001:255"
[1] "2003:217:The number of rows in all_predict_ens1_1km_all_df is not 540261."
[1] "2003:nrow is of 591869"
[1] "2001:255:The number of rows in all_predict_ens1_1km_all_df is not 540261."
[1] "2001:nrow is of 591869"
[1] "2002:266:The number of rows in all_predict_ens1_1km_all_df is not 540261."
[1] "2002:nrow is of 591869"
[1] "2003:217:The number of rows in all_predict_ens1_200m_urban_df is not 230825."
[1] "2003:217:nrow:246332"
[1] "2003:218"
[1] "2002:266:The number of rows in all_predict_ens1_200m_urban_df is not 230825."
[1] "2002:266:nrow:246332"
[1] "2002:267"
[1] "2001:255:The number of rows in all_predict_ens1_200m_urban_df is not 230825."
[1] "2001:255:nrow:246332"
[1] "2001:256"
[1] "2003:218:The number of rows in all_predict_ens1_1km_all_df is not 540261."
[1] "2003:nrow is of 591869"
[1] "2002:267:The number of rows in all_predict_ens1_1km_all_df is not 540261."
[1] "2002:nrow is of 591869"
[1] "2001:256:The number of rows in all_predict_ens1_1km_all_df is not 540261."
[1] "2001:nrow is of 591869"
[1] "2003:218:The number of rows in all_predict_ens1_200m_urban_df is not 230825."
[1] "2003:218:nrow:246332"
[1] "2003:219"
[1] "2002:267:The number of rows in all_predict_ens1_200m_urban_df is not 230825."
[1] "2002:267:nrow:246332"
[1] "2002:268"
[1] "2001:256:The number of rows in all_predict_ens1_200m_urban_df is not 230825."
[1] "2001:256:nrow:246332"
[1] "2001:257"
[1] "2003:219:The number of rows in all_predict_ens1_1km_all_df is not 540261."
[1] "2003:nrow is of 591869"
[1] "2002:268:The number of rows in all_predict_ens1_1km_all_df is not 540261."
[1] "2002:nrow is of 591869"
[1] "2001:257:The number of rows in all_predict_ens1_1km_all_df is not 540261."
[1] "2001:nrow is of 591869"
[1] "2003:219:The number of rows in all_predict_ens1_200m_urban_df is not 230825."
[1] "2003:219:nrow:246332"
[1] "2003:220"
[1] "2002:268:The number of rows in all_predict_ens1_200m_urban_df is not 230825."
[1] "2002:268:nrow:246332"
[1] "2002:269"
[1] "2001:257:The number of rows in all_predict_ens1_200m_urban_df is not 230825."
[1] "2001:257:nrow:246332"
[1] "2001:258"
[1] "2003:220:The number of rows in all_predict_ens1_1km_all_df is not 540261."
[1] "2003:nrow is of 591869"
[1] "2002:269:The number of rows in all_predict_ens1_1km_all_df is not 540261."
[1] "2002:nrow is of 591869"
[1] "2001:258:The number of rows in all_predict_ens1_1km_all_df is not 540261."
[1] "2001:nrow is of 591869"
[1] "2003:220:The number of rows in all_predict_ens1_200m_urban_df is not 230825."
[1] "2003:220:nrow:246332"
[1] "2003:221"
[1] "2002:269:The number of rows in all_predict_ens1_200m_urban_df is not 230825."
[1] "2002:269:nrow:246332"
[1] "2002:270"
[1] "2001:258:The number of rows in all_predict_ens1_200m_urban_df is not 230825."
[1] "2001:258:nrow:246332"
[1] "2001:259"
[1] "2003:221:The number of rows in all_predict_ens1_1km_all_df is not 540261."
[1] "2003:nrow is of 591869"
[1] "2002:270:The number of rows in all_predict_ens1_1km_all_df is not 540261."
[1] "2002:nrow is of 591869"
[1] "2001:259:The number of rows in all_predict_ens1_1km_all_df is not 540261."
[1] "2001:nrow is of 591869"
[1] "2003:221:The number of rows in all_predict_ens1_200m_urban_df is not 230825."
[1] "2003:221:nrow:246332"
[1] "2003:222"
[1] "2002:270:The number of rows in all_predict_ens1_200m_urban_df is not 230825."
[1] "2002:270:nrow:246332"
[1] "2002:271"
[1] "2003:222:The number of rows in all_predict_ens1_1km_all_df is not 540261."
[1] "2003:nrow is of 591869"
[1] "2001:259:The number of rows in all_predict_ens1_200m_urban_df is not 230825."
[1] "2001:259:nrow:246332"
[1] "2001:260"
[1] "2001:260:The number of rows in all_predict_ens1_1km_all_df is not 540261."
[1] "2001:nrow is of 591869"
[1] "2002:271:The number of rows in all_predict_ens1_1km_all_df is not 540261."
[1] "2002:nrow is of 591869"
[1] "2003:222:The number of rows in all_predict_ens1_200m_urban_df is not 230825."
[1] "2003:222:nrow:246332"
[1] "2003:223"
[1] "2003:223:The number of rows in all_predict_ens1_1km_all_df is not 540261."
[1] "2003:nrow is of 591869"
[1] "2002:271:The number of rows in all_predict_ens1_200m_urban_df is not 230825."
[1] "2002:271:nrow:246332"
[1] "2002:272"
[1] "2001:260:The number of rows in all_predict_ens1_200m_urban_df is not 230825."
[1] "2001:260:nrow:246332"
[1] "2001:261"
[1] "2002:272:The number of rows in all_predict_ens1_1km_all_df is not 540261."
[1] "2002:nrow is of 591869"
[1] "2001:261:The number of rows in all_predict_ens1_1km_all_df is not 540261."
[1] "2001:nrow is of 591869"
[1] "2003:223:The number of rows in all_predict_ens1_200m_urban_df is not 230825."
[1] "2003:223:nrow:246332"
[1] "2003:224"
[1] "2002:272:The number of rows in all_predict_ens1_200m_urban_df is not 230825."
[1] "2001:261:nrow:246332"
[1][1]002:273" "2001:262"
[1] "2003:224:The number of rows in all_predict_ens1_1km_all_df is not 540261."
[1] "2003:nrow is of 591869"
[1] "2001:262:The number of rows in all_predict_ens1_1km_all_df is not 540261."
[1] "2001:nrow is of 591869"
[1] "2002:273:The number of rows in all_predict_ens1_1km_all_df is not 540261."
[1] "2002:nrow is of 591869"
[1] "2003:224:The number of rows in all_predict_ens1_200m_urban_df is not 230825."
[1] "2003:224:nrow:246332"
[1] "2003:225"
[1] "2002:273:The number of rows in all_predict_ens1_200m_urban_df is not 230825."
[1] "2002:273:nrow:246332"
[1] "2002:274"
[1] "2001:262:The number of rows in all_predict_ens1_200m_urban_df is not 230825."
[1] "2001:262:nrow:246332"
[1] "2001:263"
[1] "2003:225:The number of rows in all_predict_ens1_1km_all_df is not 540261."
[1] "2003:nrow is of 591869"
[1] "2002:274:The number of rows in all_predict_ens1_1km_all_df is not 540261."
[1] "2002:nrow is of 591869"
[1] "2001:263:The number of rows in all_predict_ens1_1km_all_df is not 540261."
[1] "2001:nrow is of 591869"
[1] "2003:225:The number of rows in all_predict_ens1_200m_urban_df is not 230825."
[1] "2003:225:nrow:246332"
[1] "2003:226"
[1] "2002:274:The number of rows in all_predict_ens1_200m_urban_df is not 230825."
[1] "2002:274:nrow:246332"
[1] "2002:275"
[1] "2001:263:The number of rows in all_predict_ens1_200m_urban_df is not 230825."
[1] "2001:263:nrow:246332"
[1] "2001:264"
[1] "2003:226:The number of rows in all_predict_ens1_1km_all_df is not 540261."
[1] "2003:nrow is of 591869"
[1] "2002:275:The number of rows in all_predict_ens1_1km_all_df is not 540261."
[1] "2002:nrow is of 591869"
[1] "2001:264:The number of rows in all_predict_ens1_1km_all_df is not 540261."
[1] "2001:nrow is of 591869"
[1] "2003:226:The number of rows in all_predict_ens1_200m_urban_df is not 230825."
[1] "2003:226:nrow:246332"
[1] "2003:227"
[1] "2002:275:The number of rows in all_predict_ens1_200m_urban_df is not 230825."
[1] "2002:275:nrow:246332"
[1] "2002:276"
[1] "2001:264:The number of rows in all_predict_ens1_200m_urban_df is not 230825."
[1] "2001:264:nrow:246332"
[1] "2001:265"
[1] "2003:227:The number of rows in all_predict_ens1_1km_all_df is not 540261."
[1] "2003:nrow is of 591869"
[1] "2001:265:The number of rows in all_predict_ens1_1km_all_df is not 540261."
[1] "2001:nrow is of 591869"
[1] "2002:276:The number of rows in all_predict_ens1_1km_all_df is not 540261."
[1] "2002:nrow is of 591869"
[1] "2003:227:The number of rows in all_predict_ens1_200m_urban_df is not 230825."
[1] "2003:227:nrow:246332"
[1] "2003:228"
[1] "2003:228:The number of rows in all_predict_ens1_1km_all_df is not 540261."
[1] "2003:nrow is of 591869"
[1] "2002:276:The number of rows in all_predict_ens1_200m_urban_df is not 230825."
[1] "2002:276:nrow:246332"
[1] "2002:277"
[1] "2001:265:The number of rows in all_predict_ens1_200m_urban_df is not 230825."
[1] "2001:265:nrow:246332"
[1] "2001:266"
[1] "2002:277:The number of rows in all_predict_ens1_1km_all_df is not 540261."
[1] "2002:nrow is of 591869"
[1] "2001:266:The number of rows in all_predict_ens1_1km_all_df is not 540261."
[1] "2001:nrow is of 591869"
[1] "2003:228:The number of rows in all_predict_ens1_200m_urban_df is not 230825."
[1] "2003:228:nrow:246332"
[1] "2003:229"
[1] "2003:229:The number of rows in all_predict_ens1_1km_all_df is not 540261."
[1] "2003:nrow is of 591869"
[1] "2002:277:The number of rows in all_predict_ens1_200m_urban_df is not 230825."
[1] "2002:277:nrow:246332"
[1] "2002:278"
[1] "2001:266:The number of rows in all_predict_ens1_200m_urban_df is not 230825."
[1] "2001:266:nrow:246332"
[1] "2001:267"
[1] "2002:278:The number of rows in all_predict_ens1_1km_all_df is not 540261."
[1] "2002:nrow is of 591869"
[1] "2001:267:The number of rows in all_predict_ens1_1km_all_df is not 540261."
[1] "2001:nrow is of 591869"
[1] "2003:229:The number of rows in all_predict_ens1_200m_urban_df is not 230825."
[1] "2003:229:nrow:246332"
[1] "2003:230"
[1] "2003:230:The number of rows in all_predict_ens1_1km_all_df is not 540261."
[1] "2003:nrow is of 591869"
[1] "2002:278:The number of rows in all_predict_ens1_200m_urban_df is not 230825."
[1] "2002:278:nrow:246332"
[1] "2002:279"
[1] "2001:267:The number of rows in all_predict_ens1_200m_urban_df is not 230825."
[1] "2001:267:nrow:246332"
[1] "2001:268"
[1] "2002:279:The number of rows in all_predict_ens1_1km_all_df is not 540261."
[1] "2002:nrow is of 591869"
[1] "2001:268:The number of rows in all_predict_ens1_1km_all_df is not 540261."
[1] "2001:nrow is of 591869"
[1] "2003:230:The number of rows in all_predict_ens1_200m_urban_df is not 230825."
[1] "2003:230:nrow:246332"
[1] "2003:231"
[1] "2002:279:The number of rows in all_predict_ens1_200m_urban_df is not 230825."
[1] "2002:279:nrow:246332"
[1] "2002:280"
[1] "2003:231:The number of rows in all_predict_ens1_1km_all_df is not 540261."
[1] "2003:nrow is of 591869"
[1] "2001:268:The number of rows in all_predict_ens1_200m_urban_df is not 230825."
[1] "2001:268:nrow:246332"
[1] "2001:269"
[1] "2002:280:The number of rows in all_predict_ens1_1km_all_df is not 540261."
[1] "2002:nrow is of 591869"
[1] "2001:269:The number of rows in all_predict_ens1_1km_all_df is not 540261."
[1] "2001:nrow is of 591869"
[1] "2003:231:The number of rows in all_predict_ens1_200m_urban_df is not 230825."
[1] "2003:231:nrow:246332"
[1] "2003:232"
[1] "2003:232:The number of rows in all_predict_ens1_1km_all_df is not 540261."
[1] "2003:nrow is of 591869"
[1] "2002:280:The number of rows in all_predict_ens1_200m_urban_df is not 230825."
[1] "2002:280:nrow:246332"
[1] "2002:281"
[1] "2001:269:The number of rows in all_predict_ens1_200m_urban_df is not 230825."
[1] "2001:269:nrow:246332"
[1] "2001:270"
[1] "2001:270:The number of rows in all_predict_ens1_1km_all_df is not 540261."
[1] "2001:nrow is of 591869"
[1] "2002:281:The number of rows in all_predict_ens1_1km_all_df is not 540261."
[1] "2002:nrow is of 591869"
[1] "2003:232:The number of rows in all_predict_ens1_200m_urban_df is not 230825."
[1] "2003:232:nrow:246332"
[1] "2003:233"
[1] "2003:233:The number of rows in all_predict_ens1_1km_all_df is not 540261."
[1] "2003:nrow is of 591869"
[1] "2001:270:The number of rows in all_predict_ens1_200m_urban_df is not 230825."
[1] "2001:270:nrow:246332"
[1] "2001:271"
[1] "2002:281:The number of rows in all_predict_ens1_200m_urban_df is not 230825."
[1] "2002:281:nrow:246332"
[1] "2002:282"
[1] "2002:282:The number of rows in all_predict_ens1_1km_all_df is not 540261."
[1] "2002:nrow is of 591869"
[1] "2001:271:The number of rows in all_predict_ens1_1km_all_df is not 540261."
[1] "2001:nrow is of 591869"
[1] "2003:233:The number of rows in all_predict_ens1_200m_urban_df is not 230825."
[1] "2003:233:nrow:246332"
[1] "2003:234"
[1] "2003:234:The number of rows in all_predict_ens1_1km_all_df is not 540261."
[1] "2003:nrow is of 591869"
[1] "2002:282:The number of rows in all_predict_ens1_200m_urban_df is not 230825."
[1] "2002:282:nrow:246332"
[1] "2002:283"
[1] "2001:271:The number of rows in all_predict_ens1_200m_urban_df is not 230825."
[1] "2001:271:nrow:246332"
[1] "2001:272"
[1] "2002:283:The number of rows in all_predict_ens1_1km_all_df is not 540261."
[1] "2002:nrow is of 591869"
[1] "2001:272:The number of rows in all_predict_ens1_1km_all_df is not 540261."
[1] "2001:nrow is of 591869"
[1] "2003:234:The number of rows in all_predict_ens1_200m_urban_df is not 230825."
[1] "2003:234:nrow:246332"
[1] "2003:235"
[1] "2003:235:The number of rows in all_predict_ens1_1km_all_df is not 540261."
[1] "2003:nrow is of 591869"
[1] "2002:283:The number of rows in all_predict_ens1_200m_urban_df is not 230825."
[1] "2002:283:nrow:246332"
[1] "2002:284"
[1] "2001:272:The number of rows in all_predict_ens1_200m_urban_df is not 230825."
[1] "2001:272:nrow:246332"
[1] "2001:273"
[1] "2002:284:The number of rows in all_predict_ens1_1km_all_df is not 540261."
[1] "2002:nrow is of 591869"
[1] "2001:273:The number of rows in all_predict_ens1_1km_all_df is not 540261."
[1] "2001:nrow is of 591869"
[1] "2003:235:The number of rows in all_predict_ens1_200m_urban_df is not 230825."
[1] "2003:235:nrow:246332"
[1] "2003:236"
[1] "2003:236:The number of rows in all_predict_ens1_1km_all_df is not 540261."
[1] "2003:nrow is of 591869"
[1] "2002:284:The number of rows in all_predict_ens1_200m_urban_df is not 230825."
[1] "2002:284:nrow:246332"
[1] "2002:285"
[1] "2002:285:The number of rows in all_predict_ens1_1km_all_df is not 540261."
[1] "2002:nrow is of 591869"
[1] "2001:273:The number of rows in all_predict_ens1_200m_urban_df is not 230825."
[1] "2001:273:nrow:246332"
[1] "2001:274"
[1] "2001:274:The number of rows in all_predict_ens1_1km_all_df is not 540261."
[1] "2001:nrow is of 591869"
[1] "2003:236:The number of rows in all_predict_ens1_200m_urban_df is not 230825."
[1] "2003:236:nrow:246332"
[1] "2003:237"
[1] "2003:237:The number of rows in all_predict_ens1_1km_all_df is not 540261."
[1] "2003:nrow is of 591869"
[1] "2002:285:The number of rows in all_predict_ens1_200m_urban_df is not 230825."
[1] "2002:285:nrow:246332"
[1] "2002:286"
[1] "2002:286:The number of rows in all_predict_ens1_1km_all_df is not 540261."
[1] "2002:nrow is of 591869"
[1] "2001:274:The number of rows in all_predict_ens1_200m_urban_df is not 230825."
[1] "2001:274:nrow:246332"
[1] "2001:275"
[1] "2001:275:The number of rows in all_predict_ens1_1km_all_df is not 540261."
[1] "2001:nrow is of 591869"
[1] "2003:237:The number of rows in all_predict_ens1_200m_urban_df is not 230825."
[1] "2003:237:nrow:246332"
[1] "2003:238"
[1] "2002:286:The number of rows in all_predict_ens1_200m_urban_df is not 230825."
[1] "2002:286:nrow:246332"
[1] "2002:287"
[1] "2003:238:The number of rows in all_predict_ens1_1km_all_df is not 540261."
[1] "2003:nrow is of 591869"
[1] "2002:287:The number of rows in all_predict_ens1_1km_all_df is not 540261."
[1] "2002:nrow is of 591869"
[1] "2001:275:The number of rows in all_predict_ens1_200m_urban_df is not 230825."
[1] "2001:275:nrow:246332"
[1] "2001:276"
[1] "2001:276:The number of rows in all_predict_ens1_1km_all_df is not 540261."
[1] "2001:nrow is of 591869"
[1] "2003:238:The number of rows in all_predict_ens1_200m_urban_df is not 230825."
[1] "2003:238:nrow:246332"
[1] "2003:239"
[1] "2002:287:The number of rows in all_predict_ens1_200m_urban_df is not 230825."
[1] "2002:287:nrow:246332"
[1] "2002:288"
[1] "2003:239:The number of rows in all_predict_ens1_1km_all_df is not 540261."
[1] "2003:nrow is of 591869"
[1] "2002:288:The number of rows in all_predict_ens1_1km_all_df is not 540261."
[1] "2002:nrow is of 591869"
[1] "2001:276:The number of rows in all_predict_ens1_200m_urban_df is not 230825."
[1] "2001:276:nrow:246332"
[1] "2001:277"
[1] "2001:277:The number of rows in all_predict_ens1_1km_all_df is not 540261."
[1] "2001:nrow is of 591869"
[1] "2003:239:The number of rows in all_predict_ens1_200m_urban_df is not 230825."
[1] "2003:239:nrow:246332"
[1] "2003:240"
[1] "2002:288:The number of rows in all_predict_ens1_200m_urban_df is not 230825."
[1] "2002:288:nrow:246332"
[1] "2002:289"
[1] "2003:240:The number of rows in all_predict_ens1_1km_all_df is not 540261."
[1] "2003:nrow is of 591869"
[1] "2002:289:The number of rows in all_predict_ens1_1km_all_df is not 540261."
[1] "2002:nrow is of 591869"
[1] "2001:277:The number of rows in all_predict_ens1_200m_urban_df is not 230825."
[1] "2001:277:nrow:246332"
[1] "2001:278"
[1] "2001:278:The number of rows in all_predict_ens1_1km_all_df is not 540261."
[1] "2001:nrow is of 591869"
[1] "2003:240:The number of rows in all_predict_ens1_200m_urban_df is not 230825."
[1] "2003:240:nrow:246332"
[1] "2003:241"
[1] "2002:289:The number of rows in all_predict_ens1_200m_urban_df is not 230825."
[1] "2002:289:nrow:246332"
[1] "2002:290"
[1] "2003:241:The number of rows in all_predict_ens1_1km_all_df is not 540261."
[1] "2003:nrow is of 591869"
[1] "2002:290:The number of rows in all_predict_ens1_1km_all_df is not 540261."
[1] "2002:nrow is of 591869"
[1] "2001:278:The number of rows in all_predict_ens1_200m_urban_df is not 230825."
[1] "2001:278:nrow:246332"
[1] "2001:279"
[1] "2001:279:The number of rows in all_predict_ens1_1km_all_df is not 540261."
[1] "2001:nrow is of 591869"
[1] "2003:241:The number of rows in all_predict_ens1_200m_urban_df is not 230825."
[1] "2003:241:nrow:246332"
[1] "2003:242"
[1] "2002:290:The number of rows in all_predict_ens1_200m_urban_df is not 230825."
[1] "2002:290:nrow:246332"
[1] "2002:291"
[1] "2003:242:The number of rows in all_predict_ens1_1km_all_df is not 540261."
[1] "2003:nrow is of 591869"
[1] "2002:291:The number of rows in all_predict_ens1_1km_all_df is not 540261."
[1] "2002:nrow is of 591869"
[1] "2001:279:The number of rows in all_predict_ens1_200m_urban_df is not 230825."
[1] "2001:279:nrow:246332"
[1] "2001:280"
[1] "2001:280:The number of rows in all_predict_ens1_1km_all_df is not 540261."
[1] "2001:nrow is of 591869"
[1] "2003:242:The number of rows in all_predict_ens1_200m_urban_df is not 230825."
[1] "2003:242:nrow:246332"
[1] "2003:243"
[1] "2002:291:The number of rows in all_predict_ens1_200m_urban_df is not 230825."
[1] "2002:291:nrow:246332"
[1] "2002:292"
[1] "2003:243:The number of rows in all_predict_ens1_1km_all_df is not 540261."
[1] "2003:nrow is of 591869"
[1] "2002:292:The number of rows in all_predict_ens1_1km_all_df is not 540261."
[1] "2002:nrow is of 591869"
[1] "2001:280:The number of rows in all_predict_ens1_200m_urban_df is not 230825."
[1] "2001:280:nrow:246332"
[1] "2001:281"
[1] "2001:281:The number of rows in all_predict_ens1_1km_all_df is not 540261."
[1] "2001:nrow is of 591869"
[1] "2003:243:The number of rows in all_predict_ens1_200m_urban_df is not 230825."
[1] "2003:243:nrow:246332"
[1] "2003:244"
[1] "2002:292:The number of rows in all_predict_ens1_200m_urban_df is not 230825."
[1] "2002:292:nrow:246332"
[1] "2002:293"
[1] "2003:244:The number of rows in all_predict_ens1_1km_all_df is not 540261."
[1] "2003:nrow is of 591869"
[1] "2002:293:The number of rows in all_predict_ens1_1km_all_df is not 540261."
[1] "2002:nrow is of 591869"
[1] "2001:281:The number of rows in all_predict_ens1_200m_urban_df is not 230825."
[1] "2001:281:nrow:246332"
[1] "2001:282"
[1] "2003:244:The number of rows in all_predict_ens1_200m_urban_df is not 230825."
[1] "2003:244:nrow:246332"
[1] "2003:245"
[1] "2001:282:The number of rows in all_predict_ens1_1km_all_df is not 540261."
[1] "2001:nrow is of 591869"
[1] "2003:245:The number of rows in all_predict_ens1_1km_all_df is not 540261."
[1] "2003:nrow is of 591869"
[1] "2002:293:The number of rows in all_predict_ens1_200m_urban_df is not 230825."
[1] "2002:293:nrow:246332"
[1] "2002:294"
[1] "2002:294:The number of rows in all_predict_ens1_1km_all_df is not 540261."
[1] "2002:nrow is of 591869"
[1] "2001:282:The number of rows in all_predict_ens1_200m_urban_df is not 230825."
[1] "2001:282:nrow:246332"
[1] "2001:283"
[1] "2003:245:The number of rows in all_predict_ens1_200m_urban_df is not 230825."
[1] "2003:245:nrow:246332"
[1] "2003:246"
[1] "2001:283:The number of rows in all_predict_ens1_1km_all_df is not 540261."
[1] "2001:nrow is of 591869"
[1] "2003:246:The number of rows in all_predict_ens1_1km_all_df is not 540261."
[1] "2003:nrow is of 591869"
[1] "2002:294:The number of rows in all_predict_ens1_200m_urban_df is not 230825."
[1] "2002:294:nrow:246332"
[1] "2002:295"
[1] "2002:295:The number of rows in all_predict_ens1_1km_all_df is not 540261."
[1] "2002:nrow is of 591869"
[1] "2003:246:The number of rows in all_predict_ens1_200m_urban_df is not 230825."
[1] "2003:246:nrow:246332"
[1] "2003:247"
[1] "2001:283:The number of rows in all_predict_ens1_200m_urban_df is not 230825."
[1] "2001:283:nrow:246332"
[1] "2001:284"
[1] "2003:247:The number of rows in all_predict_ens1_1km_all_df is not 540261."
[1] "2003:nrow is of 591869"
[1] "2001:284:The number of rows in all_predict_ens1_1km_all_df is not 540261."
[1] "2001:nrow is of 591869"
[1] "2002:295:The number of rows in all_predict_ens1_200m_urban_df is not 230825."
[1] "2002:295:nrow:246332"
[1] "2002:296"
[1] "2002:296:The number of rows in all_predict_ens1_1km_all_df is not 540261."
[1] "2002:nrow is of 591869"
[1] "2003:247:The number of rows in all_predict_ens1_200m_urban_df is not 230825."
[1] "2003:247:nrow:246332"
[1] "2003:248"
[1] "2001:284:The number of rows in all_predict_ens1_200m_urban_df is not 230825."
[1] "2001:284:nrow:246332"
[1] "2001:285"
[1] "2003:248:The number of rows in all_predict_ens1_1km_all_df is not 540261."
[1] "2003:nrow is of 591869"
[1] "2001:285:The number of rows in all_predict_ens1_1km_all_df is not 540261."
[1] "2001:nrow is of 591869"
[1] "2002:296:The number of rows in all_predict_ens1_200m_urban_df is not 230825."
[1] "2002:296:nrow:246332"
[1] "2002:297"
[1] "2002:297:The number of rows in all_predict_ens1_1km_all_df is not 540261."
[1] "2002:nrow is of 591869"
[1] "2003:248:The number of rows in all_predict_ens1_200m_urban_df is not 230825."
[1] "2003:248:nrow:246332"
[1] "2003:249"
[1] "2001:285:The number of rows in all_predict_ens1_200m_urban_df is not 230825."
[1] "2001:285:nrow:246332"
[1] "2001:286"
[1] "2003:249:The number of rows in all_predict_ens1_1km_all_df is not 540261."
[1] "2003:nrow is of 591869"
[1] "2001:286:The number of rows in all_predict_ens1_1km_all_df is not 540261."
[1] "2001:nrow is of 591869"
[1] "2002:297:The number of rows in all_predict_ens1_200m_urban_df is not 230825."
[1] "2002:297:nrow:246332"
[1] "2002:298"
[1] "2002:298:The number of rows in all_predict_ens1_1km_all_df is not 540261."
[1] "2002:nrow is of 591869"
[1] "2003:249:The number of rows in all_predict_ens1_200m_urban_df is not 230825."
[1] "2003:249:nrow:246332"
[1] "2003:250"
[1] "2001:286:The number of rows in all_predict_ens1_200m_urban_df is not 230825."
[1] "2001:286:nrow:246332"
[1] "2001:287"
[1] "2003:250:The number of rows in all_predict_ens1_1km_all_df is not 540261."
[1] "2003:nrow is of 591869"
[1] "2001:287:The number of rows in all_predict_ens1_1km_all_df is not 540261."
[1] "2001:nrow is of 591869"
[1] "2002:298:The number of rows in all_predict_ens1_200m_urban_df is not 230825."
[1] "2002:298:nrow:246332"
[1] "2002:299"
[1] "2002:299:The number of rows in all_predict_ens1_1km_all_df is not 540261."
[1] "2002:nrow is of 591869"
[1] "2003:250:The number of rows in all_predict_ens1_200m_urban_df is not 230825."
[1] "2003:250:nrow:246332"
[1] "2003:251"
[1] "2003:251:The number of rows in all_predict_ens1_1km_all_df is not 540261."
[1] "2003:nrow is of 591869"
[1] "2001:287:The number of rows in all_predict_ens1_200m_urban_df is not 230825."
[1] "2001:287:nrow:246332"
[1] "2001:288"
[1] "2001:288:The number of rows in all_predict_ens1_1km_all_df is not 540261."
[1] "2001:nrow is of 591869"
[1] "2002:299:The number of rows in all_predict_ens1_200m_urban_df is not 230825."
[1] "2002:299:nrow:246332"
[1] "2002:300"
[1] "2002:300:The number of rows in all_predict_ens1_1km_all_df is not 540261."
[1] "2002:nrow is of 591869"
[1] "2003:251:The number of rows in all_predict_ens1_200m_urban_df is not 230825."
[1] "2003:251:nrow:246332"
[1] "2003:252"
[1] "2003:252:The number of rows in all_predict_ens1_1km_all_df is not 540261."
[1] "2003:nrow is of 591869"
[1] "2001:288:The number of rows in all_predict_ens1_200m_urban_df is not 230825."
[1] "2001:288:nrow:246332"
[1] "2001:289"
[1] "2001:289:The number of rows in all_predict_ens1_1km_all_df is not 540261."
[1] "2001:nrow is of 591869"
[1] "2002:300:The number of rows in all_predict_ens1_200m_urban_df is not 230825."
[1] "2002:300:nrow:246332"
[1] "2002:301"
[1] "2002:301:The number of rows in all_predict_ens1_1km_all_df is not 540261."
[1] "2002:nrow is of 591869"
[1] "2003:252:The number of rows in all_predict_ens1_200m_urban_df is not 230825."
[1] "2003:252:nrow:246332"
[1] "2003:253"
[1] "2003:253:The number of rows in all_predict_ens1_1km_all_df is not 540261."
[1] "2003:nrow is of 591869"
[1] "2001:289:The number of rows in all_predict_ens1_200m_urban_df is not 230825."
[1] "2001:289:nrow:246332"
[1] "2001:290"
[1] "2001:290:The number of rows in all_predict_ens1_1km_all_df is not 540261."
[1] "2001:nrow is of 591869"
[1] "2002:301:The number of rows in all_predict_ens1_200m_urban_df is not 230825."
[1] "2002:301:nrow:246332"
[1] "2002:302"
[1] "2002:302:The number of rows in all_predict_ens1_1km_all_df is not 540261."
[1] "2002:nrow is of 591869"
[1] "2003:253:The number of rows in all_predict_ens1_200m_urban_df is not 230825."
[1] "2003:253:nrow:246332"
[1] "2003:254"
[1] "2003:254:The number of rows in all_predict_ens1_1km_all_df is not 540261."
[1] "2003:nrow is of 591869"
[1] "2001:290:The number of rows in all_predict_ens1_200m_urban_df is not 230825."
[1] "2001:290:nrow:246332"
[1] "2001:291"
[1] "2001:291:The number of rows in all_predict_ens1_1km_all_df is not 540261."
[1] "2001:nrow is of 591869"
[1] "2002:302:The number of rows in all_predict_ens1_200m_urban_df is not 230825."
[1] "2002:302:nrow:246332"
[1] "2002:303"
[1] "2003:254:The number of rows in all_predict_ens1_200m_urban_df is not 230825."
[1] "2003:254:nrow:246332"
[1] "2003:255"
[1] "2002:303:The number of rows in all_predict_ens1_1km_all_df is not 540261."
[1] "2002:nrow is of 591869"
[1] "2003:255:The number of rows in all_predict_ens1_1km_all_df is not 540261."
[1] "2003:nrow is of 591869"
[1] "2001:291:The number of rows in all_predict_ens1_200m_urban_df is not 230825."
[1] "2001:291:nrow:246332"
[1] "2001:292"
[1] "2001:292:The number of rows in all_predict_ens1_1km_all_df is not 540261."
[1] "2001:nrow is of 591869"
[1] "2002:303:The number of rows in all_predict_ens1_200m_urban_df is not 230825."
[1] "2002:303:nrow:246332"
[1] "2002:304"
[1] "2003:255:The number of rows in all_predict_ens1_200m_urban_df is not 230825."
[1] "2003:255:nrow:246332"
[1] "2003:256"
[1] "2002:304:The number of rows in all_predict_ens1_1km_all_df is not 540261."
[1] "2002:nrow is of 591869"
[1] "2003:256:The number of rows in all_predict_ens1_1km_all_df is not 540261."
[1] "2003:nrow is of 591869"
[1] "2001:292:The number of rows in all_predict_ens1_200m_urban_df is not 230825."
[1] "2001:292:nrow:246332"
[1] "2001:293"
[1] "2001:293:The number of rows in all_predict_ens1_1km_all_df is not 540261."
[1] "2001:nrow is of 591869"
[1] "2002:304:The number of rows in all_predict_ens1_200m_urban_df is not 230825."
[1] "2002:304:nrow:246332"
[1] "2002:305"
[1] "2003:256:The number of rows in all_predict_ens1_200m_urban_df is not 230825."
[1] "2003:256:nrow:246332"
[1] "2003:257"
[1] "2002:305:The number of rows in all_predict_ens1_1km_all_df is not 540261."
[1] "2002:nrow is of 591869"
[1] "2003:257:The number of rows in all_predict_ens1_1km_all_df is not 540261."
[1] "2003:nrow is of 591869"
[1] "2001:293:The number of rows in all_predict_ens1_200m_urban_df is not 230825."
[1] "2001:293:nrow:246332"
[1] "2001:294"
[1] "2001:294:The number of rows in all_predict_ens1_1km_all_df is not 540261."
[1] "2001:nrow is of 591869"
[1] "2002:305:The number of rows in all_predict_ens1_200m_urban_df is not 230825."
[1] "2002:305:nrow:246332"
[1] "2002:306"
[1] "2003:257:The number of rows in all_predict_ens1_200m_urban_df is not 230825."
[1] "2003:257:nrow:246332"
[1] "2003:258"
[1] "2002:306:The number of rows in all_predict_ens1_1km_all_df is not 540261."
[1] "2002:nrow is of 591869"
[1] "2003:258:The number of rows in all_predict_ens1_1km_all_df is not 540261."
[1] "2003:nrow is of 591869"
[1] "2001:294:The number of rows in all_predict_ens1_200m_urban_df is not 230825."
[1] "2001:294:nrow:246332"
[1] "2001:295"
[1] "2001:295:The number of rows in all_predict_ens1_1km_all_df is not 540261."
[1] "2001:nrow is of 591869"
[1] "2002:306:The number of rows in all_predict_ens1_200m_urban_df is not 230825."
[1] "2002:306:nrow:246332"
[1] "2002:307"
[1] "2003:258:The number of rows in all_predict_ens1_200m_urban_df is not 230825."
[1] "2003:258:nrow:246332"
[1] "2003:259"
[1] "2003:259:The number of rows in all_predict_ens1_1km_all_df is not 540261."
[1] "2003:nrow is of 591869"
[1] "2002:307:The number of rows in all_predict_ens1_1km_all_df is not 540261."
[1] "2002:nrow is of 591869"
[1] "2001:295:The number of rows in all_predict_ens1_200m_urban_df is not 230825."
[1] "2001:295:nrow:246332"
[1] "2001:296"
[1] "2001:296:The number of rows in all_predict_ens1_1km_all_df is not 540261."
[1] "2001:nrow is of 591869"
[1] "2003:259:The number of rows in all_predict_ens1_200m_urban_df is not 230825."
[1] "2003:259:nrow:246332"
[1] "2003:260"
[1] "2002:307:The number of rows in all_predict_ens1_200m_urban_df is not 230825."
[1] "2002:307:nrow:246332"
[1] "2002:308"
[1] "2003:260:The number of rows in all_predict_ens1_1km_all_df is not 540261."
[1] "2003:nrow is of 591869"
[1] "2002:308:The number of rows in all_predict_ens1_1km_all_df is not 540261."
[1] "2002:nrow is of 591869"
[1] "2001:296:The number of rows in all_predict_ens1_200m_urban_df is not 230825."
[1] "2001:296:nrow:246332"
[1] "2001:297"
[1] "2001:297:The number of rows in all_predict_ens1_1km_all_df is not 540261."
[1] "2001:nrow is of 591869"
[1] "2003:260:The number of rows in all_predict_ens1_200m_urban_df is not 230825."
[1] "2003:260:nrow:246332"
[1] "2003:261"
[1] "2002:308:The number of rows in all_predict_ens1_200m_urban_df is not 230825."
[1] "2002:308:nrow:246332"
[1] "2002:309"
[1] "2003:261:The number of rows in all_predict_ens1_1km_all_df is not 540261."
[1] "2003:nrow is of 591869"
[1] "2002:309:The number of rows in all_predict_ens1_1km_all_df is not 540261."
[1] "2002:nrow is of 591869"
[1] "2001:297:The number of rows in all_predict_ens1_200m_urban_df is not 230825."
[1] "2001:297:nrow:246332"
[1] "2001:298"
[1] "2001:298:The number of rows in all_predict_ens1_1km_all_df is not 540261."
[1] "2001:nrow is of 591869"
[1] "2003:261:The number of rows in all_predict_ens1_200m_urban_df is not 230825."
[1] "2003:261:nrow:246332"
[1] "2003:262"
[1] "2002:309:The number of rows in all_predict_ens1_200m_urban_df is not 230825."
[1] "2002:309:nrow:246332"
[1] "2002:310"
[1] "2003:262:The number of rows in all_predict_ens1_1km_all_df is not 540261."
[1] "2003:nrow is of 591869"
[1] "2002:310:The number of rows in all_predict_ens1_1km_all_df is not 540261."
[1] "2002:nrow is of 591869"
[1] "2001:298:The number of rows in all_predict_ens1_200m_urban_df is not 230825."
[1] "2001:298:nrow:246332"
[1] "2001:299"
[1] "2001:299:The number of rows in all_predict_ens1_1km_all_df is not 540261."
[1] "2001:nrow is of 591869"
[1] "2003:262:The number of rows in all_predict_ens1_200m_urban_df is not 230825."
[1] "2003:262:nrow:246332"
[1] "2003:263"
[1] "2003:263:The number of rows in all_predict_ens1_1km_all_df is not 540261."
[1] "2003:nrow is of 591869"
[1] "2002:310:The number of rows in all_predict_ens1_200m_urban_df is not 230825."
[1] "2002:310:nrow:246332"
[1] "2002:311"
[1] "2002:311:The number of rows in all_predict_ens1_1km_all_df is not 540261."
[1] "2002:nrow is of 591869"
[1] "2001:299:The number of rows in all_predict_ens1_200m_urban_df is not 230825."
[1] "2001:299:nrow:246332"
[1] "2001:300"
[1] "2001:300:The number of rows in all_predict_ens1_1km_all_df is not 540261."
[1] "2001:nrow is of 591869"
[1] "2003:263:The number of rows in all_predict_ens1_200m_urban_df is not 230825."
[1] "2003:263:nrow:246332"
[1] "2003:264"
[1] "2002:311:The number of rows in all_predict_ens1_200m_urban_df is not 230825."
[1] "2002:311:nrow:246332"
[1] "2002:312"
[1] "2003:264:The number of rows in all_predict_ens1_1km_all_df is not 540261."
[1] "2003:nrow is of 591869"
[1] "2002:312:The number of rows in all_predict_ens1_1km_all_df is not 540261."
[1] "2002:nrow is of 591869"
[1] "2001:300:The number of rows in all_predict_ens1_200m_urban_df is not 230825."
[1] "2001:300:nrow:246332"
[1] "2001:301"
[1] "2001:301:The number of rows in all_predict_ens1_1km_all_df is not 540261."
[1] "2001:nrow is of 591869"
[1] "2003:264:The number of rows in all_predict_ens1_200m_urban_df is not 230825."
[1] "2003:264:nrow:246332"
[1] "2003:265"
[1] "2003:265:The number of rows in all_predict_ens1_1km_all_df is not 540261."
[1] "2003:nrow is of 591869"
[1] "2002:312:The number of rows in all_predict_ens1_200m_urban_df is not 230825."
[1] "2002:312:nrow:246332"
[1] "2002:313"
[1] "2002:313:The number of rows in all_predict_ens1_1km_all_df is not 540261."
[1] "2002:nrow is of 591869"
[1] "2001:301:The number of rows in all_predict_ens1_200m_urban_df is not 230825."
[1] "2001:301:nrow:246332"
[1] "2001:302"
[1] "2001:302:The number of rows in all_predict_ens1_1km_all_df is not 540261."
[1] "2001:nrow is of 591869"
[1] "2003:265:The number of rows in all_predict_ens1_200m_urban_df is not 230825."
[1] "2003:265:nrow:246332"
[1] "2003:266"
[1] "2003:266:The number of rows in all_predict_ens1_1km_all_df is not 540261."
[1] "2003:nrow is of 591869"
[1] "2002:313:The number of rows in all_predict_ens1_200m_urban_df is not 230825."
[1] "2002:313:nrow:246332"
[1] "2002:314"
[1] "2002:314:The number of rows in all_predict_ens1_1km_all_df is not 540261."
[1] "2002:nrow is of 591869"
[1] "2001:302:The number of rows in all_predict_ens1_200m_urban_df is not 230825."
[1] "2001:302:nrow:246332"
[1] "2001:303"
[1] "2003:266:The number of rows in all_predict_ens1_200m_urban_df is not 230825."
[1] "2003:266:nrow:246332"
[1] "2001:303:The number of rows in all_predict_ens1_1km_all_df is not 540261."[[1  "2001:nro
 is of 591869"
[1] "2003:267:The number of rows in all_predict_ens1_1km_all_df is not 540261."
[1] "2003:nrow is of 591869"
[1] "2002:314:The number of rows in all_predict_ens1_200m_urban_df is not 230825."
[1] "2002:314:nrow:246332"
[1] "2002:315"
[1] "2002:315:The number of rows in all_predict_ens1_1km_all_df is not 540261."
[1] "2002:nrow is of 591869"
[1] "2001:303:The number of rows in all_predict_ens1_200m_urban_df is not 230825."
[1] "2001:303:nrow:246332"
[1] "2001:304"
[1] "2003:267:The number of rows in all_predict_ens1_200m_urban_df is not 230825."
[1] "2003:267:nrow:246332"
[1] "2003:268"
[1] "2001:304:The number of rows in all_predict_ens1_1km_all_df is not 540261."
[1] "2001:nrow is of 591869"
[1] "2003:268:The number of rows in all_predict_ens1_1km_all_df is not 540261."
[1] "2003:nrow is of 591869"
[1] "2002:315:The number of rows in all_predict_ens1_200m_urban_df is not 230825."
[1] "2002:315:nrow:246332"
[1] "2002:316"
[1] "2002:316:The number of rows in all_predict_ens1_1km_all_df is not 540261."
[1] "2002:nrow is of 591869"
[1] "2001:304:The number of rows in all_predict_ens1_200m_urban_df is not 230825."
[1] "2001:304:nrow:246332"
[1] "2001:305"
[1] "2003:268:The number of rows in all_predict_ens1_200m_urban_df is not 230825."
[1] "2003:268:nrow:246332"
[1] "2003:269"
[1] "2001:305:The number of rows in all_predict_ens1_1km_all_df is not 540261."
[1] "2001:nrow is of 591869"
[1] "2003:269:The number of rows in all_predict_ens1_1km_all_df is not 540261."
[1] "2003:nrow is of 591869"
[1] "2002:316:The number of rows in all_predict_ens1_200m_urban_df is not 230825."
[1] "2002:316:nrow:246332"
[1] "2002:317"
[1] "2002:317:The number of rows in all_predict_ens1_1km_all_df is not 540261."
[1] "2002:nrow is of 591869"
[1] "2001:305:The number of rows in all_predict_ens1_200m_urban_df is not 230825."
[1] "2001:305:nrow:246332"
[1] "2001:306"
[1] "2003:269:The number of rows in all_predict_ens1_200m_urban_df is not 230825."
[1] "2003:269:nrow:246332"
[1] "2003:270"
[1] "2001:306:The number of rows in all_predict_ens1_1km_all_df is not 540261."
[1] "2001:nrow is of 591869"
[1] "2003:270:The number of rows in all_predict_ens1_1km_all_df is not 540261."
[1] "2003:nrow is of 591869"
[1] "2002:317:The number of rows in all_predict_ens1_200m_urban_df is not 230825."
[1] "2002:317:nrow:246332"
[1] "2002:318"
[1] "2002:318:The number of rows in all_predict_ens1_1km_all_df is not 540261."
[1] "2002:nrow is of 591869"
[1] "2001:306:The number of rows in all_predict_ens1_200m_urban_df is not 230825."
[1] "2001:306:nrow:246332"
[1] "2001:307"
[1] "2003:270:The number of rows in all_predict_ens1_200m_urban_df is not 230825."
[1] "2003:270:nrow:246332"
[1] "2003:271"
[1] "2001:307:The number of rows in all_predict_ens1_1km_all_df is not 540261."
[1] "2001:nrow is of 591869"
[1] "2003:271:The number of rows in all_predict_ens1_1km_all_df is not 540261."
[1] "2003:nrow is of 591869"
[1] "2002:318:The number of rows in all_predict_ens1_200m_urban_df is not 230825."
[1] "2002:318:nrow:246332"
[1] "2002:319"
[1] "2002:319:The number of rows in all_predict_ens1_1km_all_df is not 540261."
[1] "2002:nrow is of 591869"
[1] "2001:307:The number of rows in all_predict_ens1_200m_urban_df is not 230825."
[1] "2001:307:nrow:246332"
[1] "2001:308"
[1] "2003:271:The number of rows in all_predict_ens1_200m_urban_df is not 230825."
[1] "2003:271:nrow:246332"
[1] "2003:272"
[1] "2003:272:The number of rows in all_predict_ens1_1km_all_df is not 540261."
[1] "2003:nrow is of 591869"
[1] "2001:308:The number of rows in all_predict_ens1_1km_all_df is not 540261."
[1] "2001:nrow is of 591869"
[1] "2002:319:The number of rows in all_predict_ens1_200m_urban_df is not 230825."
[1] "2002:319:nrow:246332"
[1] "2002:320"
[1] "2002:320:The number of rows in all_predict_ens1_1km_all_df is not 540261."
[1] "2002:nrow is of 591869"
[1] "2001:308:The number of rows in all_predict_ens1_200m_urban_df is not 230825."
[1] "2001:308:nrow:246332"
[1] "2001:309"
[1] "2003:272:The number of rows in all_predict_ens1_200m_urban_df is not 230825."
[1] "2003:272:nrow:246332"
[1] "2003:273"
[1] "2001:309:The number of rows in all_predict_ens1_1km_all_df is not 540261."
[1] "2001:nrow is of 591869"
[1] "2003:273:The number of rows in all_predict_ens1_1km_all_df is not 540261."
[1] "2003:nrow is of 591869"
[1] "2002:320:The number of rows in all_predict_ens1_200m_urban_df is not 230825."
[1] "2002:320:nrow:246332"
[1] "2002:321"
[1] "2003:273:The number of rows in all_predict_ens1_200m_urban_df is not 230825."
[1] "2003:273:nrow:246332"
[1] "2003:274"
[1] "2002:321:The number of rows in all_predict_ens1_1km_all_df is not 540261."
[1] "2002:nrow is of 591869"
[1] "2001:309:The number of rows in all_predict_ens1_200m_urban_df is not 230825."
[1] "2001:309:nrow:246332"
[1] "2001:310"
[1] "2003:274:The number of rows in all_predict_ens1_1km_all_df is not 540261."
[1] "2003:nrow is of 591869"
[1] "2001:310:The number of rows in all_predict_ens1_1km_all_df is not 540261."
[1] "2001:nrow is of 591869"
[1] "2002:321:The number of rows in all_predict_ens1_200m_urban_df is not 230825."
[1] "2002:321:nrow:246332"
[1] "2002:322"
[1] "2003:274:The number of rows in all_predict_ens1_200m_urban_df is not 230825."
[1] "2003:274:nrow:246332"
[1] "2003:275"
[1] "2002:322:The number of rows in all_predict_ens1_1km_all_df is not 540261."
[1] "2002:nrow is of 591869"
[1] "2001:310:The number of rows in all_predict_ens1_200m_urban_df is not 230825."
[1] "2001:310:nrow:246332"
[1] "2001:311"
[1] "2003:275:The number of rows in all_predict_ens1_1km_all_df is not 540261."
[1] "2003:nrow is of 591869"
[1] "2001:311:The number of rows in all_predict_ens1_1km_all_df is not 540261."
[1] "2001:nrow is of 591869"
[1] "2002:322:The number of rows in all_predict_ens1_200m_urban_df is not 230825."
[1] "2002:322:nrow:246332"
[1] "2002:323"
[1] "2003:275:The number of rows in all_predict_ens1_200m_urban_df is not 230825."
[1] "2003:275:nrow:246332"
[1] "2003:276"
[1] "2002:323:The number of rows in all_predict_ens1_1km_all_df is not 540261."
[1] "2002:nrow is of 591869"
[1] "2001:311:The number of rows in all_predict_ens1_200m_urban_df is not 230825."
[1] "2001:311:nrow:246332"
[1] "2001:312"
[1] "2003:276:The number of rows in all_predict_ens1_1km_all_df is not 540261."
[1] "2003:nrow is of 591869"
[1] "2001:312:The number of rows in all_predict_ens1_1km_all_df is not 540261."
[1] "2001:nrow is of 591869"
[1] "2002:323:The number of rows in all_predict_ens1_200m_urban_df is not 230825."
[1] "2002:323:nrow:246332"
[1] "2002:324"
[1] "2003:276:The number of rows in all_predict_ens1_200m_urban_df is not 230825."
[1] "2003:276:nrow:246332"
[1] "2003:277"
[1] "2001:312:The number of rows in all_predict_ens1_200m_urban_df is not 230825."
[1] "2001:312:nrow:246332"
[1] "2001:313"
[1] "2003:277:The number of rows in all_predict_ens1_1km_all_df is not 540261."
[1] "2003:nrow is of 591869"
[1] "2002:324:The number of rows in all_predict_ens1_1km_all_df is not 540261."
[1] "2002:nrow is of 591869"
[1] "2001:313:The number of rows in all_predict_ens1_1km_all_df is not 540261."
[1] "2001:nrow is of 591869"
[1] "2002:324:The number of rows in all_predict_ens1_200m_urban_df is not 230825."
[1] "2002:324:nrow:246332"
[1] "2002:325"
[1] "2003:277:The number of rows in all_predict_ens1_200m_urban_df is not 230825."
[1] "2003:277:nrow:246332"
[1] "2003:278"
[1] "2002:325:The number of rows in all_predict_ens1_1km_all_df is not 540261."
[1] "2002:nrow is of 591869"
[1] "2001:313:The number of rows in all_predict_ens1_200m_urban_df is not 230825."
[1] "2001:313:nrow:246332"
[1] "2001:314"
[1] "2003:278:The number of rows in all_predict_ens1_1km_all_df is not 540261."
[1] "2003:nrow is of 591869"
[1] "2001:314:The number of rows in all_predict_ens1_1km_all_df is not 540261."
[1] "2001:nrow is of 591869"
[1] "2002:325:The number of rows in all_predict_ens1_200m_urban_df is not 230825."
[1] "2002:325:nrow:246332"
[1] "2002:326"
[1] "2002:326:The number of rows in all_predict_ens1_1km_all_df is not 540261."
[1] "2002:nrow is of 591869"
[1] "2001:314:The number of rows in all_predict_ens1_200m_urban_df is not 230825."
[1] "2001:314:nrow:246332"
[1] "2001:315"
[1] "2001:315:The number of rows in all_predict_ens1_1km_all_df is not 540261."
[1] "2001:nrow is of 591869"
[1] "2002:326:The number of rows in all_predict_ens1_200m_urban_df is not 230825."
[1] "2002:326:nrow:246332"
[1] "2002:327"
[1] "2002:327:The number of rows in all_predict_ens1_1km_all_df is not 540261."
[1] "2002:nrow is of 591869"
[1] "2001:315:The number of rows in all_predict_ens1_200m_urban_df is not 230825."
[1] "2001:315:nrow:246332"
[1] "2001:316"
[1] "2001:316:The number of rows in all_predict_ens1_1km_all_df is not 540261."
[1] "2001:nrow is of 591869"
[1] "2002:327:The number of rows in all_predict_ens1_200m_urban_df is not 230825."
[1] "2002:327:nrow:246332"
[1] "2002:328"
[1] "2002:328:The number of rows in all_predict_ens1_1km_all_df is not 540261."
[1] "2002:nrow is of 591869"
[1] "2001:316:The number of rows in all_predict_ens1_200m_urban_df is not 230825."
[1] "2001:316:nrow:246332"
[1] "2001:317"
[1] "2001:317:The number of rows in all_predict_ens1_1km_all_df is not 540261."
[1] "2001:nrow is of 591869"
[1] "2002:328:The number of rows in all_predict_ens1_200m_urban_df is not 230825."
[1] "2002:328:nrow:246332"
[1] "2002:329"
[1] "2002:329:The number of rows in all_predict_ens1_1km_all_df is not 540261."
[1] "2002:nrow is of 591869"
[1] "2001:317:The number of rows in all_predict_ens1_200m_urban_df is not 230825."
[1] "2001:317:nrow:246332"
[1] "2001:318"
[1] "2001:318:The number of rows in all_predict_ens1_1km_all_df is not 540261."
[1] "2001:nrow is of 591869"
[1] "2002:329:The number of rows in all_predict_ens1_200m_urban_df is not 230825."
[1] "2002:329:nrow:246332"
[1] "2002:330"
[1] "2003:278:The number of rows in all_predict_ens1_200m_urban_df is not 230825."
[1] "2003:278:nrow:246332"
[1] "2003:279"
[1] "2002:330:The number of rows in all_predict_ens1_1km_all_df is not 540261."
[1] "2002:nrow is of 591869"
[1] "2003:279:The number of rows in all_predict_ens1_1km_all_df is not 540261."
[1] "2003:nrow is of 591869"
[1] "2001:318:The number of rows in all_predict_ens1_200m_urban_df is not 230825."
[1] "2001:318:nrow:246332"
[1] "2001:319"
[1] "2001:319:The number of rows in all_predict_ens1_1km_all_df is not 540261."
[1] "2001:nrow is of 591869"
[1] "2002:330:The number of rows in all_predict_ens1_200m_urban_df is not 230825."
[1] "2002:330:nrow:246332"
[1] "2002:331"
[1] "2003:279:The number of rows in all_predict_ens1_200m_urban_df is not 230825."
[1] "2003:279:nrow:246332"
[1] "2003:280"
[1] "2002:331:The number of rows in all_predict_ens1_1km_all_df is not 540261."
[1] "2002:nrow is of 591869"
[1] "2003:280:The number of rows in all_predict_ens1_1km_all_df is not 540261."
[1] "2003:nrow is of 591869"
[1] "2001:319:The number of rows in all_predict_ens1_200m_urban_df is not 230825."
[1] "2001:319:nrow:246332"
[1] "2001:320"
[1] "2001:320:The number of rows in all_predict_ens1_1km_all_df is not 540261."
[1] "2001:nrow is of 591869"
[1] "2002:331:The number of rows in all_predict_ens1_200m_urban_df is not 230825."
[1] "2002:331:nrow:246332"
[1] "2002:332"
[1] "2003:280:The number of rows in all_predict_ens1_200m_urban_df is not 230825."
[1] "2003:280:nrow:246332"
[1] "2003:281"
[1] "2002:332:The number of rows in all_predict_ens1_1km_all_df is not 540261."
[1] "2002:nrow is of 591869"
[1] "2001:320:The number of rows in all_predict_ens1_200m_urban_df is not 230825."
[1] "2001:320:nrow:246332"
[1] "2001:321"
[1] "2003:281:The number of rows in all_predict_ens1_1km_all_df is not 540261."
[1] "2003:nrow is of 591869"
[1] "2001:321:The number of rows in all_predict_ens1_1km_all_df is not 540261."
[1] "2001:nrow is of 591869"
[1] "2002:332:The number of rows in all_predict_ens1_200m_urban_df is not 230825."
[1] "2002:332:nrow:246332"
[1] "2002:333"
[1] "2003:281:The number of rows in all_predict_ens1_200m_urban_df is not 230825."
[1] "2003:281:nrow:246332"
[1] "2003:282"
[1] "2002:333:The number of rows in all_predict_ens1_1km_all_df is not 540261."
[1] "2002:nrow is of 591869"
[1] "2001:321:The number of rows in all_predict_ens1_200m_urban_df is not 230825."
[1] "2001:321:nrow:246332"
[1] "2001:322"
[1] "2003:282:The number of rows in all_predict_ens1_1km_all_df is not 540261."
[1] "2003:nrow is of 591869"
[1] "2001:322:The number of rows in all_predict_ens1_1km_all_df is not 540261."
[1] "2001:nrow is of 591869"
[1] "2002:333:The number of rows in all_predict_ens1_200m_urban_df is not 230825."
[1] "2002:333:nrow:246332"
[1] "2002:334"
[1] "2003:282:The number of rows in all_predict_ens1_200m_urban_df is not 230825."
[1] "2003:282:nrow:246332"
[1] "2003:283"
[1] "2002:334:The number of rows in all_predict_ens1_1km_all_df is not 540261."
[1] "2002:nrow is of 591869"
[1] "2001:322:The number of rows in all_predict_ens1_200m_urban_df is not 230825."
[1] "2001:322:nrow:246332"
[1] "2001:323"
[1] "2003:283:The number of rows in all_predict_ens1_1km_all_df is not 540261."
[1] "2003:nrow is of 591869"
[1] "2001:323:The number of rows in all_predict_ens1_1km_all_df is not 540261."
[1] "2001:nrow is of 591869"
[1] "2002:334:The number of rows in all_predict_ens1_200m_urban_df is not 230825."
[1] "2002:334:nrow:246332"
[1] "2002:335"
[1] "2002:335:The number of rows in all_predict_ens1_1km_all_df is not 540261."
[1] "2002:nrow is of 591869"
[1] "2003:283:The number of rows in all_predict_ens1_200m_urban_df is not 230825."
[1] "2003:283:nrow:246332"
[1] "2003:284"
[1] "2003:284:The number of rows in all_predict_ens1_1km_all_df is not 540261."
[1] "2003:nrow is of 591869"
[1] "2002:335:The number of rows in all_predict_ens1_200m_urban_df is not 230825."
[1] "2002:335:nrow:246332"
[1] "2002:336"
[1] "2002:336:The number of rows in all_predict_ens1_1km_all_df is not 540261."
[1] "2002:nrow is of 591869"
[1] "2003:284:The number of rows in all_predict_ens1_200m_urban_df is not 230825."
[1] "2003:284:nrow:246332"
[1] "2003:285"
[1] "2003:285:The number of rows in all_predict_ens1_1km_all_df is not 540261."
[1] "2003:nrow is of 591869"
[1] "2002:336:The number of rows in all_predict_ens1_200m_urban_df is not 230825."
[1] "2002:336:nrow:246332"
[1] "2002:337"
[1] "2003:285:The number of rows in all_predict_ens1_200m_urban_df is not 230825."
[1] "2003:285:nrow:246332"
[1] "2003:286"
[1] "2002:337:The number of rows in all_predict_ens1_1km_all_df is not 540261."
[1] "2002:nrow is of 591869"
[1] "2003:286:The number of rows in all_predict_ens1_1km_all_df is not 540261."
[1] "2003:nrow is of 591869"
[1] "2002:337:The number of rows in all_predict_ens1_200m_urban_df is not 230825."
[1] "2002:337:nrow:246332"
[1] "2002:338"
[1] "2003:286:The number of rows in all_predict_ens1_200m_urban_df is not 230825."
[1] "2003:286:nrow:246332"
[1] "2003:287"
[1] "2002:338:The number of rows in all_predict_ens1_1km_all_df is not 540261."
[1] "2002:nrow is of 591869"
[1] "2003:287:The number of rows in all_predict_ens1_1km_all_df is not 540261."
[1] "2003:nrow is of 591869"
[1] "2002:338:The number of rows in all_predict_ens1_200m_urban_df is not 230825."
[1] "2002:338:nrow:246332"
[1] "2002:339"
[1] "2003:287:The number of rows in all_predict_ens1_200m_urban_df is not 230825."
[1] "2003:287:nrow:246332"
[1] "2003:288"
[1] "2002:339:The number of rows in all_predict_ens1_1km_all_df is not 540261."
[1] "2002:nrow is of 591869"
[1] "2003:288:The number of rows in all_predict_ens1_1km_all_df is not 540261."
[1] "2003:nrow is of 591869"
[1] "2001:323:The number of rows in all_predict_ens1_200m_urban_df is not 230825."
[1] "2001:323:nrow:246332"
[1] "2001:324"
[1] "2001:324:The number of rows in all_predict_ens1_1km_all_df is not 540261."
[1] "2001:nrow is of 591869"
[1] "2002:339:The number of rows in all_predict_ens1_200m_urban_df is not 230825."
[1] "2002:339:nrow:246332"
[1] "2002:340"
[1] "2002:340:The number of rows in all_predict_ens1_1km_all_df is not 540261."
[1] "2002:nrow is of 591869"
[1] "2003:288:The number of rows in all_predict_ens1_200m_urban_df is not 230825."
[1] "2003:288:nrow:246332"
[1] "2003:289"
[1] "2001:324:The number of rows in all_predict_ens1_200m_urban_df is not 230825."
[1] "2001:324:nrow:246332"
[1] "2001:325"
[1] "2003:289:The number of rows in all_predict_ens1_1km_all_df is not 540261."
[1] "2003:nrow is of 591869"
[1] "2001:325:The number of rows in all_predict_ens1_1km_all_df is not 540261."
[1] "2001:nrow is of 591869"
[1] "2002:340:The number of rows in all_predict_ens1_200m_urban_df is not 230825."
[1] "2002:340:nrow:246332"
[1] "2002:341"
[1] "2002:341:The number of rows in all_predict_ens1_1km_all_df is not 540261."
[1] "2002:nrow is of 591869"
[1] "2003:289:The number of rows in all_predict_ens1_200m_urban_df is not 230825."
[1] "2003:289:nrow:246332"
[1] "2003:290"
[1] "2003:290:The number of rows in all_predict_ens1_1km_all_df is not 540261."
[1] "2003:nrow is of 591869"
[1] "2001:325:The number of rows in all_predict_ens1_200m_urban_df is not 230825."
[1] "2001:325:nrow:246332"
[1] "2001:326"
[1] "2001:326:The number of rows in all_predict_ens1_1km_all_df is not 540261."
[1] "2001:nrow is of 591869"
[1] "2002:341:The number of rows in all_predict_ens1_200m_urban_df is not 230825."
[1] "2002:341:nrow:246332"
[1] "2002:342"
[1] "2002:342:The number of rows in all_predict_ens1_1km_all_df is not 540261."
[1] "2002:nrow is of 591869"
[1] "2003:290:The number of rows in all_predict_ens1_200m_urban_df is not 230825."
[1] "2003:290:nrow:246332"
[1] "2003:291"
[1] "2003:291:The number of rows in all_predict_ens1_1km_all_df is not 540261."
[1] "2003:nrow is of 591869"
[1] "2001:326:The number of rows in all_predict_ens1_200m_urban_df is not 230825."
[1] "2001:326:nrow:246332"
[1] "2001:327"
[1] "2001:327:The number of rows in all_predict_ens1_1km_all_df is not 540261."
[1] "2001:nrow is of 591869"
[1] "2002:342:The number of rows in all_predict_ens1_200m_urban_df is not 230825."
[1] "2002:342:nrow:246332"
[1] "2002:343"
[1] "2002:343:The number of rows in all_predict_ens1_1km_all_df is not 540261."
[1] "2002:nrow is of 591869"
[1] "2003:291:The number of rows in all_predict_ens1_200m_urban_df is not 230825."
[1] "2003:291:nrow:246332"
[1] "2003:292"
[1] "2003:292:The number of rows in all_predict_ens1_1km_all_df is not 540261."
[1] "2003:nrow is of 591869"
[1] "2001:327:The number of rows in all_predict_ens1_200m_urban_df is not 230825."
[1] "2001:327:nrow:246332"
[1] "2001:328"
[1] "2001:328:The number of rows in all_predict_ens1_1km_all_df is not 540261."
[1] "2001:nrow is of 591869"
[1] "2002:343:The number of rows in all_predict_ens1_200m_urban_df is not 230825."
[1] "2002:343:nrow:246332"
[1] "2002:344"
[1] "2002:344:The number of rows in all_predict_ens1_1km_all_df is not 540261."
[1] "2002:nrow is of 591869"
[1] "2003:292:The number of rows in all_predict_ens1_200m_urban_df is not 230825."
[1] "2003:292:nrow:246332"
[1] "2003:293"
[1] "2003:293:The number of rows in all_predict_ens1_1km_all_df is not 540261."
[1] "2003:nrow is of 591869"
[1] "2001:328:The number of rows in all_predict_ens1_200m_urban_df is not 230825."
[1] "2001:328:nrow:246332"
[1] "2001:329"
[1] "2001:329:The number of rows in all_predict_ens1_1km_all_df is not 540261."
[1] "2001:nrow is of 591869"
[1] "2002:344:The number of rows in all_predict_ens1_200m_urban_df is not 230825."
[1] "2002:344:nrow:246332"
[1] "2002:345"
[1] "2003:293:The number of rows in all_predict_ens1_200m_urban_df is not 230825."
[1] "2003:293:nrow:246332"
[1] "2003:294"
[1] "2002:345:The number of rows in all_predict_ens1_1km_all_df is not 540261."
[1] "2002:nrow is of 591869"
[1] "2003:294:The number of rows in all_predict_ens1_1km_all_df is not 540261."
[1] "2003:nrow is of 591869"
[1] "2001:329:The number of rows in all_predict_ens1_200m_urban_df is not 230825."
[1] "2001:329:nrow:246332"
[1] "2001:330"
[1] "2001:330:The number of rows in all_predict_ens1_1km_all_df is not 540261."
[1] "2001:nrow is of 591869"
[1] "2002:345:The number of rows in all_predict_ens1_200m_urban_df is not 230825."
[1] "2002:345:nrow:246332"
[1] "2002:346"
[1] "2002:346:The number of rows in all_predict_ens1_1km_all_df is not 540261."
[1] "2002:nrow is of 591869"
[1] "2003:294:The number of rows in all_predict_ens1_200m_urban_df is not 230825."
[1] "2003:294:nrow:246332"
[1] "2003:295"
[1] "2003:295:The number of rows in all_predict_ens1_1km_all_df is not 540261."
[1] "2003:nrow is of 591869"
[1] "2001:330:The number of rows in all_predict_ens1_200m_urban_df is not 230825."
[1] "2001:330:nrow:246332"
[1] "2001:331"
[1] "2002:346:The number of rows in all_predict_ens1_200m_urban_df is not 230825."
[1] "2002:346:nrow:246332"
[1] "2002:347"
[1] "2001:331:The number of rows in all_predict_ens1_1km_all_df is not 540261."
[1] "2001:nrow is of 591869"
[1] "2003:295:The number of rows in all_predict_ens1_200m_urban_df is not 230825."
[1] "2003:295:nrow:246332"
[1] "2003:296"
[1] "2002:347:The number of rows in all_predict_ens1_1km_all_df is not 540261."
[1] "2002:nrow is of 591869"
[1] "2003:296:The number of rows in all_predict_ens1_1km_all_df is not 540261."
[1] "2003:nrow is of 591869"
[1] "2001:331:The number of rows in all_predict_ens1_200m_urban_df is not 230825."
[1] "2001:331:nrow:246332"
[1] "2001:332"
[1] "2002:347:The number of rows in all_predict_ens1_200m_urban_df is not 230825."
[1] "2002:347:nrow:246332"
[1] "2002:348"
[1] "2003:296:The number of rows in all_predict_ens1_200m_urban_df is not 230825."
[1] "2003:296:nrow:246332"
[1] "2003:297"
[1] "2001:332:The number of rows in all_predict_ens1_1km_all_df is not 540261."
[1] "2001:nrow is of 591869"
[1] "2002:348:The number of rows in all_predict_ens1_1km_all_df is not 540261."
[1] "2002:nrow is of 591869"
[1] "2003:297:The number of rows in all_predict_ens1_1km_all_df is not 540261."
[1] "2003:nrow is of 591869"
[1] "2001:332:The number of rows in all_predict_ens1_200m_urban_df is not 230825."
[1] "2001:332:nrow:246332"
[1] "2001:333"
[1] "2003:297:The number of rows in all_predict_ens1_200m_urban_df is not 230825."
[1] "2003:297:nrow:246332"
[1] "2003:298"
[1] "2002:348:The number of rows in all_predict_ens1_200m_urban_df is not 230825."
[1] "2002:348:nrow:246332"
[1] "2002:349"
[1] "2003:298:The number of rows in all_predict_ens1_1km_all_df is not 540261."
[1] "2003:nrow is of 591869"
[1] "2002:349:The number of rows in all_predict_ens1_1km_all_df is not 540261."
[1] "2002:nrow is of 591869"
[1] "2001:333:The number of rows in all_predict_ens1_1km_all_df is not 540261."
[1] "2001:nrow is of 591869"
[1] "2002:349:The number of rows in all_predict_ens1_200m_urban_df is not 230825."
[1] "2002:349:nrow:246332"
[1] "2002:350"
[1] "2001:333:The number of rows in all_predict_ens1_200m_urban_df is not 230825."
[1] "2001:333:nrow:246332"
[1] "2001:334"
[1] "2003:298:The number of rows in all_predict_ens1_200m_urban_df is not 230825."
[1] "2003:298:nrow:246332"
[1] "2003:299"
[1] "2002:350:The number of rows in all_predict_ens1_1km_all_df is not 540261."
[1] "2002:nrow is of 591869"
[1] "2001:334:The number of rows in all_predict_ens1_1km_all_df is not 540261."
[1] "2001:nrow is of 591869"
[1] "2003:299:The number of rows in all_predict_ens1_1km_all_df is not 540261."
[1] "2003:nrow is of 591869"
[1] "2002:350:The number of rows in all_predict_ens1_200m_urban_df is not 230825."
[1] "2002:350:nrow:246332"
[1] "2002:351"
[1] "2001:334:The number of rows in all_predict_ens1_200m_urban_df is not 230825."
[1] "2001:334:nrow:246332"
[1] "2001:335"
[1] "2003:299:The number of rows in all_predict_ens1_200m_urban_df is not 230825."
[1] "2003:299:nrow:246332"
[1] "2003:300"
[1] "2001:335:The number of rows in all_predict_ens1_1km_all_df is not 540261."
[1] "2001:nrow is of 591869"
[1] "2002:351:The number of rows in all_predict_ens1_1km_all_df is not 540261."
[1] "2002:nrow is of 591869"
[1] "2003:300:The number of rows in all_predict_ens1_1km_all_df is not 540261."
[1] "2003:nrow is of 591869"
[1] "2001:335:The number of rows in all_predict_ens1_200m_urban_df is not 230825."
[1] "2001:335:nrow:246332"
[1] "2001:336"
[1] "2002:351:The number of rows in all_predict_ens1_200m_urban_df is not 230825."
[1] "2002:351:nrow:246332"
[1] "2002:352"
[1] "2003:300:The number of rows in all_predict_ens1_200m_urban_df is not 230825."
[1] "2003:300:nrow:246332"
[1] "2003:301"
[1] "2001:336:The number of rows in all_predict_ens1_1km_all_df is not 540261."
[1] "2001:nrow is of 591869"
[1] "2002:352:The number of rows in all_predict_ens1_1km_all_df is not 540261."
[1] "2002:nrow is of 591869"
[1] "2003:301:The number of rows in all_predict_ens1_1km_all_df is not 540261."
[1] "2003:nrow is of 591869"
[1] "2001:336:The number of rows in all_predict_ens1_200m_urban_df is not 230825."
[1] "2001:336:nrow:246332"
[1] "2001:337"
[1] "2003:301:The number of rows in all_predict_ens1_200m_urban_df is not 230825."
[1] "2003:301:nrow:246332"
[1] "2003:302"
[1] "2002:352:The number of rows in all_predict_ens1_200m_urban_df is not 230825."
[1] "2002:352:nrow:246332"
[1] "2002:353"
[1] "2001:337:The number of rows in all_predict_ens1_1km_all_df is not 540261."
[1] "2001:nrow is of 591869"
[1] "2003:302:The number of rows in all_predict_ens1_1km_all_df is not 540261."
[1] "2003:nrow is of 591869"
[1] "2002:353:The number of rows in all_predict_ens1_1km_all_df is not 540261."
[1] "2002:nrow is of 591869"
[1] "2003:302:The number of rows in all_predict_ens1_200m_urban_df is not 230825."
[1] "2003:302:nrow:246332"
[1] "2003:303"
[1] "2002:353:The number of rows in all_predict_ens1_200m_urban_df is not 230825."
[1] "2002:353:nrow:246332"
[1] "2002:354"
[1] "2001:337:The number of rows in all_predict_ens1_200m_urban_df is not 230825."
[1] "2001:337:nrow:246332"
[1] "2001:338"
[1] "2003:303:The number of rows in all_predict_ens1_1km_all_df is not 540261."
[1] "2003:nrow is of 591869"
[1] "2002:354:The number of rows in all_predict_ens1_1km_all_df is not 540261."
[1] "2002:nrow is of 591869"
[1] "2001:338:The number of rows in all_predict_ens1_1km_all_df is not 540261."
[1] "2001:nrow is of 591869"
[1] "2002:354:The number of rows in all_predict_ens1_200m_urban_df is not 230825."
[1] "2002:354:nrow:246332"
[1] "2002:355"
[1] "2001:338:The number of rows in all_predict_ens1_200m_urban_df is not 230825."
[1] "2001:338:nrow:246332"
[1] "2001:339"
[1] "2003:303:The number of rows in all_predict_ens1_200m_urban_df is not 230825."
[1] "2003:303:nrow:246332"
[1] "2003:304"
[1] "2002:355:The number of rows in all_predict_ens1_1km_all_df is not 540261."
[1] "2002:nrow is of 591869"
[1] "2001:339:The number of rows in all_predict_ens1_1km_all_df is not 540261."
[1] "2001:nrow is of 591869"
[1] "2003:304:The number of rows in all_predict_ens1_1km_all_df is not 540261."
[1] "2003:nrow is of 591869"
[1] "2002:355:The number of rows in all_predict_ens1_200m_urban_df is not 230825."
[1] "2002:355:nrow:246332"
[1] "2002:356"
[1] "2001:339:The number of rows in all_predict_ens1_200m_urban_df is not 230825."
[1] "2001:339:nrow:246332"
[1] "2001:340"
[1] "2003:304:The number of rows in all_predict_ens1_200m_urban_df is not 230825."
[1] "2003:304:nrow:246332"
[1] "2003:305"
[1] "2002:356:The number of rows in all_predict_ens1_1km_all_df is not 540261."
[1] "2002:nrow is of 591869"
[1] "2001:340:The number of rows in all_predict_ens1_1km_all_df is not 540261."
[1] "2001:nrow is of 591869"
[1] "2003:305:The number of rows in all_predict_ens1_1km_all_df is not 540261."
[1] "2003:nrow is of 591869"
[1] "2001:340:The number of rows in all_predict_ens1_200m_urban_df is not 230825."
[1] "2001:340:nrow:246332"
[1] "2001:341"
[1] "2002:356:The number of rows in all_predict_ens1_200m_urban_df is not 230825."
[1] "2002:356:nrow:246332"
[1] "2002:357"
[1] "2003:305:The number of rows in all_predict_ens1_200m_urban_df is not 230825."
[1] "2003:305:nrow:246332"
[1] "2003:306"
[1] "2001:341:The number of rows in all_predict_ens1_1km_all_df is not 540261."
[1] "2001:nrow is of 591869"
[1] "2002:357:The number of rows in all_predict_ens1_1km_all_df is not 540261."
[1] "2002:nrow is of 591869"
[1] "2003:306:The number of rows in all_predict_ens1_1km_all_df is not 540261."
[1] "2003:nrow is of 591869"
[1] "2001:341:The number of rows in all_predict_ens1_200m_urban_df is not 230825."
[1] "2001:341:nrow:246332"
[1] "2001:342"
[1] "2002:357:The number of rows in all_predict_ens1_200m_urban_df is not 230825."
[1] "2002:357:nrow:246332"
[1] "2002:358"
[1] "2003:306:The number of rows in all_predict_ens1_200m_urban_df is not 230825."
[1] "2003:306:nrow:246332"
[1] "2003:307"
[1] "2002:358:The number of rows in all_predict_ens1_1km_all_df is not 540261."
[1] "2002:nrow is of 591869"
[1] "2001:342:The number of rows in all_predict_ens1_1km_all_df is not 540261."
[1] "2001:nrow is of 591869"
[1] "2003:307:The number of rows in all_predict_ens1_1km_all_df is not 540261."
[1] "2003:nrow is of 591869"
[1] "2002:358:The number of rows in all_predict_ens1_200m_urban_df is not 230825."
[1] "2002:358:nrow:246332"
[1] "2002:359"
[1] "2001:342:The number of rows in all_predict_ens1_200m_urban_df is not 230825."
[1] "2001:342:nrow:246332"
[1] "2001:343"
[1] "2003:307:The number of rows in all_predict_ens1_200m_urban_df is not 230825."
[1] "2003:307:nrow:246332"
[1] "2003:308"
[1] "2002:359:The number of rows in all_predict_ens1_1km_all_df is not 540261."
[1] "2002:nrow is of 591869"
[1] "2001:343:The number of rows in all_predict_ens1_1km_all_df is not 540261."
[1] "2001:nrow is of 591869"
[1] "2003:308:The number of rows in all_predict_ens1_1km_all_df is not 540261."
[1] "2003:nrow is of 591869"
[1] "2002:359:The number of rows in all_predict_ens1_200m_urban_df is not 230825."
[1] "2002:359:nrow:246332"
[1] "2002:360"
[1] "2001:343:The number of rows in all_predict_ens1_200m_urban_df is not 230825."
[1] "2001:343:nrow:246332"
[1] "2001:344"
[1] "2003:308:The number of rows in all_predict_ens1_200m_urban_df is not 230825."
[1] "2003:308:nrow:246332"
[1] "2003:309"
[1] "2001:344:The number of rows in all_predict_ens1_1km_all_df is not 540261."
[1] "2001:nrow is of 591869"
[1] "2002:360:The number of rows in all_predict_ens1_1km_all_df is not 540261."
[1] "2002:nrow is of 591869"
[1] "2003:309:The number of rows in all_predict_ens1_1km_all_df is not 540261."
[1] "2003:nrow is of 591869"
[1] "2002:360:The number of rows in all_predict_ens1_200m_urban_df is not 230825."
[1] "2002:360:nrow:246332"
[1] "2002:361"
[1] "2001:344:The number of rows in all_predict_ens1_200m_urban_df is not 230825."
[1] "2001:344:nrow:246332"
[1] "2001:345"
[1] "2003:309:The number of rows in all_predict_ens1_200m_urban_df is not 230825."
[1] "2003:309:nrow:246332"
[1] "2003:310"
[1] "2002:361:The number of rows in all_predict_ens1_1km_all_df is not 540261."
[1] "2002:nrow is of 591869"
[1] "2003:310:The number of rows in all_predict_ens1_1km_all_df is not 540261."
[1] "2003:nrow is of 591869"
[1] "2001:345:The number of rows in all_predict_ens1_1km_all_df is not 540261."
[1] "2001:nrow is of 591869"
[1] "2002:361:The number of rows in all_predict_ens1_200m_urban_df is not 230825."
[1] "2002:361:nrow:246332"
[1] "2002:362"
[1] "2003:310:The number of rows in all_predict_ens1_200m_urban_df is not 230825."
[1] "2003:310:nrow:246332"
[1] "2003:311"
[1] "2001:345:The number of rows in all_predict_ens1_200m_urban_df is not 230825."
[1] "2001:345:nrow:246332"
[1] "2001:346"
[1] "2002:362:The number of rows in all_predict_ens1_1km_all_df is not 540261."
[1] "2002:nrow is of 591869"
[1] "2003:311:The number of rows in all_predict_ens1_1km_all_df is not 540261."
[1] "2003:nrow is of 591869"
[1] "2001:346:The number of rows in all_predict_ens1_1km_all_df is not 540261."
[1] "2001:nrow is of 591869"
[1] "2003:311:The number of rows in all_predict_ens1_200m_urban_df is not 230825."
[1] "2003:311:nrow:246332"
[1] "2003:312"
[1] "2002:362:The number of rows in all_predict_ens1_200m_urban_df is not 230825."
[1] "2002:362:nrow:246332"
[1] "2002:363"
[1] "2003:312:The number of rows in all_predict_ens1_1km_all_df is not 540261."
[1] "2003:nrow is of 591869"
[1] "2002:363:The number of rows in all_predict_ens1_1km_all_df is not 540261."
[1] "2002:nrow is of 591869"
[1] "2001:346:The number of rows in all_predict_ens1_200m_urban_df is not 230825."
[1] "2001:346:nrow:246332"
[1] "2001:347"
[1] "2001:347:The number of rows in all_predict_ens1_1km_all_df is not 540261."
[1] "2001:nrow is of 591869"
[1] "2003:312:The number of rows in all_predict_ens1_200m_urban_df is not 230825."
[1] "2003:312:nrow:246332"
[1] "2003:313"
[1] "2002:363:The number of rows in all_predict_ens1_200m_urban_df is not 230825."
[1] "2002:363:nrow:246332"
[1] "2002:364"
[1] "2003:313:The number of rows in all_predict_ens1_1km_all_df is not 540261."
[1] "2003:nrow is of 591869"
[1] "2001:347:The number of rows in all_predict_ens1_200m_urban_df is not 230825."
[1] "2001:347:nrow:246332"
[1] "2001:348"
[1] "2002:364:The number of rows in all_predict_ens1_1km_all_df is not 540261."
[1] "2002:nrow is of 591869"
[1] "2001:348:The number of rows in all_predict_ens1_1km_all_df is not 540261."
[1] "2001:nrow is of 591869"
[1] "2003:313:The number of rows in all_predict_ens1_200m_urban_df is not 230825."
[1] "2003:313:nrow:246332"
[1] "2003:314"
[1] "2002:364:The number of rows in all_predict_ens1_200m_urban_df is not 230825."
[1] "2002:364:nrow:246332"
[1] "2002:365"
[1] "2003:314:The number of rows in all_predict_ens1_1km_all_df is not 540261."
[1] "2003:nrow is of 591869"
[1] "2002:365:The number of rows in all_predict_ens1_1km_all_df is not 540261."
[1] "2002:nrow is of 591869"
[1] "2001:348:The number of rows in all_predict_ens1_200m_urban_df is not 230825."
[1] "2001:348:nrow:246332"
[1] "2001:349"
[1] "2001:349:The number of rows in all_predict_ens1_1km_all_df is not 540261."
[1] "2001:nrow is of 591869"
[1] "2003:314:The number of rows in all_predict_ens1_200m_urban_df is not 230825."
[1] "2003:314:nrow:246332"
[1] "2003:315"
[1] "2002:365:The number of rows in all_predict_ens1_200m_urban_df is not 230825."
[1] "2002:365:nrow:246332"
[1] "2003:315:The number of rows in all_predict_ens1_1km_all_df is not 540261."
[1] "2003:nrow is of 591869"
[1] "2001:349:The number of rows in all_predict_ens1_200m_urban_df is not 230825."
[1] "2001:349:nrow:246332"
[1] "2001:350"
[1] "2001:350:The number of rows in all_predict_ens1_1km_all_df is not 540261."
[1] "2001:nrow is of 591869"
[1] "2003:315:The number of rows in all_predict_ens1_200m_urban_df is not 230825."
[1] "2003:315:nrow:246332"
[1] "2003:316"
[1] "2003:316:The number of rows in all_predict_ens1_1km_all_df is not 540261."
[1] "2003:nrow is of 591869"
[1] "2001:350:The number of rows in all_predict_ens1_200m_urban_df is not 230825."
[1] "2001:350:nrow:246332"
[1] "2001:351"
[1] "2001:351:The number of rows in all_predict_ens1_1km_all_df is not 540261."
[1] "2001:nrow is of 591869"
[1] "2003:316:The number of rows in all_predict_ens1_200m_urban_df is not 230825."
[1] "2003:316:nrow:246332"
[1] "2003:317"
[1] "2003:317:The number of rows in all_predict_ens1_1km_all_df is not 540261."
[1] "2003:nrow is of 591869"
[1] "2001:351:The number of rows in all_predict_ens1_200m_urban_df is not 230825."
[1] "2001:351:nrow:246332"
[1] "2001:352"
[1] "2001:352:The number of rows in all_predict_ens1_1km_all_df is not 540261."
[1] "2001:nrow is of 591869"
[1] "2003:317:The number of rows in all_predict_ens1_200m_urban_df is not 230825."
[1] "2003:317:nrow:246332"
[1] "2003:318"
[1] "2003:318:The number of rows in all_predict_ens1_1km_all_df is not 540261."
[1] "2003:nrow is of 591869"
[1] "2001:352:The number of rows in all_predict_ens1_200m_urban_df is not 230825."
[1] "2001:352:nrow:246332"
[1] "2001:353"
[1] "2001:353:The number of rows in all_predict_ens1_1km_all_df is not 540261."
[1] "2001:nrow is of 591869"
[1] "2003:318:The number of rows in all_predict_ens1_200m_urban_df is not 230825."
[1] "2003:318:nrow:246332"
[1] "2003:319"
[1] "2003:319:The number of rows in all_predict_ens1_1km_all_df is not 540261."
[1] "2003:nrow is of 591869"
[1] "2001:353:The number of rows in all_predict_ens1_200m_urban_df is not 230825."
[1] "2001:353:nrow:246332"
[1] "2001:354"
[1] "2001:354:The number of rows in all_predict_ens1_1km_all_df is not 540261."
[1] "2001:nrow is of 591869"
[1] "2003:319:The number of rows in all_predict_ens1_200m_urban_df is not 230825."
[1] "2003:319:nrow:246332"
[1] "2003:320"
[1] "2004:366"
[1] "2003:320:The number of rows in all_predict_ens1_1km_all_df is not 540261."
[1] "2003:nrow is of 591869"
[1] "2001:354:The number of rows in all_predict_ens1_200m_urban_df is not 230825."
[1] "2001:354:nrow:246332"
[1] "2001:355"
[1] "2001:355:The number of rows in all_predict_ens1_1km_all_df is not 540261."
[1] "2001:nrow is of 591869"
[1] "2003:320:The number of rows in all_predict_ens1_200m_urban_df is not 230825."
[1] "2003:320:nrow:246332"
[1] "2003:321"
[1] "2003:321:The number of rows in all_predict_ens1_1km_all_df is not 540261."
[1] "2003:nrow is of 591869"
[1] "2001:355:The number of rows in all_predict_ens1_200m_urban_df is not 230825."
[1] "2001:355:nrow:246332"
[1] "2001:356"
[1] "2001:356:The number of rows in all_predict_ens1_1km_all_df is not 540261."
[1] "2001:nrow is of 591869"
[1] "2003:321:The number of rows in all_predict_ens1_200m_urban_df is not 230825."
[1] "2003:321:nrow:246332"
[1] "2003:322"
[1] "2003:322:The number of rows in all_predict_ens1_1km_all_df is not 540261."
[1] "2003:nrow is of 591869"
[1] "2001:356:The number of rows in all_predict_ens1_200m_urban_df is not 230825."
[1] "2001:356:nrow:246332"
[1] "2001:357"
[1] "2001:357:The number of rows in all_predict_ens1_1km_all_df is not 540261."
[1] "2001:nrow is of 591869"
[1] "2003:322:The number of rows in all_predict_ens1_200m_urban_df is not 230825."
[1] "2003:322:nrow:246332"
[1] "2003:323"
[1] "2003:323:The number of rows in all_predict_ens1_1km_all_df is not 540261."
[1] "2003:nrow is of 591869"
[1] "2001:357:The number of rows in all_predict_ens1_200m_urban_df is not 230825."
[1] "2001:357:nrow:246332"
[1] "2001:358"
[1] "2001:358:The number of rows in all_predict_ens1_1km_all_df is not 540261."
[1] "2001:nrow is of 591869"
[1] "2003:323:The number of rows in all_predict_ens1_200m_urban_df is not 230825."
[1] "2003:323:nrow:246332"
[1] "2003:324"
[1] "2003:324:The number of rows in all_predict_ens1_1km_all_df is not 540261."
[1] "2003:nrow is of 591869"
[1] "2001:358:The number of rows in all_predict_ens1_200m_urban_df is not 230825."
[1] "2001:358:nrow:246332"
[1] "2001:359"
[1] "2001:359:The number of rows in all_predict_ens1_1km_all_df is not 540261."
[1] "2001:nrow is of 591869"
[1] "2003:324:The number of rows in all_predict_ens1_200m_urban_df is not 230825."
[1] "2003:324:nrow:246332"
[1] "2003:325"
[1] "2003:325:The number of rows in all_predict_ens1_1km_all_df is not 540261."
[1] "2003:nrow is of 591869"
[1] "2001:359:The number of rows in all_predict_ens1_200m_urban_df is not 230825."
[1] "2001:359:nrow:246332"
[1] "2001:360"
[1] "2001:360:The number of rows in all_predict_ens1_1km_all_df is not 540261."
[1] "2001:nrow is of 591869"
[1] "2003:325:The number of rows in all_predict_ens1_200m_urban_df is not 230825."
[1] "2003:325:nrow:246332"
[1] "2003:326"
[1] "2003:326:The number of rows in all_predict_ens1_1km_all_df is not 540261."
[1] "2003:nrow is of 591869"
[1] "2001:360:The number of rows in all_predict_ens1_200m_urban_df is not 230825."
[1] "2001:360:nrow:246332"
[1] "2001:361"
[1] "2001:361:The number of rows in all_predict_ens1_1km_all_df is not 540261."
[1] "2001:nrow is of 591869"
[1] "2003:326:The number of rows in all_predict_ens1_200m_urban_df is not 230825."
[1] "2003:326:nrow:246332"
[1] "2003:327"
[1] "2003:327:The number of rows in all_predict_ens1_1km_all_df is not 540261."
[1] "2003:nrow is of 591869"
[1] "2001:361:The number of rows in all_predict_ens1_200m_urban_df is not 230825."
[1] "2001:361:nrow:246332"
[1] "2001:362"
[1] "2001:362:The number of rows in all_predict_ens1_1km_all_df is not 540261."
[1] "2001:nrow is of 591869"
[1] "2003:327:The number of rows in all_predict_ens1_200m_urban_df is not 230825."
[1] "2003:327:nrow:246332"
[1] "2003:328"
[1] "2003:328:The number of rows in all_predict_ens1_1km_all_df is not 540261."
[1] "2003:nrow is of 591869"
[1] "2001:362:The number of rows in all_predict_ens1_200m_urban_df is not 230825."
[1] "2001:362:nrow:246332"
[1] "2001:363"
[1] "2003:328:The number of rows in all_predict_ens1_200m_urban_df is not 230825."
[1] "2003:328:nrow:246332"
[1] "2003:329"
[1] "2001:363:The number of rows in all_predict_ens1_1km_all_df is not 540261."
[1] "2001:nrow is of 591869"
[1] "2003:329:The number of rows in all_predict_ens1_1km_all_df is not 540261."
[1] "2003:nrow is of 591869"
[1] "2001:363:The number of rows in all_predict_ens1_200m_urban_df is not 230825."
[1] "2001:363:nrow:246332"
[1] "2001:364"
[1] "2003:329:The number of rows in all_predict_ens1_200m_urban_df is not 230825."
[1] "2003:329:nrow:246332"
[1] "2003:330"
[1] "2001:364:The number of rows in all_predict_ens1_1km_all_df is not 540261."
[1] "2001:nrow is of 591869"
[1] "2003:330:The number of rows in all_predict_ens1_1km_all_df is not 540261."
[1] "2003:nrow is of 591869"
[1] "2001:364:The number of rows in all_predict_ens1_200m_urban_df is not 230825."
[1] "2001:364:nrow:246332"
[1] "2001:365"
[1] "2003:330:The number of rows in all_predict_ens1_200m_urban_df is not 230825."
[1] "2003:330:nrow:246332"
[1] "2003:331"
[1] "2001:365:The number of rows in all_predict_ens1_1km_all_df is not 540261."
[1] "2001:nrow is of 591869"
[1] "2003:331:The number of rows in all_predict_ens1_1km_all_df is not 540261."
[1] "2003:nrow is of 591869"
[1] "2003:331:The number of rows in all_predict_ens1_200m_urban_df is not 230825."
[1] "2003:331:nrow:246332"
[1] "2003:332"
[1] "2001:365:The number of rows in all_predict_ens1_200m_urban_df is not 230825."
[1] "2001:365:nrow:246332"
[1] "2003:332:The number of rows in all_predict_ens1_1km_all_df is not 540261."
[1] "2003:nrow is of 591869"
[1] "2003:332:The number of rows in all_predict_ens1_200m_urban_df is not 230825."
[1] "2003:332:nrow:246332"
[1] "2003:333"
[1] "2003:333:The number of rows in all_predict_ens1_1km_all_df is not 540261."
[1] "2003:nrow is of 591869"
[1] "2003:333:The number of rows in all_predict_ens1_200m_urban_df is not 230825."
[1] "2003:333:nrow:246332"
[1] "2003:334"
[1] "2003:334:The number of rows in all_predict_ens1_1km_all_df is not 540261."
[1] "2003:nrow is of 591869"
[1] "2003:334:The number of rows in all_predict_ens1_200m_urban_df is not 230825."
[1] "2003:334:nrow:246332"
[1] "2003:335"
[1] "2003:335:The number of rows in all_predict_ens1_1km_all_df is not 540261."
[1] "2003:nrow is of 591869"
[1] "2003:335:The number of rows in all_predict_ens1_200m_urban_df is not 230825."
[1] "2003:335:nrow:246332"
[1] "2003:336"
[1] "2003:336:The number of rows in all_predict_ens1_1km_all_df is not 540261."
[1] "2003:nrow is of 591869"
[1] "2003:336:The number of rows in all_predict_ens1_200m_urban_df is not 230825."
[1] "2003:336:nrow:246332"
[1] "2003:337"
[1] "2003:337:The number of rows in all_predict_ens1_1km_all_df is not 540261."
[1] "2003:nrow is of 591869"
[1] "2005:365"
[1] "2003:337:The number of rows in all_predict_ens1_200m_urban_df is not 230825."
[1] "2003:337:nrow:246332"
[1] "2003:338"
[1] "2003:338:The number of rows in all_predict_ens1_1km_all_df is not 540261."
[1] "2003:nrow is of 591869"
[1] "2003:338:The number of rows in all_predict_ens1_200m_urban_df is not 230825."
[1] "2003:338:nrow:246332"
[1] "2003:339"
[1] "2003:339:The number of rows in all_predict_ens1_1km_all_df is not 540261."
[1] "2003:nrow is of 591869"
[1] "2003:339:The number of rows in all_predict_ens1_200m_urban_df is not 230825."
[1] "2003:339:nrow:246332"
[1] "2003:340"
[1] "2003:340:The number of rows in all_predict_ens1_1km_all_df is not 540261."
[1] "2003:nrow is of 591869"
[1] "2003:340:The number of rows in all_predict_ens1_200m_urban_df is not 230825."
[1] "2003:340:nrow:246332"
[1] "2003:341"
[1] "2003:341:The number of rows in all_predict_ens1_1km_all_df is not 540261."
[1] "2003:nrow is of 591869"
[1] "2003:341:The number of rows in all_predict_ens1_200m_urban_df is not 230825."
[1] "2003:341:nrow:246332"
[1] "2003:342"
[1] "2003:342:The number of rows in all_predict_ens1_1km_all_df is not 540261."
[1] "2003:nrow is of 591869"
[1] "2003:342:The number of rows in all_predict_ens1_200m_urban_df is not 230825."
[1] "2003:342:nrow:246332"
[1] "2003:343"
[1] "2003:343:The number of rows in all_predict_ens1_1km_all_df is not 540261."
[1] "2003:nrow is of 591869"
[1] "2003:343:The number of rows in all_predict_ens1_200m_urban_df is not 230825."
[1] "2003:343:nrow:246332"
[1] "2003:344"
[1] "2003:344:The number of rows in all_predict_ens1_1km_all_df is not 540261."
[1] "2003:nrow is of 591869"
[1] "2003:344:The number of rows in all_predict_ens1_200m_urban_df is not 230825."
[1] "2003:344:nrow:246332"
[1] "2003:345"
[1] "2003:345:The number of rows in all_predict_ens1_1km_all_df is not 540261."
[1] "2003:nrow is of 591869"
[1] "2003:345:The number of rows in all_predict_ens1_200m_urban_df is not 230825."
[1] "2003:345:nrow:246332"
[1] "2003:346"
[1] "2003:346:The number of rows in all_predict_ens1_1km_all_df is not 540261."
[1] "2003:nrow is of 591869"
[1] "2003:346:The number of rows in all_predict_ens1_200m_urban_df is not 230825."
[1] "2003:346:nrow:246332"
[1] "2003:347"
[1] "2003:347:The number of rows in all_predict_ens1_1km_all_df is not 540261."
[1] "2003:nrow is of 591869"
[1] "2003:347:The number of rows in all_predict_ens1_200m_urban_df is not 230825."
[1] "2003:347:nrow:246332"
[1] "2003:348"
[1] "2003:348:The number of rows in all_predict_ens1_1km_all_df is not 540261."
[1] "2003:nrow is of 591869"
[1] "2003:348:The number of rows in all_predict_ens1_200m_urban_df is not 230825."
[1] "2003:348:nrow:246332"
[1] "2003:349"
[1] "2003:349:The number of rows in all_predict_ens1_1km_all_df is not 540261."
[1] "2003:nrow is of 591869"
[1] "2003:349:The number of rows in all_predict_ens1_200m_urban_df is not 230825."
[1] "2003:349:nrow:246332"
[1] "2003:350"
[1] "2003:350:The number of rows in all_predict_ens1_1km_all_df is not 540261."
[1] "2003:nrow is of 591869"
[1] "2003:350:The number of rows in all_predict_ens1_200m_urban_df is not 230825."
[1] "2003:350:nrow:246332"
[1] "2003:351"
[1] "2003:351:The number of rows in all_predict_ens1_1km_all_df is not 540261."
[1] "2003:nrow is of 591869"
[1] "2003:351:The number of rows in all_predict_ens1_200m_urban_df is not 230825."
[1] "2003:351:nrow:246332"
[1] "2003:352"
[1] "2003:352:The number of rows in all_predict_ens1_1km_all_df is not 540261."
[1] "2003:nrow is of 591869"
[1] "2003:352:The number of rows in all_predict_ens1_200m_urban_df is not 230825."
[1] "2003:352:nrow:246332"
[1] "2003:353"
[1] "2003:353:The number of rows in all_predict_ens1_1km_all_df is not 540261."
[1] "2003:nrow is of 591869"
[1] "2003:353:The number of rows in all_predict_ens1_200m_urban_df is not 230825."
[1] "2003:353:nrow:246332"
[1] "2003:354"
[1] "2003:354:The number of rows in all_predict_ens1_1km_all_df is not 540261."
[1] "2003:nrow is of 591869"
[1] "2003:354:The number of rows in all_predict_ens1_200m_urban_df is not 230825."
[1] "2003:354:nrow:246332"
[1] "2003:355"
[1] "2003:355:The number of rows in all_predict_ens1_1km_all_df is not 540261."
[1] "2003:nrow is of 591869"
[1] "2003:355:The number of rows in all_predict_ens1_200m_urban_df is not 230825."
[1] "2003:355:nrow:246332"
[1] "2003:356"
[1] "2003:356:The number of rows in all_predict_ens1_1km_all_df is not 540261."
[1] "2003:nrow is of 591869"
[1] "2003:356:The number of rows in all_predict_ens1_200m_urban_df is not 230825."
[1] "2003:356:nrow:246332"
[1] "2003:357"
[1] "2003:357:The number of rows in all_predict_ens1_1km_all_df is not 540261."
[1] "2003:nrow is of 591869"
[1] "2003:357:The number of rows in all_predict_ens1_200m_urban_df is not 230825."
[1] "2003:357:nrow:246332"
[1] "2003:358"
[1] "2003:358:The number of rows in all_predict_ens1_1km_all_df is not 540261."
[1] "2003:nrow is of 591869"
[1] "2003:358:The number of rows in all_predict_ens1_200m_urban_df is not 230825."
[1] "2003:358:nrow:246332"
[1] "2003:359"
[1] "2003:359:The number of rows in all_predict_ens1_1km_all_df is not 540261."
[1] "2003:nrow is of 591869"
[1] "2003:359:The number of rows in all_predict_ens1_200m_urban_df is not 230825."
[1] "2003:359:nrow:246332"
[1] "2003:360"
[1] "2003:360:The number of rows in all_predict_ens1_1km_all_df is not 540261."
[1] "2003:nrow is of 591869"
[1] "2003:360:The number of rows in all_predict_ens1_200m_urban_df is not 230825."
[1] "2003:360:nrow:246332"
[1] "2003:361"
[1] "2003:361:The number of rows in all_predict_ens1_1km_all_df is not 540261."
[1] "2003:nrow is of 591869"
[1] "2003:361:The number of rows in all_predict_ens1_200m_urban_df is not 230825."
[1] "2003:361:nrow:246332"
[1] "2003:362"
[1] "2003:362:The number of rows in all_predict_ens1_1km_all_df is not 540261."
[1] "2003:nrow is of 591869"
[1] "2003:362:The number of rows in all_predict_ens1_200m_urban_df is not 230825."
[1] "2003:362:nrow:246332"
[1] "2003:363"
[1] "2003:363:The number of rows in all_predict_ens1_1km_all_df is not 540261."
[1] "2003:nrow is of 591869"
[1] "2003:363:The number of rows in all_predict_ens1_200m_urban_df is not 230825."
[1] "2003:363:nrow:246332"
[1] "2003:364"
[1] "2003:364:The number of rows in all_predict_ens1_1km_all_df is not 540261."
[1] "2003:nrow is of 591869"
[1] "2003:364:The number of rows in all_predict_ens1_200m_urban_df is not 230825."
[1] "2003:364:nrow:246332"
[1] "2003:365"
[1] "2003:365:The number of rows in all_predict_ens1_1km_all_df is not 540261."
[1] "2003:nrow is of 591869"
[1] "2003:365:The number of rows in all_predict_ens1_200m_urban_df is not 230825."
[1] "2003:365:nrow:246332"
[1] "2006:365"
[1] 1
[1] 31
[1] 31
[1] 62
[1] 62
[1] 92
[1] 92
[1] 123
[1] 123
[1] 153
[1] 153
[1] 184
[1] 184
[1] 214
[1] 214
[1] 245
[1] 245
[1] 275
[1] 275
[1] 306
[1] 306
[1] 336
[1] 336
[1] 366
[1] "2004:The number of rows in all_predict_ens1_200m is not what it should be."
[1] "2004:nrow is of 90158610"
[1] "2004:1"
[1] "2004:1:The number of rows in all_predict_ens1_1km_all_df is not 540261."
[1] "2004:nrow is of 591869"
[1] "2004:1:The number of rows in all_predict_ens1_200m_urban_df is not 230825."
[1] "2004:1:nrow:246332"
[1] "2004:2"
[1] "2004:2:The number of rows in all_predict_ens1_1km_all_df is not 540261."
[1] "2004:nrow is of 591869"
[1] "2004:2:The number of rows in all_predict_ens1_200m_urban_df is not 230825."
[1] "2004:2:nrow:246332"
[1] "2004:3"
[1] "2004:3:The number of rows in all_predict_ens1_1km_all_df is not 540261."
[1] "2004:nrow is of 591869"
[1] "2004:3:The number of rows in all_predict_ens1_200m_urban_df is not 230825."
[1] "2004:3:nrow:246332"
[1] "2004:4"
[1] "2004:4:The number of rows in all_predict_ens1_1km_all_df is not 540261."
[1] "2004:nrow is of 591869"
[1] "2004:4:The number of rows in all_predict_ens1_200m_urban_df is not 230825."
[1] "2004:4:nrow:246332"
[1] "2004:5"
[1] "2004:5:The number of rows in all_predict_ens1_1km_all_df is not 540261."
[1] "2004:nrow is of 591869"
[1] "2004:5:The number of rows in all_predict_ens1_200m_urban_df is not 230825."
[1] "2004:5:nrow:246332"
[1] "2004:6"
[1] "2004:6:The number of rows in all_predict_ens1_1km_all_df is not 540261."
[1] "2004:nrow is of 591869"
[1] "2004:6:The number of rows in all_predict_ens1_200m_urban_df is not 230825."
[1] "2004:6:nrow:246332"
[1] "2004:7"
[1] "2004:7:The number of rows in all_predict_ens1_1km_all_df is not 540261."
[1] "2004:nrow is of 591869"
[1] "2004:7:The number of rows in all_predict_ens1_200m_urban_df is not 230825."
[1] "2004:7:nrow:246332"
[1] "2004:8"
[1] "2004:8:The number of rows in all_predict_ens1_1km_all_df is not 540261."
[1] "2004:nrow is of 591869"
[1] "2004:8:The number of rows in all_predict_ens1_200m_urban_df is not 230825."
[1] "2004:8:nrow:246332"
[1] "2004:9"
[1] "2004:9:The number of rows in all_predict_ens1_1km_all_df is not 540261."
[1] "2004:nrow is of 591869"
[1] "2004:9:The number of rows in all_predict_ens1_200m_urban_df is not 230825."
[1] "2004:9:nrow:246332"
[1] "2004:10"
[1] "2004:10:The number of rows in all_predict_ens1_1km_all_df is not 540261."
[1] "2004:nrow is of 591869"
[1] "2004:10:The number of rows in all_predict_ens1_200m_urban_df is not 230825."
[1] "2004:10:nrow:246332"
[1] "2004:11"
[1] "2004:11:The number of rows in all_predict_ens1_1km_all_df is not 540261."
[1] "2004:nrow is of 591869"
[1] "2004:11:The number of rows in all_predict_ens1_200m_urban_df is not 230825."
[1] "2004:11:nrow:246332"
[1] "2004:12"
[1] "2004:12:The number of rows in all_predict_ens1_1km_all_df is not 540261."
[1] "2004:nrow is of 591869"
[1] "2004:12:The number of rows in all_predict_ens1_200m_urban_df is not 230825."
[1] "2004:12:nrow:246332"
[1] "2004:13"
[1] "2004:13:The number of rows in all_predict_ens1_1km_all_df is not 540261."
[1] "2004:nrow is of 591869"
[1] "2004:13:The number of rows in all_predict_ens1_200m_urban_df is not 230825."
[1] "2004:13:nrow:246332"
[1] "2004:14"
[1] "2004:14:The number of rows in all_predict_ens1_1km_all_df is not 540261."
[1] "2004:nrow is of 591869"
[1] "2004:14:The number of rows in all_predict_ens1_200m_urban_df is not 230825."
[1] "2004:14:nrow:246332"
[1] "2004:15"
[1] "2004:15:The number of rows in all_predict_ens1_1km_all_df is not 540261."
[1] "2004:nrow is of 591869"
[1] "2004:15:The number of rows in all_predict_ens1_200m_urban_df is not 230825."
[1] "2004:15:nrow:246332"
[1] "2004:16"
[1] "2004:16:The number of rows in all_predict_ens1_1km_all_df is not 540261."
[1] "2004:nrow is of 591869"
[1] "2004:16:The number of rows in all_predict_ens1_200m_urban_df is not 230825."
[1] "2004:16:nrow:246332"
[1] "2004:17"
[1] "2004:17:The number of rows in all_predict_ens1_1km_all_df is not 540261."
[1] "2004:nrow is of 591869"
[1] "2004:17:The number of rows in all_predict_ens1_200m_urban_df is not 230825."
[1] "2004:17:nrow:246332"
[1] "2004:18"
[1] "2004:18:The number of rows in all_predict_ens1_1km_all_df is not 540261."
[1] "2004:nrow is of 591869"
[1] "2004:18:The number of rows in all_predict_ens1_200m_urban_df is not 230825."
[1] "2004:18:nrow:246332"
[1] "2004:19"
[1] "2004:19:The number of rows in all_predict_ens1_1km_all_df is not 540261."
[1] "2004:nrow is of 591869"
[1] "2004:19:The number of rows in all_predict_ens1_200m_urban_df is not 230825."
[1] "2004:19:nrow:246332"
[1] "2004:20"
[1] "2004:20:The number of rows in all_predict_ens1_1km_all_df is not 540261."
[1] "2004:nrow is of 591869"
[1] "2004:20:The number of rows in all_predict_ens1_200m_urban_df is not 230825."
[1] "2004:20:nrow:246332"
[1] "2004:21"
[1] "2004:21:The number of rows in all_predict_ens1_1km_all_df is not 540261."
[1] "2004:nrow is of 591869"
[1] "2004:21:The number of rows in all_predict_ens1_200m_urban_df is not 230825."
[1] "2004:21:nrow:246332"
[1] "2004:22"
[1] "2004:22:The number of rows in all_predict_ens1_1km_all_df is not 540261."
[1] "2004:nrow is of 591869"
[1] "2004:22:The number of rows in all_predict_ens1_200m_urban_df is not 230825."
[1] "2004:22:nrow:246332"
[1] "2004:23"
[1] "2004:23:The number of rows in all_predict_ens1_1km_all_df is not 540261."
[1] "2004:nrow is of 591869"
[1] "2004:23:The number of rows in all_predict_ens1_200m_urban_df is not 230825."
[1] "2004:23:nrow:246332"
[1] "2004:24"
[1] "2004:24:The number of rows in all_predict_ens1_1km_all_df is not 540261."
[1] "2004:nrow is of 591869"
[1] "2004:24:The number of rows in all_predict_ens1_200m_urban_df is not 230825."
[1] "2004:24:nrow:246332"
[1] "2004:25"
[1] "2004:25:The number of rows in all_predict_ens1_1km_all_df is not 540261."
[1] "2004:nrow is of 591869"
[1] "2004:25:The number of rows in all_predict_ens1_200m_urban_df is not 230825."
[1] "2004:25:nrow:246332"
[1] "2004:26"
[1] "2004:26:The number of rows in all_predict_ens1_1km_all_df is not 540261."
[1] "2004:nrow is of 591869"
[1] "2004:26:The number of rows in all_predict_ens1_200m_urban_df is not 230825."
[1] "2004:26:nrow:246332"
[1] "2004:27"
[1] "2004:27:The number of rows in all_predict_ens1_1km_all_df is not 540261."
[1] "2004:nrow is of 591869"
[1] "2004:27:The number of rows in all_predict_ens1_200m_urban_df is not 230825."
[1] "2004:27:nrow:246332"
[1] "2004:28"
[1] "2004:28:The number of rows in all_predict_ens1_1km_all_df is not 540261."
[1] "2004:nrow is of 591869"
[1] "2004:28:The number of rows in all_predict_ens1_200m_urban_df is not 230825."
[1] "2004:28:nrow:246332"
[1] "2004:29"
[1] "2004:29:The number of rows in all_predict_ens1_1km_all_df is not 540261."
[1] "2004:nrow is of 591869"
[1] "2004:29:The number of rows in all_predict_ens1_200m_urban_df is not 230825."
[1] "2004:29:nrow:246332"
[1] "2004:30"
[1] "2004:30:The number of rows in all_predict_ens1_1km_all_df is not 540261."
[1] "2004:nrow is of 591869"
[1] "2004:30:The number of rows in all_predict_ens1_200m_urban_df is not 230825."
[1] "2004:30:nrow:246332"
[1] "2004:31"
[1] "2004:31:The number of rows in all_predict_ens1_1km_all_df is not 540261."
[1] "2004:nrow is of 591869"
[1] "2004:31:The number of rows in all_predict_ens1_200m_urban_df is not 230825."
[1] "2004:31:nrow:246332"
[1] "2004:32"
[1] "2004:32:The number of rows in all_predict_ens1_1km_all_df is not 540261."
[1] "2004:nrow is of 591869"
[1] "2004:32:The number of rows in all_predict_ens1_200m_urban_df is not 230825."
[1] "2004:32:nrow:246332"
[1] "2004:33"
[1] "2004:33:The number of rows in all_predict_ens1_1km_all_df is not 540261."
[1] "2004:nrow is of 591869"
[1] "2004:33:The number of rows in all_predict_ens1_200m_urban_df is not 230825."
[1] "2004:33:nrow:246332"
[1] "2004:34"
[1] "2004:34:The number of rows in all_predict_ens1_1km_all_df is not 540261."
[1] "2004:nrow is of 591869"
[1] "2004:34:The number of rows in all_predict_ens1_200m_urban_df is not 230825."
[1] "2004:34:nrow:246332"
[1] "2004:35"
[1] "2004:35:The number of rows in all_predict_ens1_1km_all_df is not 540261."
[1] "2004:nrow is of 591869"
[1] "2004:35:The number of rows in all_predict_ens1_200m_urban_df is not 230825."
[1] "2004:35:nrow:246332"
[1] "2004:36"
[1] "2004:36:The number of rows in all_predict_ens1_1km_all_df is not 540261."
[1] "2004:nrow is of 591869"
[1] "2004:36:The number of rows in all_predict_ens1_200m_urban_df is not 230825."
[1] "2004:36:nrow:246332"
[1] "2004:37"
[1] "2004:37:The number of rows in all_predict_ens1_1km_all_df is not 540261."
[1] "2004:nrow is of 591869"
[1] "2004:37:The number of rows in all_predict_ens1_200m_urban_df is not 230825."
[1] "2004:37:nrow:246332"
[1] "2004:38"
[1] "2004:38:The number of rows in all_predict_ens1_1km_all_df is not 540261."
[1] "2004:nrow is of 591869"
[1] 1
[1] 31
[1] 31
[1] 61
[1] 61
[1] 92
[1] 92
[1] 122
[1] 122
[1] 153
[1] 153
[1] 183
[1] 183
[1] 213
[1] 213
[1] 244
[1] 244
[1] 274
[1] 274
[1] 305
[1] 305
[1] 335
[1] 335
[1] 365
[1] "2004:38:The number of rows in all_predict_ens1_200m_urban_df is not 230825."
[1] "2004:38:nrow:246332"
[1] "2004:39"
[1] "2004:39:The number of rows in all_predict_ens1_1km_all_df is not 540261."
[1] "2004:nrow is of 591869"
[1] "2004:39:The number of rows in all_predict_ens1_200m_urban_df is not 230825."
[1] "2004:39:nrow:246332"
[1] "2004:40"
[1] "2004:40:The number of rows in all_predict_ens1_1km_all_df is not 540261."
[1] "2004:nrow is of 591869"
[1] "2005:The number of rows in all_predict_ens1_200m is not what it should be."
[1] "2005:nrow is of 89912275"
[1] "2005:1"
[1] "2004:40:The number of rows in all_predict_ens1_200m_urban_df is not 230825."
[1] "2004:40:nrow:246332"
[1] "2004:41"
[1] "2005:1:The number of rows in all_predict_ens1_1km_all_df is not 540261."
[1] "2005:nrow is of 591869"
[1] "2004:41:The number of rows in all_predict_ens1_1km_all_df is not 540261."
[1] "2004:nrow is of 591869"
[1] "2004:41:The number of rows in all_predict_ens1_200m_urban_df is not 230825."
[1] "2004:41:nrow:246332"
[1] "2004:42"
[1] "2005:1:The number of rows in all_predict_ens1_200m_urban_df is not 230825."
[1] "2005:1:nrow:246332"
[1] "2005:2"
[1] "2004:42:The number of rows in all_predict_ens1_1km_all_df is not 540261."
[1] "2004:nrow is of 591869"
[1] "2005:2:The number of rows in all_predict_ens1_1km_all_df is not 540261."
[1] "2005:nrow is of 591869"
[1] "2004:42:The number of rows in all_predict_ens1_200m_urban_df is not 230825."
[1] "2004:42:nrow:246332"
[1] "2004:43"
[1] "2004:43:The number of rows in all_predict_ens1_1km_all_df is not 540261."
[1] "2004:nrow is of 591869"
[1] "2004:43:The number of rows in all_predict_ens1_200m_urban_df is not 230825."
[1] "2004:43:nrow:246332"
[1] "2004:44"
[1] "2004:44:The number of rows in all_predict_ens1_1km_all_df is not 540261."
[1] "2004:nrow is of 591869"
[1] "2005:2:The number of rows in all_predict_ens1_200m_urban_df is not 230825."
[1] "2005:2:nrow:246332"
[1] "2005:3"
[1] "2005:3:The number of rows in all_predict_ens1_1km_all_df is not 540261."
[1] "2005:nrow is of 591869"
[1] "2004:44:The number of rows in all_predict_ens1_200m_urban_df is not 230825."
[1] "2004:44:nrow:246332"
[1] "2004:45"
[1] "2004:45:The number of rows in all_predict_ens1_1km_all_df is not 540261."
[1] "2004:nrow is of 591869"
[1] "2005:3:The number of rows in all_predict_ens1_200m_urban_df is not 230825."
[1] "2005:3:nrow:246332"
[1] "2005:4"
[1] "2004:45:The number of rows in all_predict_ens1_200m_urban_df is not 230825."
[1] "2004:45:nrow:246332"
[1] "2004:46"
[1] "2005:4:The number of rows in all_predict_ens1_1km_all_df is not 540261."
[1] "2005:nrow is of 591869"
[1] "2004:46:The number of rows in all_predict_ens1_1km_all_df is not 540261."
[1] "2004:nrow is of 591869"
[1] "2004:46:The number of rows in all_predict_ens1_200m_urban_df is not 230825."
[1] "2004:46:nrow:246332"
[1] "2004:47"
[1] "2004:47:The number of rows in all_predict_ens1_1km_all_df is not 540261."
[1] "2004:nrow is of 591869"
[1] "2004:47:The number of rows in all_predict_ens1_200m_urban_df is not 230825."
[1] "2004:47:nrow:246332"
[1] "2004:48"
[1] "2004:48:The number of rows in all_predict_ens1_1km_all_df is not 540261."
[1] "2004:nrow is of 591869"
[1] 1
[1] 31
[1] 31
[1] 61
[1] 61
[1] 92
[1] "2004:48:The number of rows in all_predict_ens1_200m_urban_df is not 230825."
[1] "2004:48:nrow:246332"
[1] "2004:49"
[1] "2005:4:The number of rows in all_predict_ens1_200m_urban_df is not 230825."
[1] "2005:4:nrow:246332"
[1] "2005:5"
[1] "2004:49:The number of rows in all_predict_ens1_1km_all_df is not 540261."
[1] "2004:nrow is of 591869"
[1] 92
[1] 122
[1] "2005:5:The number of rows in all_predict_ens1_1km_all_df is not 540261."
[1] "2005:nrow is of 591869"
[1] 122
[1] 153
[1] 153
[1] 183
[1] 183
[1] 213
[1] "2004:49:The number of rows in all_predict_ens1_200m_urban_df is not 230825."
[1] "2004:49:nrow:246332"
[1] "2004:50"
[1] "2005:5:The number of rows in all_predict_ens1_200m_urban_df is not 230825."
[1] "2005:5:nrow:246332"
[1] "2005:6"
[1] 213
[1] 244
[1] "2004:50:The number of rows in all_predict_ens1_1km_all_df is not 540261."
[1] "2004:nrow is of 591869"
[1] "2005:6:The number of rows in all_predict_ens1_1km_all_df is not 540261."
[1] "2005:nrow is of 591869"
[1] 244
[1] 274
[1] 274
[1] 305
[1] 305
[1] 335
[1] "2004:50:The number of rows in all_predict_ens1_200m_urban_df is not 230825."
[1] "2004:50:nrow:246332"
[1] "2004:51"
[1] 335
[1] 365
[1] "2004:51:The number of rows in all_predict_ens1_1km_all_df is not 540261."
[1] "2004:nrow is of 591869"
[1] "2004:51:The number of rows in all_predict_ens1_200m_urban_df is not 230825."
[1] "2004:51:nrow:246332"
[1] "2004:52"
[1] "2004:52:The number of rows in all_predict_ens1_1km_all_df is not 540261."
[1] "2004:nrow is of 591869"
[1] "2004:52:The number of rows in all_predict_ens1_200m_urban_df is not 230825."
[1] "2004:52:nrow:246332"
[1] "2004:53"
[1] "2004:53:The number of rows in all_predict_ens1_1km_all_df is not 540261."
[1] "2004:nrow is of 591869"
[1] "2004:53:The number of rows in all_predict_ens1_200m_urban_df is not 230825."
[1] "2004:53:nrow:246332"
[1] "2004:54"
[1] "2004:54:The number of rows in all_predict_ens1_1km_all_df is not 540261."
[1] "2004:nrow is of 591869"
[1] "2004:54:The number of rows in all_predict_ens1_200m_urban_df is not 230825."
[1] "2004:54:nrow:246332"
[1] "2004:55"
[1] "2004:55:The number of rows in all_predict_ens1_1km_all_df is not 540261."
[1] "2004:nrow is of 591869"
[1] "2004:55:The number of rows in all_predict_ens1_200m_urban_df is not 230825."
[1] "2004:55:nrow:246332"
[1] "2004:56"
[1] "2004:56:The number of rows in all_predict_ens1_1km_all_df is not 540261."
[1] "2004:nrow is of 591869"
[1] "2004:56:The number of rows in all_predict_ens1_200m_urban_df is not 230825."
[1] "2004:56:nrow:246332"
[1] "2004:57"
[1] "2004:57:The number of rows in all_predict_ens1_1km_all_df is not 540261."
[1] "2004:nrow is of 591869"
[1] "2005:6:The number of rows in all_predict_ens1_200m_urban_df is not 230825."
[1] "2005:6:nrow:246332"
[1] "2005:7"
[1] "2005:7:The number of rows in all_predict_ens1_1km_all_df is not 540261."
[1] "2005:nrow is of 591869"
[1] "2004:57:The number of rows in all_predict_ens1_200m_urban_df is not 230825."
[1] "2004:57:nrow:246332"
[1] "2004:58"
[1] "2004:58:The number of rows in all_predict_ens1_1km_all_df is not 540261."
[1] "2004:nrow is of 591869"
[1] "2005:7:The number of rows in all_predict_ens1_200m_urban_df is not 230825."
[1] "2005:7:nrow:246332"
[1] "2005:8"
[1] "2005:8:The number of rows in all_predict_ens1_1km_all_df is not 540261."
[1] "2005:nrow is of 591869"
[1] "2004:58:The number of rows in all_predict_ens1_200m_urban_df is not 230825."
[1] "2004:58:nrow:246332"
[1] "2004:59"
[1] "2004:59:The number of rows in all_predict_ens1_1km_all_df is not 540261."
[1] "2004:nrow is of 591869"
[1] "2005:8:The number of rows in all_predict_ens1_200m_urban_df is not 230825."
[1] "2005:8:nrow:246332"
[1] "2005:9"
[1] "2004:59:The number of rows in all_predict_ens1_200m_urban_df is not 230825."
[1] "2004:59:nrow:246332"
[1] "2004:60"
[1] "2005:9:The number of rows in all_predict_ens1_1km_all_df is not 540261."
[1] "2005:nrow is of 591869"
[1] "2004:60:The number of rows in all_predict_ens1_1km_all_df is not 540261."
[1] "2004:nrow is of 591869"
[1] "2006:The number of rows in all_predict_ens1_200m is not what it should be."
[1] "2006:nrow is of 89912275"
[1] "2004:60:The number of rows in all_predict_ens1_200m_urban_df is not 230825."
[1] "2004:60:nrow:246332"
[1] "2004:61"
[1] "2006:1"
[1] "2004:61:The number of rows in all_predict_ens1_1km_all_df is not 540261."
[1] "2004:nrow is of 591869"
[1] "2006:1:The number of rows in all_predict_ens1_1km_all_df is not 540261."
[1] "2006:nrow is of 591869"
[1] "2005:9:The number of rows in all_predict_ens1_200m_urban_df is not 230825."
[1] "2005:9:nrow:246332"
[1] "2005:10"
[1] "2005:10:The number of rows in all_predict_ens1_1km_all_df is not 540261."
[1] "2005:nrow is of 591869"
[1] "2004:61:The number of rows in all_predict_ens1_200m_urban_df is not 230825."
[1] "2004:61:nrow:246332"
[1] "2004:62"
[1] "2006:1:The number of rows in all_predict_ens1_200m_urban_df is not 230825."
[1] "2006:1:nrow:246332"
[1] "2006:2"
[1] "2004:62:The number of rows in all_predict_ens1_1km_all_df is not 540261."
[1] "2004:nrow is of 591869"
[1] "2005:10:The number of rows in all_predict_ens1_200m_urban_df is not 230825."
[1] "2005:10:nrow:246332"
[1] "2005:11"
[1] "2006:2:The number of rows in all_predict_ens1_1km_all_df is not 540261."
[1] "2006:nrow is of 591869"
[1] "2005:11:The number of rows in all_predict_ens1_1km_all_df is not 540261."
[1] "2005:nrow is of 591869"
[1] "2004:62:The number of rows in all_predict_ens1_200m_urban_df is not 230825."
[1] "2004:62:nrow:246332"
[1] "2004:63"
[1] "2006:2:The number of rows in all_predict_ens1_200m_urban_df is not 230825."
[1] "2006:2:nrow:246332"
[1] "2006:3"
[1] "2004:63:The number of rows in all_predict_ens1_1km_all_df is not 540261."
[1] "2004:nrow is of 591869"
[1] "2006:3:The number of rows in all_predict_ens1_1km_all_df is not 540261."
[1] "2006:nrow is of 591869"
[1] "2005:11:The number of rows in all_predict_ens1_200m_urban_df is not 230825."
[1] "2005:11:nrow:246332"
[1] "2005:12"
[1] "2004:63:The number of rows in all_predict_ens1_200m_urban_df is not 230825."
[1] "2004:63:nrow:246332"
[1] "2004:64"
[1] "2005:12:The number of rows in all_predict_ens1_1km_all_df is not 540261."
[1] "2005:nrow is of 591869"
[1] "2004:64:The number of rows in all_predict_ens1_1km_all_df is not 540261."
[1] "2004:nrow is of 591869"
[1] "2006:3:The number of rows in all_predict_ens1_200m_urban_df is not 230825."
[1] "2006:3:nrow:246332"
[1] "2006:4"
[1] "2006:4:The number of rows in all_predict_ens1_1km_all_df is not 540261."
[1] "2006:nrow is of 591869"
[1] "2005:12:The number of rows in all_predict_ens1_200m_urban_df is not 230825."
[1] "2005:12:nrow:246332"
[1] "2005:13"
[1] "2004:64:The number of rows in all_predict_ens1_200m_urban_df is not 230825."
[1] "2004:64:nrow:246332"
[1] "2004:65"
[1] "2005:13:The number of rows in all_predict_ens1_1km_all_df is not 540261."
[1] "2005:nrow is of 591869"
[1] "2004:65:The number of rows in all_predict_ens1_1km_all_df is not 540261."
[1] "2004:nrow is of 591869"
[1] "2006:4:The number of rows in all_predict_ens1_200m_urban_df is not 230825."
[1] "2006:4:nrow:246332"
[1] "2006:5"
[1] "2006:5:The number of rows in all_predict_ens1_1km_all_df is not 540261."
[1] "2006:nrow is of 591869"
[1] "2005:13:The number of rows in all_predict_ens1_200m_urban_df is not 230825."
[1] "2005:13:nrow:246332"
[1] "2005:14"
[1] "2004:65:The number of rows in all_predict_ens1_200m_urban_df is not 230825."
[1] "2004:65:nrow:246332"
[1] "2004:66"
[1] "2004:66:The number of rows in all_predict_ens1_1km_all_df is not 540261."
[1] "2004:nrow is of 591869"
[1] "2005:14:The number of rows in all_predict_ens1_1km_all_df is not 540261."
[1] "2005:nrow is of 591869"
[1] "2006:5:The number of rows in all_predict_ens1_200m_urban_df is not 230825."
[1] "2006:5:nrow:246332"
[1] "2006:6"
[1] "2006:6:The number of rows in all_predict_ens1_1km_all_df is not 540261."
[1] "2006:nrow is of 591869"
[1] "2004:66:The number of rows in all_predict_ens1_200m_urban_df is not 230825."
[1] "2004:66:nrow:246332"
[1] "2004:67"
[1] "2004:67:The number of rows in all_predict_ens1_1km_all_df is not 540261."
[1] "2004:nrow is of 591869"
[1] "2005:14:The number of rows in all_predict_ens1_200m_urban_df is not 230825."
[1] "2005:14:nrow:246332"
[1] "2005:15"
[1] "2006:6:The number of rows in all_predict_ens1_200m_urban_df is not 230825."
[1] "2006:6:nrow:246332"
[1] "2006:7"
[1] "2005:15:The number of rows in all_predict_ens1_1km_all_df is not 540261."
[1] "2005:nrow is of 591869"
[1] "2006:7:The number of rows in all_predict_ens1_1km_all_df is not 540261."
[1] "2006:nrow is of 591869"
[1] "2004:67:The number of rows in all_predict_ens1_200m_urban_df is not 230825."
[1] "2004:67:nrow:246332"
[1] "2004:68"
[1] "2004:68:The number of rows in all_predict_ens1_1km_all_df is not 540261."
[1] "2004:nrow is of 591869"
[1] "2005:15:The number of rows in all_predict_ens1_200m_urban_df is not 230825."
[1] "2005:15:nrow:246332"
[1] "2005:16"
[1] "2006:7:The number of rows in all_predict_ens1_200m_urban_df is not 230825."
[1] "2006:7:nrow:246332"
[1] "2006:8"
[1] "2006:8:The number of rows in all_predict_ens1_1km_all_df is not 540261."
[1] "2006:nrow is of 591869"
[1] "2004:68:The number of rows in all_predict_ens1_200m_urban_df is not 230825."
[1] "2004:68:nrow:246332"
[1] "2004:69"
[1] "2004:69:The number of rows in all_predict_ens1_1km_all_df is not 540261."
[1] "2004:nrow is of 591869"
[1] "2005:16:The number of rows in all_predict_ens1_1km_all_df is not 540261."
[1] "2005:nrow is of 591869"
[1] "2006:8:The number of rows in all_predict_ens1_200m_urban_df is not 230825."
[1] "2006:8:nrow:246332"
[1] "2006:9"
[1] "2004:69:The number of rows in all_predict_ens1_200m_urban_df is not 230825."
[1] "2004:69:nrow:246332"
[1] "2004:70"
[1] "2006:9:The number of rows in all_predict_ens1_1km_all_df is not 540261."
[1] "2006:nrow is of 591869"
[1] "2004:70:The number of rows in all_predict_ens1_1km_all_df is not 540261."
[1] "2004:nrow is of 591869"
[1] "2005:16:The number of rows in all_predict_ens1_200m_urban_df is not 230825."
[1] "2005:16:nrow:246332"
[1] "2005:17"
[1] "2005:17:The number of rows in all_predict_ens1_1km_all_df is not 540261."
[1] "2005:nrow is of 591869"
[1] "2006:9:The number of rows in all_predict_ens1_200m_urban_df is not 230825."
[1] "2006:9:nrow:246332"
[1] "2006:10"
[1] "2004:70:The number of rows in all_predict_ens1_200m_urban_df is not 230825."
[1] "2004:70:nrow:246332"
[1] "2004:71"
[1] "2006:10:The number of rows in all_predict_ens1_1km_all_df is not 540261."
[1] "2006:nrow is of 591869"
[1] "2004:71:The number of rows in all_predict_ens1_1km_all_df is not 540261."
[1] "2004:nrow is of 591869"
[1] "2005:17:The number of rows in all_predict_ens1_200m_urban_df is not 230825."
[1] "2005:17:nrow:246332"
[1] "2005:18"
[1] "2005:18:The number of rows in all_predict_ens1_1km_all_df is not 540261."
[1] "2005:nrow is of 591869"
[1] "2004:71:The number of rows in all_predict_ens1_200m_urban_df is not 230825."
[1] "2004:71:nrow:246332"
[1] "2004:72"
[1] "2006:10:The number of rows in all_predict_ens1_200m_urban_df is not 230825."
[1] "2006:10:nrow:246332"
[1] "2006:11"
[1] "2004:72:The number of rows in all_predict_ens1_1km_all_df is not 540261."
[1] "2004:nrow is of 591869"
[1] "2006:11:The number of rows in all_predict_ens1_1km_all_df is not 540261."
[1] "2006:nrow is of 591869"
[1] "2005:18:The number of rows in all_predict_ens1_200m_urban_df is not 230825."
[1] "2005:18:nrow:246332"
[1] "2005:19"
[1] "2006:11:The number of rows in all_predict_ens1_200m_urban_df is not 230825."
[1] "2006:11:nrow:246332"
[1] "2006:12"
[1] "2004:72:The number of rows in all_predict_ens1_200m_urban_df is not 230825."
[1] "2004:72:nrow:246332"
[1] "2004:73"
[1] "2005:19:The number of rows in all_predict_ens1_1km_all_df is not 540261."
[1] "2005:nrow is of 591869"
[1] "2006:12:The number of rows in all_predict_ens1_1km_all_df is not 540261."
[1] "2006:nrow is of 591869"
[1] "2004:73:The number of rows in all_predict_ens1_1km_all_df is not 540261."
[1] "2004:nrow is of 591869"
[1] "2004:73:The number of rows in all_predict_ens1_200m_urban_df is not 230825."
[1] "2004:73:nrow:246332"
[1] "2004:74"
[1] "2005:19:The number of rows in all_predict_ens1_200m_urban_df is not 230825."
[1] "2005:19:nrow:246332"
[1] "2005:20"
[1] "2004:74:The number of rows in all_predict_ens1_1km_all_df is not 540261."
[1] "2004:nrow is of 591869"
[1] "2005:20:The number of rows in all_predict_ens1_1km_all_df is not 540261."
[1] "2006:12:The number of r
ws in all_predict_ens1_200m_urban_df is not 230825."
[1] "2006:12:nrow:246332"
[1] "2006:13"
[1] "2006:13:The number of rows in all_predict_ens1_1km_all_df is not 540261."
[1] "2006:nrow is of 591869"
[1] "2004:74:The number of rows in all_predict_ens1_200m_urban_df is not 230825."
[1] "2004:74:nrow:246332"
[1] "2004:75"
[1] "2006:13:The number of rows in all_predict_ens1_200m_urban_df is not 230825."
[1] "2006:13:nrow:246332"
[1] "2006:14"
[1] "2004:75:The number of rows in all_predict_ens1_1km_all_df is not 540261."
[1] "2004:nrow is of 591869"
[1] "2006:14:The number of rows in all_predict_ens1_1km_all_df is not 540261."
[1] "2006:nrow is of 591869"
[1] "2005:20:The number of rows in all_predict_ens1_200m_urban_df is not 230825."
[1] "2005:20:nrow:246332"
[1] "2005:21"
[1] "2005:21:The number of rows in all_predict_ens1_1km_all_df is not 540261."
[1] "2005:nrow is of 591869"
[1] "2004:75:The number of rows in all_predict_ens1_200m_urban_df is not 230825."
[1] "2004:75:nrow:246332"
[1] "2004:76"
[1] "2004:76:The number of rows in all_predict_ens1_1km_all_df is not 540261."
[1] "2004:nrow is of 591869"
[1] "2006:14:The number of rows in all_predict_ens1_200m_urban_df is not 230825."
[1] "2006:14:nrow:246332"
[1] "2006:15"
[1] "2006:15:The number of rows in all_predict_ens1_1km_all_df is not 540261."
[1] "2006:nrow is of 591869"
[1] "2005:21:The number of rows in all_predict_ens1_200m_urban_df is not 230825."
[1] "2005:21:nrow:246332"
[1] "2005:22"
[1] "2005:22:The number of rows in all_predict_ens1_1km_all_df is not 540261."
[1] "2005:nrow is of 591869"
[1] "2004:76:The number of rows in all_predict_ens1_200m_urban_df is not 230825."
[1] "2004:76:nrow:246332"
[1] "2004:77"
[1] "2006:15:The number of rows in all_predict_ens1_200m_urban_df is not 230825."
[1] "2006:15:nrow:246332"
[1] "2006:16"
[1] "2004:77:The number of rows in all_predict_ens1_1km_all_df is not 540261."
[1] "2004:nrow is of 591869"
[1] "2006:16:The number of rows in all_predict_ens1_1km_all_df is not 540261."
[1] "2006:nrow is of 591869"
[1] "2005:22:The number of rows in all_predict_ens1_200m_urban_df is not 230825."
[1] "2005:22:nrow:246332"
[1] "2005:23"
[1] "2004:77:The number of rows in all_predict_ens1_200m_urban_df is not 230825."
[1] "2004:77:nrow:246332"
[1] "2004:78"
[1] "2004:78:The number of rows in all_predict_ens1_1km_all_df is not 540261."
[1] "2004:nrow is of 591869"
[1] "2005:23:The number of rows in all_predict_ens1_1km_all_df is not 540261."
[1] "2005:nrow is of 591869"
[1] "2006:16:The number of rows in all_predict_ens1_200m_urban_df is not 230825."
[1] "2006:16:nrow:246332"
[1] "2006:17"
[1] "2006:17:The number of rows in all_predict_ens1_1km_all_df is not 540261."
[1] "2006:nrow is of 591869"
[1] "2004:78:The number of rows in all_predict_ens1_200m_urban_df is not 230825."
[1] "2004:78:nrow:246332"
[1] "2004:79"
[1] "2004:79:The number of rows in all_predict_ens1_1km_all_df is not 540261."
[1] "2004:nrow is of 591869"
[1] "2005:23:The number of rows in all_predict_ens1_200m_urban_df is not 230825."
[1] "2005:23:nrow:246332"
[1] "2005:24"
[1] "2005:24:The number of rows in all_predict_ens1_1km_all_df is not 540261."
[1] "2005:nrow is of 591869"
[1] "2006:17:The number of rows in all_predict_ens1_200m_urban_df is not 230825."
[1] "2006:17:nrow:246332"
[1] "2006:18"
[1] "2006:18:The number of rows in all_predict_ens1_1km_all_df is not 540261."
[1] "2006:nrow is of 591869"
[1] "2004:79:The number of rows in all_predict_ens1_200m_urban_df is not 230825."
[1] "2004:79:nrow:246332"
[1] "2004:80"
[1] "2004:80:The number of rows in all_predict_ens1_1km_all_df is not 540261."
[1] "2004:nrow is of 591869"
[1] "2005:24:The number of rows in all_predict_ens1_200m_urban_df is not 230825."
[1] "2005:24:nrow:246332"
[1] "2005:25"
[1] "2005:25:The number of rows in all_predict_ens1_1km_all_df is not 540261."
[1] "2005:nrow is of 591869"
[1] "2006:18:The number of rows in all_predict_ens1_200m_urban_df is not 230825."
[1] "2006:18:nrow:246332"
[1] "2006:19"
[1] "2006:19:The number of rows in all_predict_ens1_1km_all_df is not 540261."
[1] "2006:nrow is of 591869"
[1] "2004:80:The number of rows in all_predict_ens1_200m_urban_df is not 230825."
[1] "2004:80:nrow:246332"
[1] "2004:81"
[1] "2004:81:The number of rows in all_predict_ens1_1km_all_df is not 540261."
[1] "2004:nrow is of 591869"
[1] "2006:19:The number of rows in all_predict_ens1_200m_urban_df is not 230825."
[1] "2006:19:nrow:246332"
[1] "2006:20"
[1] "2005:25:The number of rows in all_predict_ens1_200m_urban_df is not 230825."
[1] "2005:25:nrow:246332"
[1] "2005:26"
[1] "2006:20:The number of rows in all_predict_ens1_1km_all_df is not 540261."
[1] "2006:nrow is of 591869"
[1] "2004:81:The number of rows in all_predict_ens1_200m_urban_df is not 230825."
[1] "2004:81:nrow:246332"
[1] "2004:82"
[1] "2005:26:The number of rows in all_predict_ens1_1km_all_df is not 540261."
[1] "2005:nrow is of 591869"
[1] "2004:82:The number of rows in all_predict_ens1_1km_all_df is not 540261."
[1] "2004:nrow is of 591869"
[1] "2006:20:The number of rows in all_predict_ens1_200m_urban_df is not 230825."
[1] "2006:20:nrow:246332"
[1] "2006:21"
[1] "2006:21:The number of rows in all_predict_ens1_1km_all_df is not 540261."
[1] "2006:nrow is of 591869"
[1] "2005:26:The number of rows in all_predict_ens1_200m_urban_df is not 230825."
[1] "2005:26:nrow:246332"
[1] "2005:27"
[1] "2005:27:The number of rows in all_predict_ens1_1km_all_df is not 540261."
[1] "2005:nrow is of 591869"
[1] "2006:21:The number of rows in all_predict_ens1_200m_urban_df is not 230825."
[1] "2006:21:nrow:246332"
[1] "2006:22"
[1] "2006:22:The number of rows in all_predict_ens1_1km_all_df is not 540261."
[1] "2006:nrow is of 591869"
[1] "2005:27:The number of rows in all_predict_ens1_200m_urban_df is not 230825."
[1] "2005:27:nrow:246332"
[1] "2005:28"
[1] "2006:22:The number of rows in all_predict_ens1_200m_urban_df is not 230825."
[1] "2006:22:nrow:246332"
[1] "2006:23"
[1] "2005:28:The number of rows in all_predict_ens1_1km_all_df is not 540261."
[1] "2005:nrow is of 591869"
[1] "2006:23:The number of rows in all_predict_ens1_1km_all_df is not 540261."
[1] "2006:nrow is of 591869"
[1] "2005:28:The number of rows in all_predict_ens1_200m_urban_df is not 230825."
[1] "2005:28:nrow:246332"
[1] "2005:29"
[1] "2005:29:The number of rows in all_predict_ens1_1km_all_df is not 540261."
[1] "2005:nrow is of 591869"
[1] "2006:23:The number of rows in all_predict_ens1_200m_urban_df is not 230825."
[1] "2006:23:nrow:246332"
[1] "2006:24"
[1] "2006:24:The number of rows in all_predict_ens1_1km_all_df is not 540261."
[1] "2006:nrow is of 591869"
[1] "2006:24:The number of rows in all_predict_ens1_200m_urban_df is not 230825."
[1] "2006:24:nrow:246332"
[1] "2006:25"
[1] "2006:25:The number of rows in all_predict_ens1_1km_all_df is not 540261."
[1] "2006:nrow is of 591869"
[1] "2005:29:The number of rows in all_predict_ens1_200m_urban_df is not 230825."
[1] "2005:29:nrow:246332"
[1] "2005:30"
[1] "2005:30:The number of rows in all_predict_ens1_1km_all_df is not 540261."
[1] "2005:nrow is of 591869"
[1] "2004:82:The number of rows in all_predict_ens1_200m_urban_df is not 230825."
[1] "2004:82:nrow:246332"
[1] "2004:83"
[1] "2004:83:The number of rows in all_predict_ens1_1km_all_df is not 540261."
[1] "2004:nrow is of 591869"
[1] "2006:25:The number of rows in all_predict_ens1_200m_urban_df is not 230825."
[1] "2006:25:nrow:246332"
[1] "2006:26"
[1] "2005:30:The number of rows in all_predict_ens1_200m_urban_df is not 230825."
[1] "2005:30:nrow:246332"
[1] "2005:31"
[1] "2006:26:The number of rows in all_predict_ens1_1km_all_df is not 540261."
[1] "2006:nrow is of 591869"
[1] "2005:31:The number of rows in all_predict_ens1_1km_all_df is not 540261."
[1] "2005:nrow is of 591869"
[1] "2004:83:The number of rows in all_predict_ens1_200m_urban_df is not 230825."
[1] "2004:83:nrow:246332"
[1] "2004:84"
[1] "2004:84:The number of rows in all_predict_ens1_1km_all_df is not 540261."
[1] "2004:nrow is of 591869"
[1] "2006:26:The number of rows in all_predict_ens1_200m_urban_df is not 230825."
[1] "2006:26:nrow:246332"
[1] "2006:27"
[1] "2006:27:The number of rows in all_predict_ens1_1km_all_df is not 540261."
[1] "2006:nrow is of 591869"
[1] "2004:84:The number of rows in all_predict_ens1_200m_urban_df is not 230825."
[1] "2004:84:nrow:246332"
[1] "2004:85"
[1] "2004:85:The number of rows in all_predict_ens1_1km_all_df is not 540261."
[1] "2004:nrow is of 591869"
[1] "2006:27:The number of rows in all_predict_ens1_200m_urban_df is not 230825."
[1] "2006:27:nrow:246332"
[1] "2006:28"
[1] "2004:85:The number of rows in all_predict_ens1_200m_urban_df is not 230825."
[1] "2004:85:nrow:246332"
[1] "2004:86"
[1] "2004:86:The number of rows in all_predict_ens1_1km_all_df is not 540261."
[1] "2004:nrow is of 591869"
[1] "2004:86:The number of rows in all_predict_ens1_200m_urban_df is not 230825."
[1] "2004:86:nrow:246332"
[1] "2004:87"
[1] "2004:87:The number of rows in all_predict_ens1_1km_all_df is not 540261."
[1] "2004:nrow is of 591869"
[1] "2004:87:The number of rows in all_predict_ens1_200m_urban_df is not 230825."
[1] "2004:87:nrow:246332"
[1] "2004:88"
[1] "2004:88:The number of rows in all_predict_ens1_1km_all_df is not 540261."
[1] "2004:nrow is of 591869"
[1] "2004:88:The number of rows in all_predict_ens1_200m_urban_df is not 230825."
[1] "2004:88:nrow:246332"
[1] "2004:89"
[1] "2004:89:The number of rows in all_predict_ens1_1km_all_df is not 540261."
[1] "2004:nrow is of 591869"
[1] "2006:28:The number of rows in all_predict_ens1_1km_all_df is not 540261."
[1] "2006:nrow is of 591869"
[1] "2004:89:The number of rows in all_predict_ens1_200m_urban_df is not 230825."
[1] "2004:89:nrow:246332"
[1] "2004:90"
[1] "2004:90:The number of rows in all_predict_ens1_1km_all_df is not 540261."
[1] "2004:nrow is of 591869"
[1] "2006:28:The number of rows in all_predict_ens1_200m_urban_df is not 230825."
[1] "2006:28:nrow:246332"
[1] "2006:29"
[1] "2006:29:The number of rows in all_predict_ens1_1km_all_df is not 540261."
[1] "2006:nrow is of 591869"
[1] "2004:90:The number of rows in all_predict_ens1_200m_urban_df is not 230825."
[1] "2004:90:nrow:246332"
[1] "2004:91"
[1] "2005:31:The number of rows in all_predict_ens1_200m_urban_df is not 230825."
[1] "2005:31:nrow:246332"
[1] "2005:32"
[1] "2004:91:The number of rows in all_predict_ens1_1km_all_df is not 540261."
[1] "2004:nrow is of 591869"
[1] "2005:32:The number of rows in all_predict_ens1_1km_all_df is not 540261."
[1] "2005:nrow is of 591869"
[1] "2006:29:The number of rows in all_predict_ens1_200m_urban_df is not 230825."
[1] "2006:29:nrow:246332"
[1] "2006:30"
[1] "2006:30:The number of rows in all_predict_ens1_1km_all_df is not 540261."
[1] "2006:nrow is of 591869"
[1] "2004:91:The number of rows in all_predict_ens1_200m_urban_df is not 230825."
[1] "2004:91:nrow:246332"
[1] "2004:92"
[1] "2004:92:The number of rows in all_predict_ens1_1km_all_df is not 540261."
[1] "2004:nrow is of 591869"
[1] "2005:32:The number of rows in all_predict_ens1_200m_urban_df is not 230825."
[1] "2005:32:nrow:246332"
[1] "2005:33"
[1] "2005:33:The number of rows in all_predict_ens1_1km_all_df is not 540261."
[1] "2005:nrow is of 591869"
[1] "2006:30:The number of rows in all_predict_ens1_200m_urban_df is not 230825."
[1] "2006:30:nrow:246332"
[1] "2006:31"
[1] "2004:92:The number of rows in all_predict_ens1_200m_urban_df is not 230825."
[1] "2004:92:nrow:246332"
[1] "2004:93"
[1] "2006:31:The number of rows in all_predict_ens1_1km_all_df is not 540261."
[1] "2006:nrow is of 591869"
[1] "2004:93:The number of rows in all_predict_ens1_1km_all_df is not 540261."
[1] "2004:nrow is of 591869"
[1] "2006:31:The number of rows in all_predict_ens1_200m_urban_df is not 230825."
[1] "2006:31:nrow:246332"
[1] "2006:32"
[1] "2006:32:The number of rows in all_predict_ens1_1km_all_df is not 540261."
[1] "2006:nrow is of 591869"
[1] "2005:33:The number of rows in all_predict_ens1_200m_urban_df is not 230825."
[1] "2005:33:nrow:246332"
[1] "2005:34"
[1] "2004:93:The number of rows in all_predict_ens1_200m_urban_df is not 230825."
[1] "2004:93:nrow:246332"
[1] "2004:94"
[1] "2005:34:The number of rows in all_predict_ens1_1km_all_df is not 540261."
[1] "2005:nrow is of 591869"
[1] "2004:94:The number of rows in all_predict_ens1_1km_all_df is not 540261."
[1] "2004:nrow is of 591869"
[1] "2006:32:The number of rows in all_predict_ens1_200m_urban_df is not 230825."
[1] "2006:32:nrow:246332"
[1] "2006:33"
[1] "2006:33:The number of rows in all_predict_ens1_1km_all_df is not 540261."
[1] "2006:nrow is of 591869"
[1] "2005:34:The number of rows in all_predict_ens1_200m_urban_df is not 230825."
[1] "2005:34:nrow:246332"
[1] "2005:35"
[1] "2004:94:The number of rows in all_predict_ens1_200m_urban_df is not 230825."
[1] "2004:94:nrow:246332"
[1] "2004:95"
[1] "2005:35:The number of rows in all_predict_ens1_1km_all_df is not 540261."
[1] "2005:nrow is of 591869"
[1] "2004:95:The number of rows in all_predict_ens1_1km_all_df is not 540261."
[1] "2004:nrow is of 591869"
[1] "2006:33:The number of rows in all_predict_ens1_200m_urban_df is not 230825."
[1] "2006:33:nrow:246332"
[1] "2006:34"
[1] "2006:34:The number of rows in all_predict_ens1_1km_all_df is not 540261."
[1] "2006:nrow is of 591869"
[1] "2004:95:The number of rows in all_predict_ens1_200m_urban_df is not 230825."
[1] "2004:95:nrow:246332"
[1] "2004:96"
[1] "2004:96:The number of rows in all_predict_ens1_1km_all_df is not 540261."
[1] "2004:nrow is of 591869"
[1] "2005:35:The number of rows in all_predict_ens1_200m_urban_df is not 230825."
[1] "2005:35:nrow:246332"
[1] "2005:36"
[1] "2006:34:The number of rows in all_predict_ens1_200m_urban_df is not 230825."
[1] "2006:34:nrow:246332"
[1] "2006:35"
[1] "2005:36:The number of rows in all_predict_ens1_1km_all_df is not 540261."
[1] "2005:nrow is of 591869"
[1] "2006:35:The number of rows in all_predict_ens1_1km_all_df is not 540261."
[1] "2006:nrow is of 591869"
[1] "2005:36:The number of rows in all_predict_ens1_200m_urban_df is not 230825."
[1] "2005:36:nrow:246332"
[1] "2005:37"
[1] "2004:96:The number of rows in all_predict_ens1_200m_urban_df is not 230825."
[1] "2004:96:nrow:246332"
[1] "2004:97"
[1] "2005:37:The number of rows in all_predict_ens1_1km_all_df is not 540261."
[1] "2005:nrow is of 591869"
[1] "2004:97:The number of rows in all_predict_ens1_1km_all_df is not 540261."
[1] "2004:nrow is of 591869"
[1] "2006:35:The number of rows in all_predict_ens1_200m_urban_df is not 230825."
[1] "2006:35:nrow:246332"
[1] "2006:36"
[1] "2006:36:The number of rows in all_predict_ens1_1km_all_df is not 540261."
[1] "2006:nrow is of 591869"
[1] "2004:97:The number of rows in all_predict_ens1_200m_urban_df is not 230825."
[1] "2004:97:nrow:246332"
[1] "2004:98"
[1] "2006:36:The number of rows in all_predict_ens1_200m_urban_df is not 230825."
[1] "2006:36:nrow:246332"
[1] "2006:37"
[1] "2004:98:The number of rows in all_predict_ens1_1km_all_df is not 540261."
[1] "2004:nrow is of 591869"
[1] "2006:37:The number of rows in all_predict_ens1_1km_all_df is not 540261."
[1] "2006:nrow is of 591869"
[1] "2005:37:The number of rows in all_predict_ens1_200m_urban_df is not 230825."
[1] "2005:37:nrow:246332"
[1] "2005:38"
[1] "2005:38:The number of rows in all_predict_ens1_1km_all_df is not 540261."
[1] "2005:nrow is of 591869"
[1] "2004:98:The number of rows in all_predict_ens1_200m_urban_df is not 230825."
[1] "2004:98:nrow:246332"
[1] "2004:99"
[1] "2006:37:The number of rows in all_predict_ens1_200m_urban_df is not 230825."
[1] "2006:37:nrow:246332"
[1] "2006:38"
[1] "2004:99:The number of rows in all_predict_ens1_1km_all_df is not 540261."
[1] "2004:nrow is of 591869"
[1] "2006:38:The number of rows in all_predict_ens1_1km_all_df is not 540261."
[1] "2006:nrow is of 591869"
[1] "2005:38:The number of rows in all_predict_ens1_200m_urban_df is not 230825."
[1] "2005:38:nrow:246332"
[1] "2005:39"
[1] "2005:39:The number of rows in all_predict_ens1_1km_all_df is not 540261."
[1] "2005:nrow is of 591869"
[1] "2004:99:The number of rows in all_predict_ens1_200m_urban_df is not 230825."
[1] "2004:99:nrow:246332"
[1] "2004:100"
[1] "2004:100:The number of rows in all_predict_ens1_1km_all_df is not 540261."
[1] "2004:nrow is of 591869"
[1] "2006:38:The number of rows in all_predict_ens1_200m_urban_df is not 230825."
[1] "2006:38:nrow:246332"
[1] "2006:39"
[1] "2006:39:The number of rows in all_predict_ens1_1km_all_df is not 540261."
[1] "2006:nrow is of 591869"
[1] "2004:100:The number of rows in all_predict_ens1_200m_urban_df is not 230825."
[1] "2004:100:nrow:246332"
[1] "2004:101"
[1] "2005:39:The number of rows in all_predict_ens1_200m_urban_df is not 230825."
[1] "2005:39:nrow:246332"
[1] "2005:40"
[1] "2006:39:The number of rows in all_predict_ens1_200m_urban_df is not 230825."
[1] "2006:39:nrow:246332"
[1] "2006:40"
[1] "2004:101:The number of rows in all_predict_ens1_1km_all_df is not 540261."
[1] "2004:nrow is of 591869"
[1] "2005:40:The number of rows in all_predict_ens1_1km_all_df is not 540261."
[1] "2005:nrow is of 591869"
[1] "2006:40:The number of rows in all_predict_ens1_1km_all_df is not 540261."
[1] "2006:nrow is of 591869"
[1] "2004:101:The number of rows in all_predict_ens1_200m_urban_df is not 230825."
[1] "2004:101:nrow:246332"
[1] "2004:102"
[1] "2005:40:The number of rows in all_predict_ens1_200m_urban_df is not 230825."
[1] "2005:40:nrow:246332"
[1] "2005:41"
[1] "2004:102:The number of rows in all_predict_ens1_1km_all_df is not 540261."
[1] "2004:nrow is of 591869"
[1] "2006:40:The number of rows in all_predict_ens1_200m_urban_df is not 230825."
[1] "2006:40:nrow:246332"
[1] "2006:41"
[1] "2005:41:The number of rows in all_predict_ens1_1km_all_df is not 540261."
[1] "2005:nrow is of 591869"
[1] "2006:41:The number of rows in all_predict_ens1_1km_all_df is not 540261."
[1] "2006:nrow is of 591869"
[1] "2004:102:The number of rows in all_predict_ens1_200m_urban_df is not 230825."
[1] "2004:102:nrow:246332"
[1] "2004:103"
[1] "2004:103:The number of rows in all_predict_ens1_1km_all_df is not 540261."
[1] "2004:nrow is of 591869"
[1] "2006:41:The number of rows in all_predict_ens1_200m_urban_df is not 230825."
[1] "2006:41:nrow:246332"
[1] "2006:42"
[1] "2006:42:The number of rows in all_predict_ens1_1km_all_df is not 540261."
[1] "2006:nrow is of 591869"
[1] "2005:41:The number of rows in all_predict_ens1_200m_urban_df is not 230825."
[1] "2005:41:nrow:246332"
[1] "2005:42"
[1] "2005:42:The number of rows in all_predict_ens1_1km_all_df is not 540261."
[1] "2005:nrow is of 591869"
[1] "2004:103:The number of rows in all_predict_ens1_200m_urban_df is not 230825."
[1] "2004:103:nrow:246332"
[1] "2004:104"
[1] "2004:104:The number of rows in all_predict_ens1_1km_all_df is not 540261."
[1] "2004:nrow is of 591869"
[1] "2006:42:The number of rows in all_predict_ens1_200m_urban_df is not 230825."
[1] "2006:42:nrow:246332"
[1] "2006:43"
[1] "2006:43:The number of rows in all_predict_ens1_1km_all_df is not 540261."
[1] "2006:nrow is of 591869"
[1] "2005:42:The number of rows in all_predict_ens1_200m_urban_df is not 230825."
[1] "2005:42:nrow:246332"
[1] "2005:43"
[1] "2004:104:The number of rows in all_predict_ens1_200m_urban_df is not 230825."
[1] "2004:104:nrow:246332"
[1] "2004:105"
[1] "2005:43:The number of rows in all_predict_ens1_1km_all_df is not 540261."
[1] "2005:nrow is of 591869"
[1] "2006:43:The number of rows in all_predict_ens1_200m_urban_df is not 230825."
[1] "2006:43:nrow:246332"
[1] "2006:44"
[1] "2004:105:The number of rows in all_predict_ens1_1km_all_df is not 540261."
[1] "2004:nrow is of 591869"
[1] "2006:44:The number of rows in all_predict_ens1_1km_all_df is not 540261."
[1] "2006:nrow is of 591869"
[1] "2004:105:The number of rows in all_predict_ens1_200m_urban_df is not 230825."
[1] "2004:105:nrow:246332"
[1] "2004:106"
[1] "2006:44:The number of rows in all_predict_ens1_200m_urban_df is not 230825."
[1] "2006:44:nrow:246332"
[1] "2006:45"
[1] "2004:106:The number of rows in all_predict_ens1_1km_all_df is not 540261."
[1] "2004:nrow is of 591869"
[1] "2006:45:The number of rows in all_predict_ens1_1km_all_df is not 540261."
[1] "2006:nrow is of 591869"
[1] "2005:43:The number of rows in all_predict_ens1_200m_urban_df is not 230825."
[1] "2005:43:nrow:246332"
[1] "2005:44"
[1] "2005:44:The number of rows in all_predict_ens1_1km_all_df is not 540261."
[1] "2005:nrow is of 591869"
[1] "2004:106:The number of rows in all_predict_ens1_200m_urban_df is not 230825."
[1] "2004:106:nrow:246332"
[1] "2004:107"
[1] "2006:45:The number of rows in all_predict_ens1_200m_urban_df is not 230825."
[1] "2006:45:nrow:246332"
[1] "2006:46"
[1] "2004:107:The number of rows in all_predict_ens1_1km_all_df is not 540261."
[1] "2004:nrow is of 591869"
[1] "2006:46:The number of rows in all_predict_ens1_1km_all_df is not 540261."
[1] "2006:nrow is of 591869"
[1] "2005:44:The number of rows in all_predict_ens1_200m_urban_df is not 230825."
[1] "2005:44:nrow:246332"
[1] "2005:45"
[1] "2005:45:The number of rows in all_predict_ens1_1km_all_df is not 540261."
[1] "2005:nrow is of 591869"
[1] "2006:46:The number of rows in all_predict_ens1_200m_urban_df is not 230825."
[1] "2006:46:nrow:246332"
[1] "2006:47"
[1] "2004:107:The number of rows in all_predict_ens1_200m_urban_df is not 230825."
[1] "2004:107:nrow:246332"
[1] "2004:108"
[1] "2006:47:The number of rows in all_predict_ens1_1km_all_df is not 540261."
[1] "2006:nrow is of 591869"
[1] "2004:108:The number of rows in all_predict_ens1_1km_all_df is not 540261."
[1] "2004:nrow is of 591869"
[1] "2005:45:The number of rows in all_predict_ens1_200m_urban_df is not 230825."
[1] "2005:45:nrow:246332"
[1] "2005:46"
[1] "2006:47:The number of rows in all_predict_ens1_200m_urban_df is not 230825."
[1] "2006:47:nrow:246332"
[1] "2006:48"
[1] "2004:108:The number of rows in all_predict_ens1_200m_urban_df is not 230825."
[1] "2004:108:nrow:246332"
[1] "2004:109"
[1] "2005:46:The number of rows in all_predict_ens1_1km_all_df is not 540261."
[1] "2005:nrow is of 591869"
[1] "2006:48:The number of rows in all_predict_ens1_1km_all_df is not 540261."
[1] "2006:nrow is of 591869"
[1] "2004:109:The number of rows in all_predict_ens1_1km_all_df is not 540261."
[1] "2004:nrow is of 591869"
[1] "2005:46:The number of rows in all_predict_ens1_200m_urban_df is not 230825."
[1] "2005:46:nrow:246332"
[1] "2005:47"
[1] "2006:48:The number of rows in all_predict_ens1_200m_urban_df is not 230825."
[1] "2006:48:nrow:246332"
[1] "2006:49"
[1] "2004:109:The number of rows in all_predict_ens1_200m_urban_df is not 230825."
[1] "2004:109:nrow:246332"
[1] "2004:110"
[1] "2005:47:The number of rows in all_predict_ens1_1km_all_df is not 540261."
[1] "2005:nrow is of 591869"
[1] "2006:49:The number of rows in all_predict_ens1_1km_all_df is not 540261."
[1] "2006:nrow is of 591869"
[1] "2004:110:The number of rows in all_predict_ens1_1km_all_df is not 540261."
[1] "2004:nrow is of 591869"
[1] "2006:49:The number of rows in all_predict_ens1_200m_urban_df is not 230825."
[1] "2006:49:nrow:246332"
[1] "2006:50"
[1] "2004:110:The number of rows in all_predict_ens1_200m_urban_df is not 230825."
[1] "2004:110:nrow:246332"
[1] "2004:111"
[1] "2006:50:The number of rows in all_predict_ens1_1km_all_df is not 540261."
[1] "2006:nrow is of 591869"
[1] "2004:111:The number of rows in all_predict_ens1_1km_all_df is not 540261."
[1] "2004:nrow is of 591869"
[1] "2005:47:The number of rows in all_predict_ens1_200m_urban_df is not 230825."
[1] "2005:47:nrow:246332"
[1] "2005:48"
[1] "2005:48:The number of rows in all_predict_ens1_1km_all_df is not 540261."
[1] "2005:nrow is of 591869"
[1] "2006:50:The number of rows in all_predict_ens1_200m_urban_df is not 230825."
[1] "2006:50:nrow:246332"
[1] "2006:51"
[1] "2006:51:The number of rows in all_predict_ens1_1km_all_df is not 540261."
[1] "2006:nrow is of 591869"
[1] "2004:111:The number of rows in all_predict_ens1_200m_urban_df is not 230825."
[1] "2004:111:nrow:246332"
[1] "2004:112"
[1] "2004:112:The number of rows in all_predict_ens1_1km_all_df is not 540261."
[1] "2004:nrow is of 591869"
[1] "2005:48:The number of rows in all_predict_ens1_200m_urban_df is not 230825."
[1] "2005:48:nrow:246332"
[1] "2005:49"
[1] "2006:51:The number of rows in all_predict_ens1_200m_urban_df is not 230825."
[1] "2006:51:nrow:246332"
[1] "2006:52"
[1] "2006:52:The number of rows in all_predict_ens1_1km_all_df is not 540261."
[1] "2006:nrow is of 591869"
[1] "2004:112:The number of rows in all_predict_ens1_200m_urban_df is not 230825."
[1] "2004:112:nrow:246332"
[1] "2004:113"
[1] "2005:49:The number of rows in all_predict_ens1_1km_all_df is not 540261."
[1] "2005:nrow is of 591869"
[1] "2004:113:The number of rows in all_predict_ens1_1km_all_df is not 540261."
[1] "2004:nrow is of 591869"
[1] "2006:52:The number of rows in all_predict_ens1_200m_urban_df is not 230825."
[1] "2006:52:nrow:246332"
[1] "2006:53"
[1] "2005:49:The number of rows in all_predict_ens1_200m_urban_df is not 230825."
[1] "2005:49:nrow:246332"
[1] "2005:50"
[1] "2006:53:The number of rows in all_predict_ens1_1km_all_df is not 540261."
[1] "2006:nrow is of 591869"
[1] "2004:113:The number of rows in all_predict_ens1_200m_urban_df is not 230825."
[1] "2004:113:nrow:246332"
[1] "2004:114"
[1] "2005:50:The number of rows in all_predict_ens1_1km_all_df is not 540261."
[1] "2005:nrow is of 591869"
[1] "2004:114:The number of rows in all_predict_ens1_1km_all_df is not 540261."
[1] "2004:nrow is of 591869"
[1] "2006:53:The number of rows in all_predict_ens1_200m_urban_df is not 230825."
[1] "2006:53:nrow:246332"
[1] "2006:54"
[1] "2006:54:The number of rows in all_predict_ens1_1km_all_df is not 540261."
[1] "2006:nrow is of 591869"
[1] "2004:114:The number of rows in all_predict_ens1_200m_urban_df is not 230825."
[1] "2004:114:nrow:246332"
[1] "2004:115"
[1] "2004:115:The number of rows in all_predict_ens1_1km_all_df is not 540261."
[1] "2004:nrow is of 591869"
[1] "2005:50:The number of rows in all_predict_ens1_200m_urban_df is not 230825."
[1] "2005:50:nrow:246332"
[1] "2005:51"
[1] "2005:51:The number of rows in all_predict_ens1_1km_all_df is not 540261."
[1] "2005:nrow is of 591869"
[1] "2006:54:The number of rows in all_predict_ens1_200m_urban_df is not 230825."
[1] "2006:54:nrow:246332"
[1] "2006:55"
[1] "2006:55:The number of rows in all_predict_ens1_1km_all_df is not 540261."
[1] "2006:nrow is of 591869"
[1] "2004:115:The number of rows in all_predict_ens1_200m_urban_df is not 230825."
[1] "2004:115:nrow:246332"
[1] "2004:116"
[1] "2004:116:The number of rows in all_predict_ens1_1km_all_df is not 540261."
[1] "2004:nrow is of 591869"
[1] "2006:55:The number of rows in all_predict_ens1_200m_urban_df is not 230825."
[1] "2006:55:nrow:246332"
[1] "2006:56"
[1] "2006:56:The number of rows in all_predict_ens1_1km_all_df is not 540261."
[1] "2006:nrow is of 591869"
[1] "2005:51:The number of rows in all_predict_ens1_200m_urban_df is not 230825."
[1] "2005:51:nrow:246332"
[1] "2005:52"
[1] "2004:116:The number of rows in all_predict_ens1_200m_urban_df is not 230825."
[1] "2004:116:nrow:246332"
[1] "2004:117"
[1] "2005:52:The number of rows in all_predict_ens1_1km_all_df is not 540261."
[1] "2005:nrow is of 591869"
[1] "2004:117:The number of rows in all_predict_ens1_1km_all_df is not 540261."
[1] "2004:nrow is of 591869"
[1] "2006:56:The number of rows in all_predict_ens1_200m_urban_df is not 230825."
[1] "2006:56:nrow:246332"
[1] "2006:57"
[1] "2006:57:The number of rows in all_predict_ens1_1km_all_df is not 540261."
[1] "2006:nrow is of 591869"
[1] "2005:52:The number of rows in all_predict_ens1_200m_urban_df is not 230825."
[1] "2005:52:nrow:246332"
[1] "2005:53"
[1] "2004:117:The number of rows in all_predict_ens1_200m_urban_df is not 230825."
[1] "2004:117:nrow:246332"
[1] "2004:118"
[1] "2004:118:The number of rows in all_predict_ens1_1km_all_df is not 540261."
[1] "2004:nrow is of 591869"
[1] "2005:53:The number of rows in all_predict_ens1_1km_all_df is not 540261."
[1] "2005:nrow is of 591869"
[1] "2006:57:The number of rows in all_predict_ens1_200m_urban_df is not 230825."
[1] "2006:57:nrow:246332"
[1] "2006:58"
[1] "2006:58:The number of rows in all_predict_ens1_1km_all_df is not 540261."
[1] "2006:nrow is of 591869"
[1] "2004:118:The number of rows in all_predict_ens1_200m_urban_df is not 230825."
[1] "2004:118:nrow:246332"
[1] "2004:119"
[1] "2004:119:The number of rows in all_predict_ens1_1km_all_df is not 540261."
[1] "2004:nrow is of 591869"
[1] "2006:58:The number of rows in all_predict_ens1_200m_urban_df is not 230825."
[1] "2006:58:nrow:246332"
[1] "2006:59"
[1] "2005:53:The number of rows in all_predict_ens1_200m_urban_df is not 230825."
[1] "2005:53:nrow:246332"
[1] "2005:54"
[1] "2006:59:The number of rows in all_predict_ens1_1km_all_df is not 540261."
[1] "2006:nrow is of 591869"
[1] "2005:54:The number of rows in all_predict_ens1_1km_all_df is not 540261."
[1] "2005:nrow is of 591869"
[1] "2004:119:The number of rows in all_predict_ens1_200m_urban_df is not 230825."
[1] "2004:119:nrow:246332"
[1] "2004:120"
[1] "2004:120:The number of rows in all_predict_ens1_1km_all_df is not 540261."
[1] "2004:nrow is of 591869"
[1] "2006:59:The number of rows in all_predict_ens1_200m_urban_df is not 230825."
[1] "2006:59:nrow:246332"
[1] "2006:60"
[1] "2005:54:The number of rows in all_predict_ens1_200m_urban_df is not 230825."
[1] "2005:54:nrow:246332"
[1] "2005:55"
[1] "2006:60:The number of rows in all_predict_ens1_1km_all_df is not 540261."
[1] "2006:nrow is of 591869"
[1] "2005:55:The number of rows in all_predict_ens1_1km_all_df is not 540261."
[1] "2005:nrow is of 591869"
[1] "2004:120:The number of rows in all_predict_ens1_200m_urban_df is not 230825."
[1] "2004:120:nrow:246332"
[1] "2004:121"
[1] "2004:121:The number of rows in all_predict_ens1_1km_all_df is not 540261."
[1] "2004:nrow is of 591869"
[1] "2006:60:The number of rows in all_predict_ens1_200m_urban_df is not 230825."
[1] "2006:60:nrow:246332"
[1] "2006:61"
[1] "2006:61:The number of rows in all_predict_ens1_1km_all_df is not 540261."
[1] "2006:nrow is of 591869"
[1] "2004:121:The number of rows in all_predict_ens1_200m_urban_df is not 230825."
[1] "2004:121:nrow:246332"
[1] "2004:122"
[1] "2005:55:The number of rows in all_predict_ens1_200m_urban_df is not 230825."
[1] "2005:55:nrow:246332"
[1] "2005:56"
[1] "2004:122:The number of rows in all_predict_ens1_1km_all_df is not 540261."
[1] "2004:nrow is of 591869"
[1] "2005:56:The number of rows in all_predict_ens1_1km_all_df is not 540261."
[1] "2005:nrow is of 591869"
[1] "2006:61:The number of rows in all_predict_ens1_200m_urban_df is not 230825."
[1] "2006:61:nrow:246332"
[1] "2006:62"
[1] "2006:62:The number of rows in all_predict_ens1_1km_all_df is not 540261."
[1] "2006:nrow is of 591869"
[1] "2004:122:The number of rows in all_predict_ens1_200m_urban_df is not 230825."
[1] "2004:122:nrow:246332"
[1] "2004:123"
[1] "2005:56:The number of rows in all_predict_ens1_200m_urban_df is not 230825."
[1] "2005:56:nrow:246332"
[1] "2005:57"
[1] "2004:123:The number of rows in all_predict_ens1_1km_all_df is not 540261."
[1] "2004:nrow is of 591869"
[1] "2005:57:The number of rows in all_predict_ens1_1km_all_df is not 540261."
[1] "2005:nrow is of 591869"
[1] "2006:62:The number of rows in all_predict_ens1_200m_urban_df is not 230825."
[1] "2006:62:nrow:246332"
[1] "2006:63"
[1] "2006:63:The number of rows in all_predict_ens1_1km_all_df is not 540261."
[1] "2006:nrow is of 591869"
[1] "2004:123:The number of rows in all_predict_ens1_200m_urban_df is not 230825."
[1] "2004:123:nrow:246332"
[1] "2004:124"
[1] "2004:124:The number of rows in all_predict_ens1_1km_all_df is not 540261."
[1] "2004:nrow is of 591869"
[1] "2006:63:The number of rows in all_predict_ens1_200m_urban_df is not 230825."
[1] "2006:63:nrow:246332"
[1] "2006:64"
[1] "2006:64:The number of rows in all_predict_ens1_1km_all_df is not 540261."
[1] "2006:nrow is of 591869"
[1] "2005:57:The number of rows in all_predict_ens1_200m_urban_df is not 230825."
[1] "2005:57:nrow:246332"
[1] "2005:58"
[1] "2005:58:The number of rows in all_predict_ens1_1km_all_df is not 540261."
[1] "2005:nrow is of 591869"
[1] "2004:124:The number of rows in all_predict_ens1_200m_urban_df is not 230825."
[1] "2004:124:nrow:246332"
[1] "2004:125"
[1] "2004:125:The number of rows in all_predict_ens1_1km_all_df is not 540261."
[1] "2004:nrow is of 591869"
[1] "2006:64:The number of rows in all_predict_ens1_200m_urban_df is not 230825."
[1] "2006:64:nrow:246332"
[1] "2006:65"
[1] "2006:65:The number of rows in all_predict_ens1_1km_all_df is not 540261."
[1] "2006:nrow is of 591869"
[1] "2005:58:The number of rows in all_predict_ens1_200m_urban_df is not 230825."
[1] "2005:58:nrow:246332"
[1] "2005:59"
[1] "2005:59:The number of rows in all_predict_ens1_1km_all_df is not 540261."
[1] "2005:nrow is of 591869"
[1] "2004:125:The number of rows in all_predict_ens1_200m_urban_df is not 230825."
[1] "2004:125:nrow:246332"
[1] "2004:126"
[1] "2004:126:The number of rows in all_predict_ens1_1km_all_df is not 540261."
[1] "2004:nrow is of 591869"
[1] "2006:65:The number of rows in all_predict_ens1_200m_urban_df is not 230825."
[1] "2006:65:nrow:246332"
[1] "2006:66"
[1] "2006:66:The number of rows in all_predict_ens1_1km_all_df is not 540261."
[1] "2006:nrow is of 591869"
[1] "2004:126:The number of rows in all_predict_ens1_200m_urban_df is not 230825."
[1] "2004:126:nrow:246332"
[1] "2004:127"
[1] "2004:127:The number of rows in all_predict_ens1_1km_all_df is not 540261."
[1] "2004:nrow is of 591869"
[1] "2005:59:The number of rows in all_predict_ens1_200m_urban_df is not 230825."
[1] "2005:59:nrow:246332"
[1] "2005:60"
[1] "2006:66:The number of rows in all_predict_ens1_200m_urban_df is not 230825."
[1] "2006:66:nrow:246332"
[1] "2006:67"
[1] "2005:60:The number of rows in all_predict_ens1_1km_all_df is not 540261."
[1] "2005:nrow is of 591869"
[1] "2006:67:The number of rows in all_predict_ens1_1km_all_df is not 540261."
[1] "2006:nrow is of 591869"
[1] "2004:127:The number of rows in all_predict_ens1_200m_urban_df is not 230825."
[1] "2004:127:nrow:246332"
[1] "2004:128"
[1] "2004:128:The number of rows in all_predict_ens1_1km_all_df is not 540261."
[1] "2004:nrow is of 591869"
[1] "2006:67:The number of rows in all_predict_ens1_200m_urban_df is not 230825."
[1] "2006:67:nrow:246332"
[1] "2006:68"
[1] "2006:68:The number of rows in all_predict_ens1_1km_all_df is not 540261."
[1] "2006:nrow is of 591869"
[1] "2005:60:The number of rows in all_predict_ens1_200m_urban_df is not 230825."
[1] "2005:60:nrow:246332"
[1] "2005:61"
[1] "2005:61:The number of rows in all_predict_ens1_1km_all_df is not 540261."
[1] "2005:nrow is of 591869"
[1] "2004:128:The number of rows in all_predict_ens1_200m_urban_df is not 230825."
[1] "2004:128:nrow:246332"
[1] "2004:129"
[1] "2004:129:The number of rows in all_predict_ens1_1km_all_df is not 540261."
[1] "2004:nrow is of 591869"
[1] "2006:68:The number of rows in all_predict_ens1_200m_urban_df is not 230825."
[1] "2006:68:nrow:246332"
[1] "2006:69"
[1] "2006:69:The number of rows in all_predict_ens1_1km_all_df is not 540261."
[1] "2006:nrow is of 591869"
[1] "2005:61:The number of rows in all_predict_ens1_200m_urban_df is not 230825."
[1] "2005:61:nrow:246332"
[1] "2005:62"
[1] "2004:129:The number of rows in all_predict_ens1_200m_urban_df is not 230825."
[1] "2004:129:nrow:246332"
[1] "2004:130"
[1] "2006:69:The number of rows in all_predict_ens1_200m_urban_df is not 230825."
[1] "2006:69:nrow:246332"
[1] "2006:70"
[1] "2004:130:The number of rows in all_predict_ens1_1km_all_df is not 540261."
[1] "2004:nrow is of 591869"
[1] "2006:70:The number of rows in all_predict_ens1_1km_all_df is not 540261."
[1] "2006:nrow is of 591869"
[1] "2005:62:The number of rows in all_predict_ens1_1km_all_df is not 540261."
[1] "2005:nrow is of 591869"
[1] "2004:130:The number of rows in all_predict_ens1_200m_urban_df is not 230825."
[1] "2004:130:nrow:246332"
[1] "2004:131"
[1] "2004:131:The number of rows in all_predict_ens1_1km_all_df is not 540261."
[1] "2004:nrow is of 591869"
[1] "2006:70:The number of rows in all_predict_ens1_200m_urban_df is not 230825."
[1] "2006:70:nrow:246332"
[1] "2006:71"
[1] "2005:62:The number of rows in all_predict_ens1_200m_urban_df is not 230825."
[1] "2005:62:nrow:246332"
[1] "2005:63"
[1] "2006:71:The number of rows in all_predict_ens1_1km_all_df is not 540261."
[1] "2006:nrow is of 591869"
[1] "2005:63:The number of rows in all_predict_ens1_1km_all_df is not 540261."
[1] "2005:nrow is of 591869"
[1] "2004:131:The number of rows in all_predict_ens1_200m_urban_df is not 230825."
[1] "2004:131:nrow:246332"
[1] "2004:132"
[1] "2006:71:The number of rows in all_predict_ens1_200m_urban_df is not 230825."
[1] "2006:71:nrow:246332"
[1] "2006:72"
[1] "2004:132:The number of rows in all_predict_ens1_1km_all_df is not 540261."
[1] "2004:nrow is of 591869"
[1] "2006:72:The number of rows in all_predict_ens1_1km_all_df is not 540261."
[1] "2006:nrow is of 591869"
[1] "2005:63:The number of rows in all_predict_ens1_200m_urban_df is not 230825."
[1] "2005:63:nrow:246332"
[1] "2005:64"
[1] "2004:132:The number of rows in all_predict_ens1_200m_urban_df is not 230825."
[1] "2004:132:nrow:246332"
[1] "2004:133"
[1] "2005:64:The number of rows in all_predict_ens1_1km_all_df is not 540261."
[1] "2005:nrow is of 591869"
[1] "2006:72:The number of rows in all_predict_ens1_200m_urban_df is not 230825."
[1] "2006:72:nrow:246332"
[1] "2006:73"
[1] "2004:133:The number of rows in all_predict_ens1_1km_all_df is not 540261."
[1] "2004:nrow is of 591869"
[1] "2006:73:The number of rows in all_predict_ens1_1km_all_df is not 540261."
[1] "2006:nrow is of 591869"
[1] "2005:64:The number of rows in all_predict_ens1_200m_urban_df is not 230825."
[1] "2005:64:nrow:246332"
[1] "2005:65"
[1] "2006:73:The number of rows in all_predict_ens1_200m_urban_df is not 230825."
[1] "2006:73:nrow:246332"
[1] "2006:74"
[1] "2004:133:The number of rows in all_predict_ens1_200m_urban_df is not 230825."
[1] "2004:133:nrow:246332"
[1] "2004:134"
[1] "2005:65:The number of rows in all_predict_ens1_1km_all_df is not 540261."
[1] "2005:nrow is of 591869"
[1] "2006:74:The number of rows in all_predict_ens1_1km_all_df is not 540261."
[1] "2006:nrow is of 591869"
[1] "2004:134:The number of rows in all_predict_ens1_1km_all_df is not 540261."
[1] "2004:nrow is of 591869"
[1] "2004:134:The number of rows in all_predict_ens1_200m_urban_df is not 230825."
[1] "2004:134:nrow:246332"
[1] "2004:135"
[1] "2006:74:The number of rows in all_predict_ens1_200m_urban_df is not 230825."
[1] "2006:74:nrow:246332"
[1] "2006:75"
[1] "2004:135:The number of rows in all_predict_ens1_1km_all_df is not 540261."
[1] "2004:nrow is of 591869"
[1] "2006:75:The number of rows in all_predict_ens1_1km_all_df is not 540261."
[1] "2006:nrow is of 591869"
[1] "2005:65:The number of rows in all_predict_ens1_200m_urban_df is not 230825."
[1] "2005:65:nrow:246332"
[1] "2005:66"
[1] "2005:66:The number of rows in all_predict_ens1_1km_all_df is not 540261."
[1] "2005:nrow is of 591869"
[1] "2004:135:The number of rows in all_predict_ens1_200m_urban_df is not 230825."
[1] "2004:135:nrow:246332"
[1] "2004:136"
[1] "2006:75:The number of rows in all_predict_ens1_200m_urban_df is not 230825."
[1] "2006:75:nrow:246332"
[1] "2006:76"
[1] "2006:76:The number of rows in all_predict_ens1_1km_all_df is not 540261."
[1] "2006:nrow is of 591869"
[1] "2004:136:The number of rows in all_predict_ens1_1km_all_df is not 540261."
[1] "2004:nrow is of 591869"
[1] "2005:66:The number of rows in all_predict_ens1_200m_urban_df is not 230825."
[1] "2005:66:nrow:246332"
[1] "2005:67"
[1] "2005:67:The number of rows in all_predict_ens1_1km_all_df is not 540261."
[1] "2005:nrow is of 591869"
[1] "2006:76:The number of rows in all_predict_ens1_200m_urban_df is not 230825."
[1] "2006:76:nrow:246332"
[1] "2006:77"
[1] "2004:136:The number of rows in all_predict_ens1_200m_urban_df is not 230825."
[1] "2004:136:nrow:246332"
[1] "2004:137"
[1] "2006:77:The number of rows in all_predict_ens1_1km_all_df is not 540261."
[1] "2006:nrow is of 591869"
[1] "2004:137:The number of rows in all_predict_ens1_1km_all_df is not 540261."
[1] "2004:nrow is of 591869"
[1] "2006:77:The number of rows in all_predict_ens1_200m_urban_df is not 230825."
[1] "2006:77:nrow:246332"
[1] "2006:78"
[1] "2004:137:The number of rows in all_predict_ens1_200m_urban_df is not 230825."
[1] "2004:137:nrow:246332"
[1] "2004:138"
[1] "2005:67:The number of rows in all_predict_ens1_200m_urban_df is not 230825."
[1] "2005:67:nrow:246332"
[1] "2005:68"
[1] "2006:78:The number of rows in all_predict_ens1_1km_all_df is not 540261."
[1] "2006:nrow is of 591869"
[1] "2004:138:The number of rows in all_predict_ens1_1km_all_df is not 540261."
[1] "2004:nrow is of 591869"
[1] "2005:68:The number of rows in all_predict_ens1_1km_all_df is not 540261."
[1] "2005:nrow is of 591869"
[1] "2004:138:The number of rows in all_predict_ens1_200m_urban_df is not 230825."
[1] "2004:138:nrow:246332"
[1] "2004:139"
[1] "2006:78:The number of rows in all_predict_ens1_200m_urban_df is not 230825."
[1] "2006:78:nrow:246332"
[1] "2006:79"
[1] "2005:68:The number of rows in all_predict_ens1_200m_urban_df is not 230825."
[1] "2005:68:nrow:246332"
[1] "2005:69"
[1] "2004:139:The number of rows in all_predict_ens1_1km_all_df is not 540261."
[1] "2004:nrow is of 591869"
[1] "2006:79:The number of rows in all_predict_ens1_1km_all_df is not 540261."
[1] "2006:nrow is of 591869"
[1] "2005:69:The number of rows in all_predict_ens1_1km_all_df is not 540261."
[1] "2005:nrow is of 591869"
[1] "2004:139:The number of rows in all_predict_ens1_200m_urban_df is not 230825."
[1] "2004:139:nrow:246332"
[1] "2004:140"
[1] "2006:79:The number of rows in all_predict_ens1_200m_urban_df is not 230825."
[1] "2006:79:nrow:246332"
[1] "2006:80"
[1] "2004:140:The number of rows in all_predict_ens1_1km_all_df is not 540261."
[1] "2004:nrow is of 591869"
[1] "2006:80:The number of rows in all_predict_ens1_1km_all_df is not 540261."
[1] "2006:nrow is of 591869"
[1] "2005:69:The number of rows in all_predict_ens1_200m_urban_df is not 230825."
[1] "2005:69:nrow:246332"
[1] "2005:70"
[1] "2005:70:The number of rows in all_predict_ens1_1km_all_df is not 540261."
[1] "2005:nrow is of 591869"
[1] "2004:140:The number of rows in all_predict_ens1_200m_urban_df is not 230825."
[1] "2004:140:nrow:246332"
[1] "2004:141"
[1] "2006:80:The number of rows in all_predict_ens1_200m_urban_df is not 230825."
[1] "2006:80:nrow:246332"
[1] "2006:81"
[1] "2004:141:The number of rows in all_predict_ens1_1km_all_df is not 540261."
[1] "2004:nrow is of 591869"
[1] "2006:81:The number of rows in all_predict_ens1_1km_all_df is not 540261."
[1] "2006:nrow is of 591869"
[1] "2004:141:The number of rows in all_predict_ens1_200m_urban_df is not 230825."
[1] "2004:141:nrow:246332"
[1] "2004:142"
[1] "2004:142:The number of rows in all_predict_ens1_1km_all_df is not 540261."
[1] "2004:nrow is of 591869"
[1] "2005:70:The number of rows in all_predict_ens1_200m_urban_df is not 230825."
[1] "2005:70:nrow:246332"
[1] "2005:71"
[1] "2005:71:The number of rows in all_predict_ens1_1km_all_df is not 540261."
[1] "2005:nrow is of 591869"
[1] "2004:142:The number of rows in all_predict_ens1_200m_urban_df is not 230825."
[1] "2004:142:nrow:246332"
[1] "2004:143"
[1] "2004:143:The number of rows in all_predict_ens1_1km_all_df is not 540261."
[1] "2004:nrow is of 591869"
[1] "2005:71:The number of rows in all_predict_ens1_200m_urban_df is not 230825."
[1] "2005:71:nrow:246332"
[1] "2005:72"
[1] "2005:72:The number of rows in all_predict_ens1_1km_all_df is not 540261."
[1] "2005:nrow is of 591869"
[1] "2004:143:The number of rows in all_predict_ens1_200m_urban_df is not 230825."
[1] "2004:143:nrow:246332"
[1] "2004:144"
[1] "2004:144:The number of rows in all_predict_ens1_1km_all_df is not 540261."
[1] "2004:nrow is of 591869"
[1] "2005:72:The number of rows in all_predict_ens1_200m_urban_df is not 230825."
[1] "2005:72:nrow:246332"
[1] "2005:73"
[1] "2004:144:The number of rows in all_predict_ens1_200m_urban_df is not 230825."
[1] "2004:144:nrow:246332"
[1] "2004:145"
[1] "2005:73:The number of rows in all_predict_ens1_1km_all_df is not 540261."
[1] "2005:nrow is of 591869"
[1] "2004:145:The number of rows in all_predict_ens1_1km_all_df is not 540261."
[1] "2004:nrow is of 591869"
[1] "2005:73:The number of rows in all_predict_ens1_200m_urban_df is not 230825."
[1] "2005:73:nrow:246332"
[1] "2005:74"
[1] "2004:145:The number of rows in all_predict_ens1_200m_urban_df is not 230825."
[1] "2004:145:nrow:246332"
[1] "2004:146"
[1] "2006:81:The number of rows in all_predict_ens1_200m_urban_df is not 230825."
[1] "2006:81:nrow:246332"
[1] "2006:82"
[1] "2004:146:The number of rows in all_predict_ens1_1km_all_df is not 540261."
[1] "2004:nrow is of 591869"
[1] "2006:82:The number of rows in all_predict_ens1_1km_all_df is not 540261."
[1] "2006:nrow is of 591869"
[1] "2005:74:The number of rows in all_predict_ens1_1km_all_df is not 540261."
[1] "2005:nrow is of 591869"
[1] "2004:146:The number of rows in all_predict_ens1_200m_urban_df is not 230825."
[1] "2004:146:nrow:246332"
[1] "2004:147"
[1] "2004:147:The number of rows in all_predict_ens1_1km_all_df is not 540261."
[1] "2004:nrow is of 591869"
[1] "2006:82:The number of rows in all_predict_ens1_200m_urban_df is not 230825."
[1] "2006:82:nrow:246332"
[1] "2006:83"
[1] "2006:83:The number of rows in all_predict_ens1_1km_all_df is not 540261."
[1] "2006:nrow is of 591869"
[1] "2005:74:The number of rows in all_predict_ens1_200m_urban_df is not 230825."
[1] "2005:74:nrow:246332"
[1] "2005:75"
[1] "2005:75:The number of rows in all_predict_ens1_1km_all_df is not 540261."
[1] "2005:nrow is of 591869"
[1] "2004:147:The number of rows in all_predict_ens1_200m_urban_df is not 230825."
[1] "2004:147:nrow:246332"
[1] "2004:148"
[1] "2004:148:The number of rows in all_predict_ens1_1km_all_df is not 540261."
[1] "2004:nrow is of 591869"
[1] "2006:83:The number of rows in all_predict_ens1_200m_urban_df is not 230825."
[1] "2006:83:nrow:246332"
[1] "2006:84"
[1] "2006:84:The number of rows in all_predict_ens1_1km_all_df is not 540261."
[1] "2006:nrow is of 591869"
[1] "2004:148:The number of rows in all_predict_ens1_200m_urban_df is not 230825."
[1] "2004:148:nrow:246332"
[1] "2004:149"
[1] "2004:149:The number of rows in all_predict_ens1_1km_all_df is not 540261."
[1] "2004:nrow is of 591869"
[1] "2006:84:The number of rows in all_predict_ens1_200m_urban_df is not 230825."
[1] "2006:84:nrow:246332"
[1] "2006:85"
[1] "2006:85:The number of rows in all_predict_ens1_1km_all_df is not 540261."
[1] "2006:nrow is of 591869"
[1] "2004:149:The number of rows in all_predict_ens1_200m_urban_df is not 230825."
[1] "2004:149:nrow:246332"
[1] "2004:150"
[1] "2004:150:The number of rows in all_predict_ens1_1km_all_df is not 540261."
[1] "2004:nrow is of 591869"
[1] "2006:85:The number of rows in all_predict_ens1_200m_urban_df is not 230825."
[1] "2006:85:nrow:246332"
[1] "2006:86"
[1] "2006:86:The number of rows in all_predict_ens1_1km_all_df is not 540261."
[1] "2006:nrow is of 591869"
[1] "2004:150:The number of rows in all_predict_ens1_200m_urban_df is not 230825."
[1] "2004:150:nrow:246332"
[1] "2004:151"
[1] "2006:86:The number of rows in all_predict_ens1_200m_urban_df is not 230825."
[1] "2006:86:nrow:246332"
[1] "2006:87"
[1] "2004:151:The number of rows in all_predict_ens1_1km_all_df is not 540261."
[1] "2004:nrow is of 591869"
[1] "2006:87:The number of rows in all_predict_ens1_1km_all_df is not 540261."
[1] "2006:nrow is of 591869"
[1] "2006:87:The number of rows in all_predict_ens1_200m_urban_df is not 230825."
[1] "2006:87:nrow:246332"
[1] "2006:88"
[1] "2004:151:The number of rows in all_predict_ens1_200m_urban_df is not 230825."
[1] "2004:151:nrow:246332"
[1] "2004:152"
[1] "2006:88:The number of rows in all_predict_ens1_1km_all_df is not 540261."
[1] "2006:nrow is of 591869"
[1] "2004:152:The number of rows in all_predict_ens1_1km_all_df is not 540261."
[1] "2004:nrow is of 591869"
[1] "2004:152:The number of rows in all_predict_ens1_200m_urban_df is not 230825."
[1] "2004:152:nrow:246332"
[1] "2004:153"
[1] "2006:88:The number of rows in all_predict_ens1_200m_urban_df is not 230825."
[1] "2006:88:nrow:246332"
[1] "2006:89"
[1] "2006:89:The number of rows in all_predict_ens1_1km_all_df is not 540261."
[1] "2006:nrow is of 591869"
[1] "2004:153:The number of rows in all_predict_ens1_1km_all_df is not 540261."
[1] "2004:nrow is of 591869"
[1] "2006:89:The number of rows in all_predict_ens1_200m_urban_df is not 230825."
[1] "2006:89:nrow:246332"
[1] "2006:90"
[1] "2004:153:The number of rows in all_predict_ens1_200m_urban_df is not 230825."
[1] "2004:153:nrow:246332"
[1] "2004:154"
[1] "2006:90:The number of rows in all_predict_ens1_1km_all_df is not 540261."
[1] "2006:nrow is of 591869"
[1] "2004:154:The number of rows in all_predict_ens1_1km_all_df is not 540261."
[1] "2004:nrow is of 591869"
[1] "2005:75:The number of rows in all_predict_ens1_200m_urban_df is not 230825."
[1] "2005:75:nrow:246332"
[1] "2005:76"
[1] "2006:90:The number of rows in all_predict_ens1_200m_urban_df is not 230825."
[1] "2006:90:nrow:246332"
[1] "2006:91"
[1] "2004:154:The number of rows in all_predict_ens1_200m_urban_df is not 230825."
[1] "2004:154:nrow:246332"
[1] "2004:155"
[1] "2006:91:The number of rows in all_predict_ens1_1km_all_df is not 540261."
[1] "2006:nrow is of 591869"
[1] "2005:76:The number of rows in all_predict_ens1_1km_all_df is not 540261."
[1] "2005:nrow is of 591869"
[1] "2004:155:The number of rows in all_predict_ens1_1km_all_df is not 540261."
[1] "2004:nrow is of 591869"
[1] "2005:76:The number of rows in all_predict_ens1_200m_urban_df is not 230825."
[1] "2005:76:nrow:246332"
[1] "2005:77"
[1] "2006:91:The number of rows in all_predict_ens1_200m_urban_df is not 230825."
[1] "2006:91:nrow:246332"
[1] "2006:92"
[1] "2004:155:The number of rows in all_predict_ens1_200m_urban_df is not 230825."
[1] "2004:155:nrow:246332"
[1] "2004:156"
[1] "2005:77:The number of rows in all_predict_ens1_1km_all_df is not 540261."
[1] "2005:nrow is of 591869"
[1] "2006:92:The number of rows in all_predict_ens1_1km_all_df is not 540261."
[1] "2006:nrow is of 591869"
[1] "2004:156:The number of rows in all_predict_ens1_1km_all_df is not 540261."
[1] "2004:nrow is of 591869"
[1] "2006:92:The number of rows in all_predict_ens1_200m_urban_df is not 230825."
[1] "2006:92:nrow:246332"
[1] "2006:93"
[1] "2005:77:The number of rows in all_predict_ens1_200m_urban_df is not 230825."
[1] "2005:77:nrow:246332"
[1] "2005:78"
[1] "2006:93:The number of rows in all_predict_ens1_1km_all_df is not 540261."
[1] "2006:nrow is of 591869"
[1] "2004:156:The number of rows in all_predict_ens1_200m_urban_df is not 230825."
[1] "2004:156:nrow:246332"
[1] "2004:157"
[1] "2005:78:The number of rows in all_predict_ens1_1km_all_df is not 540261."
[1] "2005:nrow is of 591869"
[1] "2004:157:The number of rows in all_predict_ens1_1km_all_df is not 540261."
[1] "2004:nrow is of 591869"
[1] "2006:93:The number of rows in all_predict_ens1_200m_urban_df is not 230825."
[1] "2006:93:nrow:246332"
[1] "2006:94"
[1] "2006:94:The number of rows in all_predict_ens1_1km_all_df is not 540261."
[1] "2006:nrow is of 591869"
[1] "2004:157:The number of rows in all_predict_ens1_200m_urban_df is not 230825."
[1] "2004:157:nrow:246332"
[1] "2004:158"
[1] "2004:158:The number of rows in all_predict_ens1_1km_all_df is not 540261."
[1] "2004:nrow is of 591869"
[1] "2005:78:The number of rows in all_predict_ens1_200m_urban_df is not 230825."
[1] "2005:78:nrow:246332"
[1] "2005:79"
[1] "2005:79:The number of rows in all_predict_ens1_1km_all_df is not 540261."
[1] "2005:nrow is of 591869"
[1] "2006:94:The number of rows in all_predict_ens1_200m_urban_df is not 230825."
[1] "2006:94:nrow:246332"
[1] "2006:95"
[1] "2004:158:The number of rows in all_predict_ens1_200m_urban_df is not 230825."
[1] "2004:158:nrow:246332"
[1] "2004:159"
[1] "2006:95:The number of rows in all_predict_ens1_1km_all_df is not 540261."
[1] "2006:nrow is of 591869"
[1] "2004:159:The number of rows in all_predict_ens1_1km_all_df is not 540261."
[1] "2004:nrow is of 591869"
[1] "2005:79:The number of rows in all_predict_ens1_200m_urban_df is not 230825."
[1] "2005:79:nrow:246332"
[1] "2005:80"
[1] "2005:80:The number of rows in all_predict_ens1_1km_all_df is not 540261."
[1] "2005:nrow is of 591869"
[1] "2006:95:The number of rows in all_predict_ens1_200m_urban_df is not 230825."
[1] "2006:95:nrow:246332"
[1] "2006:96"
[1] "2006:96:The number of rows in all_predict_ens1_1km_all_df is not 540261."
[1] "2006:nrow is of 591869"
[1] "2005:80:The number of rows in all_predict_ens1_200m_urban_df is not 230825."
[1] "2005:80:nrow:246332"
[1] "2005:81"
[1] "2005:81:The number of rows in all_predict_ens1_1km_all_df is not 540261."
[1] "2005:nrow is of 591869"
[1] "2006:96:The number of rows in all_predict_ens1_200m_urban_df is not 230825."
[1] "2006:96:nrow:246332"
[1] "2006:97"
[1] "2006:97:The number of rows in all_predict_ens1_1km_all_df is not 540261."
[1] "2006:nrow is of 591869"
[1] "2006:97:The number of rows in all_predict_ens1_200m_urban_df is not 230825."
[1] "2006:97:nrow:246332"
[1] "2006:98"
[1] "2006:98:The number of rows in all_predict_ens1_1km_all_df is not 540261."
[1] "2006:nrow is of 591869"
[1] "2005:81:The number of rows in all_predict_ens1_200m_urban_df is not 230825."
[1] "2005:81:nrow:246332"
[1] "2005:82"
[1] "2005:82:The number of rows in all_predict_ens1_1km_all_df is not 540261."
[1] "2005:nrow is of 591869"
[1] "2006:98:The number of rows in all_predict_ens1_200m_urban_df is not 230825."
[1] "2006:98:nrow:246332"
[1] "2006:99"
[1] "2006:99:The number of rows in all_predict_ens1_1km_all_df is not 540261."
[1] "2006:nrow is of 591869"
[1] "2005:82:The number of rows in all_predict_ens1_200m_urban_df is not 230825."
[1] "2005:82:nrow:246332"
[1] "2005:83"
[1] "2005:83:The number of rows in all_predict_ens1_1km_all_df is not 540261."
[1] "2005:nrow is of 591869"
[1] "2006:99:The number of rows in all_predict_ens1_200m_urban_df is not 230825."
[1] "2006:99:nrow:246332"
[1] "2006:100"
[1] "2006:100:The number of rows in all_predict_ens1_1km_all_df is not 540261."
[1] "2006:nrow is of 591869"
[1] "2005:83:The number of rows in all_predict_ens1_200m_urban_df is not 230825."
[1] "2005:83:nrow:246332"
[1] "2005:84"
[1] "2005:84:The number of rows in all_predict_ens1_1km_all_df is not 540261."
[1] "2005:nrow is of 591869"
[1] "2004:159:The number of rows in all_predict_ens1_200m_urban_df is not 230825."
[1] "2004:159:nrow:246332"
[1] "2004:160"
[1] "2006:100:The number of rows in all_predict_ens1_200m_urban_df is not 230825."
[1] "2006:100:nrow:246332"
[1] "2006:101"
[1] "2006:101:The number of rows in all_predict_ens1_1km_all_df is not 540261."
[1] "2006:nrow is of 591869"
[1] "2004:160:The number of rows in all_predict_ens1_1km_all_df is not 540261."
[1] "2004:nrow is of 591869"
[1] "2006:101:The number of rows in all_predict_ens1_200m_urban_df is not 230825."
[1] "2006:101:nrow:246332"
[1] "2006:102"
[1] "2004:160:The number of rows in all_predict_ens1_200m_urban_df is not 230825."
[1] "2004:160:nrow:246332"
[1] "2004:161"
[1] "2006:102:The number of rows in all_predict_ens1_1km_all_df is not 540261."
[1] "2006:nrow is of 591869"
[1] "2005:84:The number of rows in all_predict_ens1_200m_urban_df is not 230825."
[1] "2005:84:nrow:246332"
[1] "2005:85"
[1] "2004:161:The number of rows in all_predict_ens1_1km_all_df is not 540261."
[1] "2004:nrow is of 591869"
[1] "2005:85:The number of rows in all_predict_ens1_1km_all_df is not 540261."
[1] "2005:nrow is of 591869"
[1] "2006:102:The number of rows in all_predict_ens1_200m_urban_df is not 230825."
[1] "2006:102:nrow:246332"
[1] "2006:103"
[1] "2004:161:The number of rows in all_predict_ens1_200m_urban_df is not 230825."
[1] "2004:161:nrow:246332"
[1] "2004:162"
[1] "2006:103:The number of rows in all_predict_ens1_1km_all_df is not 540261."
[1] "2006:nrow is of 591869"
[1] "2005:85:The number of rows in all_predict_ens1_200m_urban_df is not 230825."
[1] "2005:85:nrow:246332"
[1] "2005:86"
[1] "2004:162:The number of rows in all_predict_ens1_1km_all_df is not 540261."
[1] "2004:nrow is of 591869"
[1] "2005:86:The number of rows in all_predict_ens1_1km_all_df is not 540261."
[1] "2005:nrow is of 591869"
[1] "2006:103:The number of rows in all_predict_ens1_200m_urban_df is not 230825."
[1] "2006:103:nrow:246332"
[1] "2006:104"
[1] "2006:104:The number of rows in all_predict_ens1_1km_all_df is not 540261."
[1] "2006:nrow is of 591869"
[1] "2004:162:The number of rows in all_predict_ens1_200m_urban_df is not 230825."
[1] "2004:162:nrow:246332"
[1] "2004:163"
[1] "2005:86:The number of rows in all_predict_ens1_200m_urban_df is not 230825."
[1] "2005:86:nrow:246332"
[1] "2005:87"
[1] "2004:163:The number of rows in all_predict_ens1_1km_all_df is not 540261."
[1] "2004:nrow is of 591869"
[1] "2005:87:The number of rows in all_predict_ens1_1km_all_df is not 540261."
[1] "2005:nrow is of 591869"
[1] "2006:104:The number of rows in all_predict_ens1_200m_urban_df is not 230825."
[1] "2006:104:nrow:246332"
[1] "2006:105"
[1] "2004:163:The number of rows in all_predict_ens1_200m_urban_df is not 230825."
[1] "2004:163:nrow:246332"
[1] "2004:164"
[1] "2006:105:The number of rows in all_predict_ens1_1km_all_df is not 540261."
[1] "2006:nrow is of 591869"
[1] "2004:164:The number of rows in all_predict_ens1_1km_all_df is not 540261."
[1] "2004:nrow is of 591869"
[1] "2005:87:The number of rows in all_predict_ens1_200m_urban_df is not 230825."
[1] "2005:87:nrow:246332"
[1] "2005:88"
[1] "2006:105:The number of rows in all_predict_ens1_200m_urban_df is not 230825."
[1] "2006:105:nrow:246332"
[1] "2006:106"
[1] "2005:88:The number of rows in all_predict_ens1_1km_all_df is not 540261."
[1] "2005:nrow is of 591869"
[1] "2006:106:The number of rows in all_predict_ens1_1km_all_df is not 540261."
[1] "2006:nrow is of 591869"
[1] "2004:164:The number of rows in all_predict_ens1_200m_urban_df is not 230825."
[1] "2004:164:nrow:246332"
[1] "2004:165"
[1] "2004:165:The number of rows in all_predict_ens1_1km_all_df is not 540261."
[1] "2004:nrow is of 591869"
[1] "2006:106:The number of rows in all_predict_ens1_200m_urban_df is not 230825."
[1] "2006:106:nrow:246332"
[1] "2006:107"
[1] "2005:88:The number of rows in all_predict_ens1_200m_urban_df is not 230825."
[1] "2005:88:nrow:246332"
[1] "2005:89"
[1] "2006:107:The number of rows in all_predict_ens1_1km_all_df is not 540261."
[1] "2006:nrow is of 591869"
[1] "2004:165:The number of rows in all_predict_ens1_200m_urban_df is not 230825."
[1] "2004:165:nrow:246332"
[1] "2004:166"
[1] "2005:89:The number of rows in all_predict_ens1_1km_all_df is not 540261."
[1] "2005:nrow is of 591869"
[1] "2004:166:The number of rows in all_predict_ens1_1km_all_df is not 540261."
[1] "2004:nrow is of 591869"
[1] "2006:107:The number of rows in all_predict_ens1_200m_urban_df is not 230825."
[1] "2006:107:nrow:246332"
[1] "2006:108"
[1] "2005:89:The number of rows in all_predict_ens1_200m_urban_df is not 230825."
[1] "2005:89:nrow:246332"
[1] "2005:90"
[1] "2006:108:The number of rows in all_predict_ens1_1km_all_df is not 540261."
[1] "2006:nrow is of 591869"
[1] "2004:166:The number of rows in all_predict_ens1_200m_urban_df is not 230825."
[1] "2004:166:nrow:246332"
[1] "2004:167"
[1] "2005:90:The number of rows in all_predict_ens1_1km_all_df is not 540261."
[1] "2005:nrow is of 591869"
[1] "2004:167:The number of rows in all_predict_ens1_1km_all_df is not 540261."
[1] "2004:nrow is of 591869"
[1] "2006:108:The number of rows in all_predict_ens1_200m_urban_df is not 230825."
[1] "2006:108:nrow:246332"
[1] "2006:109"
[1] "2006:109:The number of rows in all_predict_ens1_1km_all_df is not 540261."
[1] "2006:nrow is of 591869"
[1] "2004:167:The number of rows in all_predict_ens1_200m_urban_df is not 230825."
[1] "2004:167:nrow:246332"
[1] "2004:168"
[1] "2004:168:The number of rows in all_predict_ens1_1km_all_df is not 540261."
[1] "2004:nrow is of 591869"
[1] "2005:90:The number of rows in all_predict_ens1_200m_urban_df is not 230825."
[1] "2005:90:nrow:246332"
[1] "2005:91"
[1] "2005:91:The number of rows in all_predict_ens1_1km_all_df is not 540261."
[1] "2005:nrow is of 591869"
[1] "2006:109:The number of rows in all_predict_ens1_200m_urban_df is not 230825."
[1] "2006:109:nrow:246332"
[1] "2006:110"
[1] "2004:168:The number of rows in all_predict_ens1_200m_urban_df is not 230825."
[1] "2004:168:nrow:246332"
[1] "2004:169"
[1] "2006:110:The number of rows in all_predict_ens1_1km_all_df is not 540261."
[1] "2006:nrow is of 591869"
[1] "2004:169:The number of rows in all_predict_ens1_1km_all_df is not 540261."
[1] "2004:nrow is of 591869"
[1] "2005:91:The number of rows in all_predict_ens1_200m_urban_df is not 230825."
[1] "2005:91:nrow:246332"
[1] "2005:92"
[1] "2006:110:The number of rows in all_predict_ens1_200m_urban_df is not 230825."
[1] "2006:110:nrow:246332"
[1] "2006:111"
[1] "2005:92:The number of rows in all_predict_ens1_1km_all_df is not 540261."
[1] "2005:nrow is of 591869"
[1] "2006:111:The number of rows in all_predict_ens1_1km_all_df is not 540261."
[1] "2006:nrow is of 591869"
[1] "2004:169:The number of rows in all_predict_ens1_200m_urban_df is not 230825."
[1] "2004:169:nrow:246332"
[1] "2004:170"
[1] "2004:170:The number of rows in all_predict_ens1_1km_all_df is not 540261."
[1] "2004:nrow is of 591869"
[1] "2005:92:The number of rows in all_predict_ens1_200m_urban_df is not 230825."
[1] "2005:92:nrow:246332"
[1] "2005:93"
[1] "2006:111:The number of rows in all_predict_ens1_200m_urban_df is not 230825."
[1] "2006:111:nrow:246332"
[1] "2006:112"
[1] "2005:93:The number of rows in all_predict_ens1_1km_all_df is not 540261."
[1] "2005:nrow is of 591869"
[1] "2006:112:The number of rows in all_predict_ens1_1km_all_df is not 540261."
[1] "2006:nrow is of 591869"
[1] "2004:170:The number of rows in all_predict_ens1_200m_urban_df is not 230825."
[1] "2004:170:nrow:246332"
[1] "2004:171"
[1] "2004:171:The number of rows in all_predict_ens1_1km_all_df is not 540261."
[1] "2004:nrow is of 591869"
[1] "2006:112:The number of rows in all_predict_ens1_200m_urban_df is not 230825."
[1] "2006:112:nrow:246332"
[1] "2006:113"
[1] "2006:113:The number of rows in all_predict_ens1_1km_all_df is not 540261."
[1] "2006:nrow is of 591869"
[1] "2004:171:The number of rows in all_predict_ens1_200m_urban_df is not 230825."
[1] "2004:171:nrow:246332"
[1] "2004:172"
[1] "2005:93:The number of rows in all_predict_ens1_200m_urban_df is not 230825."
[1] "2005:93:nrow:246332"
[1] "2005:94"
[1] "2004:172:The number of rows in all_predict_ens1_1km_all_df is not 540261."
[1] "2004:nrow is of 591869"
[1] "2005:94:The number of rows in all_predict_ens1_1km_all_df is not 540261."
[1] "2005:nrow is of 591869"
[1] "2006:113:The number of rows in all_predict_ens1_200m_urban_df is not 230825."
[1] "2006:113:nrow:246332"
[1] "2006:114"
[1] "2006:114:The number of rows in all_predict_ens1_1km_all_df is not 540261."
[1] "2006:nrow is of 591869"
[1] "2004:172:The number of rows in all_predict_ens1_200m_urban_df is not 230825."
[1] "2004:172:nrow:246332"
[1] "2004:173"
[1] "2004:173:The number of rows in all_predict_ens1_1km_all_df is not 540261."
[1] "2004:nrow is of 591869"
[1] "2005:94:The number of rows in all_predict_ens1_200m_urban_df is not 230825."
[1] "2005:94:nrow:246332"
[1] "2005:95"
[1] "2005:95:The number of rows in all_predict_ens1_1km_all_df is not 540261."
[1] "2005:nrow is of 591869"
[1] "2006:114:The number of rows in all_predict_ens1_200m_urban_df is not 230825."
[1] "2006:114:nrow:246332"
[1] "2006:115"
[1] "2006:115:The number of rows in all_predict_ens1_1km_all_df is not 540261."
[1] "2006:nrow is of 591869"
[1] "2004:173:The number of rows in all_predict_ens1_200m_urban_df is not 230825."
[1] "2004:173:nrow:246332"
[1] "2004:174"
[1] "2005:95:The number of rows in all_predict_ens1_200m_urban_df is not 230825."
[1] "2005:95:nrow:246332"
[1] "2005:96"
[1] "2004:174:The number of rows in all_predict_ens1_1km_all_df is not 540261."
[1] "2004:nrow is of 591869"
[1] "2005:96:The number of rows in all_predict_ens1_1km_all_df is not 540261."
[1] "2005:nrow is of 591869"
[1] "2006:115:The number of rows in all_predict_ens1_200m_urban_df is not 230825."
[1] "2006:115:nrow:246332"
[1] "2006:116"
[1] "2006:116:The number of rows in all_predict_ens1_1km_all_df is not 540261."
[1] "2006:nrow is of 591869"
[1] "2004:174:The number of rows in all_predict_ens1_200m_urban_df is not 230825."
[1] "2004:174:nrow:246332"
[1] "2004:175"
[1] "2004:175:The number of rows in all_predict_ens1_1km_all_df is not 540261."
[1] "2004:nrow is of 591869"
[1] "2006:116:The number of rows in all_predict_ens1_200m_urban_df is not 230825."
[1] "2006:116:nrow:246332"
[1] "2006:117"
[1] "2005:96:The number of rows in all_predict_ens1_200m_urban_df is not 230825."
[1] "2005:96:nrow:246332"
[1] "2005:97"
[1] "2006:117:The number of rows in all_predict_ens1_1km_all_df is not 540261."
[1] "2006:nrow is of 591869"
[1] "2005:97:The number of rows in all_predict_ens1_1km_all_df is not 540261."
[1] "2005:nrow is of 591869"
[1] "2004:175:The number of rows in all_predict_ens1_200m_urban_df is not 230825."
[1] "2004:175:nrow:246332"
[1] "2004:176"
[1] "2004:176:The number of rows in all_predict_ens1_1km_all_df is not 540261."
[1] "2004:nrow is of 591869"
[1] "2006:117:The number of rows in all_predict_ens1_200m_urban_df is not 230825."
[1] "2006:117:nrow:246332"
[1] "2006:118"
[1] "2006:118:The number of rows in all_predict_ens1_1km_all_df is not 540261."
[1] "2006:nrow is of 591869"
[1] "2005:97:The number of rows in all_predict_ens1_200m_urban_df is not 230825."
[1] "2005:97:nrow:246332"
[1] "2005:98"
[1] "2004:176:The number of rows in all_predict_ens1_200m_urban_df is not 230825."
[1] "2004:176:nrow:246332"
[1] "2004:177"
[1] "2005:98:The number of rows in all_predict_ens1_1km_all_df is not 540261."
[1] "2005:nrow is of 591869"
[1] "2004:177:The number of rows in all_predict_ens1_1km_all_df is not 540261."
[1] "2004:nrow is of 591869"
[1] "2006:118:The number of rows in all_predict_ens1_200m_urban_df is not 230825."
[1] "2006:118:nrow:246332"
[1] "2006:119"
[1] "2006:119:The number of rows in all_predict_ens1_1km_all_df is not 540261."
[1] "2006:nrow is of 591869"
[1] "2005:98:The number of rows in all_predict_ens1_200m_urban_df is not 230825."
[1] "2005:98:nrow:246332"
[1] "2005:99"
[1] "2004:177:The number of rows in all_predict_ens1_200m_urban_df is not 230825."
[1] "2004:177:nrow:246332"
[1] "2004:178"
[1] "2004:178:The number of rows in all_predict_ens1_1km_all_df is not 540261."
[1] "2004:nrow is of 591869"
[1] "2006:119:The number of rows in all_predict_ens1_200m_urban_df is not 230825."
[1] "2006:119:nrow:246332"
[1] "2006:120"
[1] "2006:120:The number of rows in all_predict_ens1_1km_all_df is not 540261."
[1] "2006:nrow is of 591869"
[1] "2005:99:The number of rows in all_predict_ens1_1km_all_df is not 540261."
[1] "2005:nrow is of 591869"
[1] "2004:178:The number of rows in all_predict_ens1_200m_urban_df is not 230825."
[1] "2004:178:nrow:246332"
[1] "2004:179"
[1] "2004:179:The number of rows in all_predict_ens1_1km_all_df is not 540261."
[1] "2004:nrow is of 591869"
[1] "2006:120:The number of rows in all_predict_ens1_200m_urban_df is not 230825."
[1] "2006:120:nrow:246332"
[1] "2006:121"
[1] "2005:99:The number of rows in all_predict_ens1_200m_urban_df is not 230825."
[1] "2005:99:nrow:246332"
[1] "2005:100"
[1] "2006:121:The number of rows in all_predict_ens1_1km_all_df is not 540261."
[1] "2006:nrow is of 591869"
[1] "2005:100:The number of rows in all_predict_ens1_1km_all_df is not 540261."
[1] "2005:nrow is of 591869"
[1] "2004:179:The number of rows in all_predict_ens1_200m_urban_df is not 230825."
[1] "2004:179:nrow:246332"
[1] "2004:180"
[1] "2004:180:The number of rows in all_predict_ens1_1km_all_df is not 540261."
[1] "2004:nrow is of 591869"
[1] "2006:121:The number of rows in all_predict_ens1_200m_urban_df is not 230825."
[1] "2006:121:nrow:246332"
[1] "2006:122"
[1] "2005:100:The number of rows in all_predict_ens1_200m_urban_df is not 230825."
[1] "2005:100:nrow:246332"
[1] "2005:101"
[1] "2006:122:The number of rows in all_predict_ens1_1km_all_df is not 540261."
[1] "2006:nrow is of 591869"
[1] "2005:101:The number of rows in all_predict_ens1_1km_all_df is not 540261."
[1] "2005:nrow is of 591869"
[1] "2004:180:The number of rows in all_predict_ens1_200m_urban_df is not 230825."
[1] "2004:180:nrow:246332"
[1] "2004:181"
[1] "2004:181:The number of rows in all_predict_ens1_1km_all_df is not 540261."
[1] "2004:nrow is of 591869"
[1] "2006:122:The number of rows in all_predict_ens1_200m_urban_df is not 230825."
[1] "2006:122:nrow:246332"
[1] "2006:123"
[1] "2006:123:The number of rows in all_predict_ens1_1km_all_df is not 540261."
[1] "2006:nrow is of 591869"
[1] "2004:181:The number of rows in all_predict_ens1_200m_urban_df is not 230825."
[1] "2004:181:nrow:246332"
[1] "2004:182"
[1] "2005:101:The number of rows in all_predict_ens1_200m_urban_df is not 230825."
[1] "2005:101:nrow:246332"
[1] "2005:102"
[1] "2006:123:The number of rows in all_predict_ens1_200m_urban_df is not 230825."
[1] "2006:123:nrow:246332"
[1] "2006:124"
[1] "2004:182:The number of rows in all_predict_ens1_1km_all_df is not 540261."
[1] "2004:nrow is of 591869"
[1] "2005:102:The number of rows in all_predict_ens1_1km_all_df is not 540261."
[1] "2005:nrow is of 591869"
[1] "2006:124:The number of rows in all_predict_ens1_1km_all_df is not 540261."
[1] "2006:nrow is of 591869"
[1] "2005:102:The number of rows in all_predict_ens1_200m_urban_df is not 230825."
[1] "2005:102:nrow:246332"
[1] "2005:103"
[1] "2004:182:The number of rows in all_predict_ens1_200m_urban_df is not 230825."
[1] "2004:182:nrow:246332"
[1] "2004:183"
[1] "2006:124:The number of rows in all_predict_ens1_200m_urban_df is not 230825."
[1] "2006:124:nrow:246332"
[1] "2006:125"
[1] "2005:103:The number of rows in all_predict_ens1_1km_all_df is not 540261."
[1] "2005:nrow is of 591869"
[1] "2004:183:The number of rows in all_predict_ens1_1km_all_df is not 540261."
[1] "2004:nrow is of 591869"
[1] "2006:125:The number of rows in all_predict_ens1_1km_all_df is not 540261."
[1] "2006:nrow is of 591869"
[1] "2005:103:The number of rows in all_predict_ens1_200m_urban_df is not 230825."
[1] "2005:103:nrow:246332"
[1] "2005:104"
[1] "2004:183:The number of rows in all_predict_ens1_200m_urban_df is not 230825."
[1] "2004:183:nrow:246332"
[1] "2004:184"
[1] "2006:125:The number of rows in all_predict_ens1_200m_urban_df is not 230825."
[1] "2006:125:nrow:246332"
[1] "2006:126"
[1] "2006:126:The number of rows in all_predict_ens1_1km_all_df is not 540261."
[1] "2006:nrow is of 591869"
[1] "2004:184:The number of rows in all_predict_ens1_1km_all_df is not 540261."
[1] "2004:nrow is of 591869"
[1] "2005:104:The number of rows in all_predict_ens1_1km_all_df is not 540261."
[1] "2005:nrow is of 591869"
[1] "2006:126:The number of rows in all_predict_ens1_200m_urban_df is not 230825."
[1] "2006:126:nrow:246332"
[1] "2006:127"
[1] "2004:184:The number of rows in all_predict_ens1_200m_urban_df is not 230825."
[1] "2004:184:nrow:246332"
[1] "2004:185"
[1] "2006:127:The number of rows in all_predict_ens1_1km_all_df is not 540261."
[1] "2006:nrow is of 591869"
[1] "2004:185:The number of rows in all_predict_ens1_1km_all_df is not 540261."
[1] "2004:nrow is of 591869"
[1] "2005:104:The number of rows in all_predict_ens1_200m_urban_df is not 230825."
[1] "2005:104:nrow:246332"
[1] "2005:105"
[1] "2005:105:The number of rows in all_predict_ens1_1km_all_df is not 540261."
[1] "2005:nrow is of 591869"
[1] "2006:127:The number of rows in all_predict_ens1_200m_urban_df is not 230825."
[1] "2006:127:nrow:246332"
[1] "2006:128"
[1] "2004:185:The number of rows in all_predict_ens1_200m_urban_df is not 230825."
[1] "2004:185:nrow:246332"
[1] "2004:186"
[1] "2006:128:The number of rows in all_predict_ens1_1km_all_df is not 540261."
[1] "2006:nrow is of 591869"
[1] "2004:186:The number of rows in all_predict_ens1_1km_all_df is not 540261."
[1] "2004:nrow is of 591869"
[1] "2005:105:The number of rows in all_predict_ens1_200m_urban_df is not 230825."
[1] "2005:105:nrow:246332"
[1] "2005:106"
[1] "2006:128:The number of rows in all_predict_ens1_200m_urban_df is not 230825."
[1] "2006:128:nrow:246332"
[1] "2006:129"
[1] "2005:106:The number of rows in all_predict_ens1_1km_all_df is not 540261."
[1] "2005:nrow is of 591869"
[1] "2004:186:The number of rows in all_predict_ens1_200m_urban_df is not 230825."
[1] "2004:186:nrow:246332"
[1] "2004:187"
[1] "2004:187:The number of rows in all_predict_ens1_1km_all_df is not 540261."
[1] "2004:nrow is of 591869"
[1] "2005:106:The number of rows in all_predict_ens1_200m_urban_df is not 230825."
[1] "2005:106:nrow:246332"
[1] "2005:107"
[1] "2004:187:The number of rows in all_predict_ens1_200m_urban_df is not 230825."
[1] "2004:187:nrow:246332"
[1] "2004:188"
[1] "2004:188:The number of rows in all_predict_ens1_1km_all_df is not 540261."
[1] "2004:nrow is of 591869"
[1] "2005:107:The number of rows in all_predict_ens1_1km_all_df is not 540261."
[1] "2005:nrow is of 591869"
[1] "2004:188:The number of rows in all_predict_ens1_200m_urban_df is not 230825."
[1] "2004:188:nrow:246332"
[1] "2004:189"
[1] "2005:107:The number of rows in all_predict_ens1_200m_urban_df is not 230825."
[1] "2005:107:nrow:246332"
[1] "2005:108"
[1] "2004:189:The number of rows in all_predict_ens1_1km_all_df is not 540261."
[1] "2004:nrow is of 591869"
[1] "2005:108:The number of rows in all_predict_ens1_1km_all_df is not 540261."
[1] "2005:nrow is of 591869"
[1] "2004:189:The number of rows in all_predict_ens1_200m_urban_df is not 230825."
[1] "2004:189:nrow:246332"
[1] "2004:190"
[1] "2005:108:The number of rows in all_predict_ens1_200m_urban_df is not 230825."
[1] "2005:108:nrow:246332"
[1] "2005:109"
[1] "2004:190:The number of rows in all_predict_ens1_1km_all_df is not 540261."
[1] "2004:nrow is of 591869"
[1] "2005:109:The number of rows in all_predict_ens1_1km_all_df is not 540261."
[1] "2005:nrow is of 591869"
[1] "2004:190:The number of rows in all_predict_ens1_200m_urban_df is not 230825."
[1] "2004:190:nrow:246332"
[1] "2004:191"
[1] "2004:191:The number of rows in all_predict_ens1_1km_all_df is not 540261."
[1] "2004:nrow is of 591869"
[1] "2006:129:The number of rows in all_predict_ens1_1km_all_df is not 540261."
[1] "2006:nrow is of 591869"
[1] "2005:109:The number of rows in all_predict_ens1_200m_urban_df is not 230825."
[1] "2005:109:nrow:246332"
[1] "2005:110"
[1] "2005:110:The number of rows in all_predict_ens1_1km_all_df is not 540261."
[1] "2005:nrow is of 591869"
[1] "2004:191:The number of rows in all_predict_ens1_200m_urban_df is not 230825."
[1] "2004:191:nrow:246332"
[1] "2004:192"
[1] "2006:129:The number of rows in all_predict_ens1_200m_urban_df is not 230825."
[1] "2006:129:nrow:246332"
[1] "2006:130"
[1] "2004:192:The number of rows in all_predict_ens1_1km_all_df is not 540261."
[1] "2004:nrow is of 591869"
[1] "2006:130:The number of rows in all_predict_ens1_1km_all_df is not 540261."
[1] "2006:nrow is of 591869"
[1] "2005:110:The number of rows in all_predict_ens1_200m_urban_df is not 230825."
[1] "2005:110:nrow:246332"
[1] "2005:111"
[1] "2005:111:The number of rows in all_predict_ens1_1km_all_df is not 540261."
[1] "2005:nrow is of 591869"
[1] "2004:192:The number of rows in all_predict_ens1_200m_urban_df is not 230825."
[1] "2004:192:nrow:246332"
[1] "2004:193"
[1] "2006:130:The number of rows in all_predict_ens1_200m_urban_df is not 230825."
[1] "2006:130:nrow:246332"
[1] "2006:131"
[1] "2004:193:The number of rows in all_predict_ens1_1km_all_df is not 540261."
[1] "2004:nrow is of 591869"
[1] "2006:131:The number of rows in all_predict_ens1_1km_all_df is not 540261."
[1] "2006:nrow is of 591869"
[1] "2005:111:The number of rows in all_predict_ens1_200m_urban_df is not 230825."
[1] "2005:111:nrow:246332"
[1] "2005:112"
[1] "2005:112:The number of rows in all_predict_ens1_1km_all_df is not 540261."
[1] "2005:nrow is of 591869"
[1] "2004:193:The number of rows in all_predict_ens1_200m_urban_df is not 230825."
[1] "2004:193:nrow:246332"
[1] "2004:194"
[1] "2006:131:The number of rows in all_predict_ens1_200m_urban_df is not 230825."
[1] "2006:131:nrow:246332"
[1] "2006:132"
[1] "2004:194:The number of rows in all_predict_ens1_1km_all_df is not 540261."
[1] "2004:nrow is of 591869"
[1] "2006:132:The number of rows in all_predict_ens1_1km_all_df is not 540261."
[1] "2006:nrow is of 591869"
[1] "2004:194:The number of rows in all_predict_ens1_200m_urban_df is not 230825."
[1] "2004:194:nrow:246332"
[1] "2004:195"
[1] "2006:132:The number of rows in all_predict_ens1_200m_urban_df is not 230825."
[1] "2006:132:nrow:246332"
[1] "2006:133"
[1] "2004:195:The number of rows in all_predict_ens1_1km_all_df is not 540261."
[1] "2004:nrow is of 591869"
[1] "2005:112:The number of rows in all_predict_ens1_200m_urban_df is not 230825."
[1] "2005:112:nrow:246332"
[1] "2005:113"
[1] "2006:133:The number of rows in all_predict_ens1_1km_all_df is not 540261."
[1] "2006:nrow is of 591869"
[1] "2005:113:The number of rows in all_predict_ens1_1km_all_df is not 540261."
[1] "2005:nrow is of 591869"
[1] "2004:195:The number of rows in all_predict_ens1_200m_urban_df is not 230825."
[1] "2004:195:nrow:246332"
[1] "2004:196"
[1] "2006:133:The number of rows in all_predict_ens1_200m_urban_df is not 230825."
[1] "2006:133:nrow:246332"
[1] "2006:134"
[1] "2004:196:The number of rows in all_predict_ens1_1km_all_df is not 540261."
[1] "2004:nrow is of 591869"
[1] "2005:113:The number of rows in all_predict_ens1_200m_urban_df is not 230825."
[1] "2005:113:nrow:246332"
[1] "2005:114"
[1] "2006:134:The number of rows in all_predict_ens1_1km_all_df is not 540261."
[1] "2006:nrow is of 591869"
[1] "2005:114:The number of rows in all_predict_ens1_1km_all_df is not 540261."
[1] "2005:nrow is of 591869"
[1] "2004:196:The number of rows in all_predict_ens1_200m_urban_df is not 230825."
[1] "2004:196:nrow:246332"
[1] "2004:197"
[1] "2006:134:The number of rows in all_predict_ens1_200m_urban_df is not 230825."
[1] "2006:134:nrow:246332"
[1] "2006:135"
[1] "2004:197:The number of rows in all_predict_ens1_1km_all_df is not 540261."
[1] "2004:nrow is of 591869"
[1] "2006:135:The number of rows in all_predict_ens1_1km_all_df is not 540261."
[1] "2006:nrow is of 591869"
[1] "2005:114:The number of rows in all_predict_ens1_200m_urban_df is not 230825."
[1] "2005:114:nrow:246332"
[1] "2005:115"
[1] "2004:197:The number of rows in all_predict_ens1_200m_urban_df is not 230825."
[1] "2004:197:nrow:246332"
[1] "2004:198"
[1] "2006:135:The number of rows in all_predict_ens1_200m_urban_df is not 230825."
[1] "2006:135:nrow:246332"
[1] "2006:136"
[1] "2005:115:The number of rows in all_predict_ens1_1km_all_df is not 540261."
[1] "2005:nrow is of 591869"
[1] "2004:198:The number of rows in all_predict_ens1_1km_all_df is not 540261."
[1] "2004:nrow is of 591869"
[1] "2006:136:The number of rows in all_predict_ens1_1km_all_df is not 540261."
[1] "2006:nrow is of 591869"
[1] "2005:115:The number of rows in all_predict_ens1_200m_urban_df is not 230825."
[1] "2005:115:nrow:246332"
[1] "2005:116"
[1] "2004:198:The number of rows in all_predict_ens1_200m_urban_df is not 230825."
[1] "2004:198:nrow:246332"
[1] "2004:199"
[1] "2006:136:The number of rows in all_predict_ens1_200m_urban_df is not 230825."
[1] "2006:136:nrow:246332"
[1] "2006:137"
[1] "2005:116:The number of rows in all_predict_ens1_1km_all_df is not 540261."
[1] "2005:nrow is of 591869"
[1] "2004:199:The number of rows in all_predict_ens1_1km_all_df is not 540261."
[1] "2004:nrow is of 591869"[1] "2006:137:The number of rows in all_predict_ens1_1km_all_df is not 540261."
[1] "2006:nrow is of 591869"
[1] "2006:137:The number of rows in all_predict_ens1_200m_urban_df is not 230825."
[1] "2006:137:nrow:246332"
[1] "2006:138"
[1] "2004:199:The number of rows in all_predict_ens1_200m_urban_df is not 230825."
[1] "2004:199:nrow:246332"
[1] "2004:200"
[1] "2006:138:The number of rows in all_predict_ens1_1km_all_df is not 540261."
[1] "2006:nrow is of 591869"
[1] "2004:200:The number of rows in all_predict_ens1_1km_all_df is not 540261."
[1] "2004:nrow is of 591869"
[1] "2005:116:The number of rows in all_predict_ens1_200m_urban_df is not 230825."
[1] "2005:116:nrow:246332"
[1] "2005:117"
[1] "2005:117:The number of rows in all_predict_ens1_1km_all_df is not 540261."
[1] "2005:nrow is of 591869"
[1] "2006:138:The number of rows in all_predict_ens1_200m_urban_df is not 230825."
[1] "2006:138:nrow:246332"
[1] "2006:139"
[1] "2004:200:The number of rows in all_predict_ens1_200m_urban_df is not 230825."
[1] "2004:200:nrow:246332"
[1] "2004:201"
[1] "2006:139:The number of rows in all_predict_ens1_1km_all_df is not 540261."
[1] "2006:nrow is of 591869"
[1] "2004:201:The number of rows in all_predict_ens1_1km_all_df is not 540261."
[1] "2004:nrow is of 591869"
[1] "2005:117:The number of rows in all_predict_ens1_200m_urban_df is not 230825."
[1] "2005:117:nrow:246332"
[1] "2005:118"
[1] "2005:118:The number of rows in all_predict_ens1_1km_all_df is not 540261."
[1] "2005:nrow is of 591869"
[1] "2006:139:The number of rows in all_predict_ens1_200m_urban_df is not 230825."
[1] "2006:139:nrow:246332"
[1] "2006:140"
[1] "2006:140:The number of rows in all_predict_ens1_1km_all_df is not 540261."
[1] "2006:nrow is of 591869"
[1] "2006:140:The number of rows in all_predict_ens1_200m_urban_df is not 230825."
[1] "2006:140:nrow:246332"
[1] "2006:141"
[1] "2006:141:The number of rows in all_predict_ens1_1km_all_df is not 540261."
[1] "2006:nrow is of 591869"
[1] "2005:118:The number of rows in all_predict_ens1_200m_urban_df is not 230825."
[1] "2005:118:nrow:246332"
[1] "2005:119"
[1] "2005:119:The number of rows in all_predict_ens1_1km_all_df is not 540261."
[1] "2005:nrow is of 591869"
[1] "2006:141:The number of rows in all_predict_ens1_200m_urban_df is not 230825."
[1] "2006:141:nrow:246332"
[1] "2006:142"
[1] "2006:142:The number of rows in all_predict_ens1_1km_all_df is not 540261."
[1] "2006:nrow is of 591869"
[1] "2005:119:The number of rows in all_predict_ens1_200m_urban_df is not 230825."
[1] "2005:119:nrow:246332"
[1] "2005:120"
[1] "2005:120:The number of rows in all_predict_ens1_1km_all_df is not 540261."
[1] "2005:nrow is of 591869"
[1] "2006:142:The number of rows in all_predict_ens1_200m_urban_df is not 230825."
[1] "2006:142:nrow:246332"
[1] "2006:143"
[1] "2006:143:The number of rows in all_predict_ens1_1km_all_df is not 540261."
[1] "2006:nrow is of 591869"
[1] "2005:120:The number of rows in all_predict_ens1_200m_urban_df is not 230825."
[1] "2005:120:nrow:246332"
[1] "2005:121"
[1] "2006:143:The number of rows in all_predict_ens1_200m_urban_df is not 230825."
[1] "2006:143:nrow:246332"
[1] "2006:144"
[1] "2005:121:The number of rows in all_predict_ens1_1km_all_df is not 540261."
[1] "2005:nrow is of 591869"
[1] "2006:144:The number of rows in all_predict_ens1_1km_all_df is not 540261."
[1] "2006:nrow is of 591869"
[1] "2004:201:The number of rows in all_predict_ens1_200m_urban_df is not 230825."
[1] "2004:201:nrow:246332"
[1] "2004:202"
[1] "2004:202:The number of rows in all_predict_ens1_1km_all_df is not 540261."
[1] "2004:nrow is of 591869"
[1] "2005:121:The number of rows in all_predict_ens1_200m_urban_df is not 230825."
[1] "2005:121:nrow:246332"
[1] "2005:122"
[1] "2006:144:The number of rows in all_predict_ens1_200m_urban_df is not 230825."
[1] "2006:144:nrow:246332"
[1] "2006:145"
[1] "2005:122:The number of rows in all_predict_ens1_1km_all_df is not 540261."
[1] "2005:nrow is of 591869"
[1] "2006:145:The number of rows in all_predict_ens1_1km_all_df is not 540261."
[1] "2006:nrow is of 591869"
[1] "2004:202:The number of rows in all_predict_ens1_200m_urban_df is not 230825."
[1] "2004:202:nrow:246332"
[1] "2004:203"
[1] "2004:203:The number of rows in all_predict_ens1_1km_all_df is not 540261."
[1] "2004:nrow is of 591869"
[1] "2006:145:The number of rows in all_predict_ens1_200m_urban_df is not 230825."
[1] "2006:145:nrow:246332"
[1] "2006:146"
[1] "2006:146:The number of rows in all_predict_ens1_1km_all_df is not 540261."
[1] "2006:nrow is of 591869"
[1] "2004:203:The number of rows in all_predict_ens1_200m_urban_df is not 230825."
[1] "2004:203:nrow:246332"
[1] "2004:204"
[1] "2005:122:The number of rows in all_predict_ens1_200m_urban_df is not 230825."
[1] "2005:122:nrow:246332"
[1] "2005:123"
[1] "2004:204:The number of rows in all_predict_ens1_1km_all_df is not 540261."
[1] "2004:nrow is of 591869"
[1] "2005:123:The number of rows in all_predict_ens1_1km_all_df is not 540261."
[1] "2005:nrow is of 591869"
[1] "2006:146:The number of rows in all_predict_ens1_200m_urban_df is not 230825."
[1] "2006:146:nrow:246332"
[1] "2006:147"
[1] "2006:147:The number of rows in all_predict_ens1_1km_all_df is not 540261."
[1] "2006:nrow is of 591869"
[1] "2005:123:The number of rows in all_predict_ens1_200m_urban_df is not 230825."
[1] "2005:123:nrow:246332"
[1] "2005:124"
[1] "2004:204:The number of rows in all_predict_ens1_200m_urban_df is not 230825."
[1] "2004:204:nrow:246332"
[1] "2004:205"
[1] "2005:124:The number of rows in all_predict_ens1_1km_all_df is not 540261."
[1] "2005:nrow is of 591869"
[1] "2004:205:The number of rows in all_predict_ens1_1km_all_df is not 540261."
[1] "2004:nrow is of 591869"
[1] "2006:147:The number of rows in all_predict_ens1_200m_urban_df is not 230825."
[1] "2006:147:nrow:246332"
[1] "2006:148"
[1] "2006:148:The number of rows in all_predict_ens1_1km_all_df is not 540261."
[1] "2006:nrow is of 591869"
[1] "2004:205:The number of rows in all_predict_ens1_200m_urban_df is not 230825."
[1] "2004:205:nrow:246332"
[1] "2004:206"
[1] "2004:206:The number of rows in all_predict_ens1_1km_all_df is not 540261."
[1] "2004:nrow is of 591869"
[1] "2006:148:The number of rows in all_predict_ens1_200m_urban_df is not 230825."
[1] "2006:148:nrow:246332"
[1] "2006:149"
[1] "2005:124:The number of rows in all_predict_ens1_200m_urban_df is not 230825."
[1] "2005:124:nrow:246332"
[1] "2005:125"
[1] "2006:149:The number of rows in all_predict_ens1_1km_all_df is not 540261."
[1] "2006:nrow is of 591869"
[1] "2005:125:The number of rows in all_predict_ens1_1km_all_df is not 540261."
[1] "2005:nrow is of 591869"
[1] "2004:206:The number of rows in all_predict_ens1_200m_urban_df is not 230825."
[1] "2004:206:nrow:246332"
[1] "2004:207"
[1] "2004:207:The number of rows in all_predict_ens1_1km_all_df is not 540261."
[1] "2004:nrow is of 591869"
[1] "2006:149:The number of rows in all_predict_ens1_200m_urban_df is not 230825."
[1] "2006:149:nrow:246332"
[1] "2006:150"
[1] "2005:125:The number of rows in all_predict_ens1_200m_urban_df is not 230825."
[1] "2005:125:nrow:246332"
[1] "2005:126"
[1] "2006:150:The number of rows in all_predict_ens1_1km_all_df is not 540261."
[1] "2006:nrow is of 591869"
[1] "2005:126:The number of rows in all_predict_ens1_1km_all_df is not 540261."
[1] "2005:nrow is of 591869"
[1] "2004:207:The number of rows in all_predict_ens1_200m_urban_df is not 230825."
[1] "2004:207:nrow:246332"
[1] "2004:208"
[1] "2004:208:The number of rows in all_predict_ens1_1km_all_df is not 540261."
[1] "2004:nrow is of 591869"
[1] "2006:150:The number of rows in all_predict_ens1_200m_urban_df is not 230825."
[1] "2006:150:nrow:246332"
[1] "2006:151"
[1] "2006:151:The number of rows in all_predict_ens1_1km_all_df is not 540261."
[1] "2006:nrow is of 591869"
[1] "2004:208:The number of rows in all_predict_ens1_200m_urban_df is not 230825."
[1] "2004:208:nrow:246332"
[1] "2004:209"
[1] "2005:126:The number of rows in all_predict_ens1_200m_urban_df is not 230825."
[1] "2005:126:nrow:246332"
[1] "2005:127"
[1] "2004:209:The number of rows in all_predict_ens1_1km_all_df is not 540261."
[1] "2004:nrow is of 591869"
[1] "2005:127:The number of rows in all_predict_ens1_1km_all_df is not 540261."
[1] "2005:nrow is of 591869"
[1] "2006:151:The number of rows in all_predict_ens1_200m_urban_df is not 230825."
[1] "2006:151:nrow:246332"
[1] "2006:152"
[1] "2006:152:The number of rows in all_predict_ens1_1km_all_df is not 540261."
[1] "2006:nrow is of 591869"
[1] "2005:127:The number of rows in all_predict_ens1_200m_urban_df is not 230825."
[1] "2005:127:nrow:246332"
[1] "2005:128"
[1] "2004:209:The number of rows in all_predict_ens1_200m_urban_df is not 230825."
[1] "2004:209:nrow:246332"
[1] "2004:210"
[1] "2005:128:The number of rows in all_predict_ens1_1km_all_df is not 540261."
[1] "2005:nrow is of 591869"
[1] "2006:152:The number of rows in all_predict_ens1_200m_urban_df is not 230825."
[1] "2006:152:nrow:246332"
[1] "2006:153"
[1] "2004:210:The number of rows in all_predict_ens1_1km_all_df is not 540261."
[1] "2004:nrow is of 591869"
[1] "2006:153:The number of rows in all_predict_ens1_1km_all_df is not 540261."
[1] "2006:nrow is of 591869"
[1] "2004:210:The number of rows in all_predict_ens1_200m_urban_df is not 230825."
[1] "2004:210:nrow:246332"
[1] "2004:211"
[1] "2004:211:The number of rows in all_predict_ens1_1km_all_df is not 540261."
[1] "2004:nrow is of 591869"
[1] "2006:153:The number of rows in all_predict_ens1_200m_urban_df is not 230825."
[1] "2006:153:nrow:246332"
[1] "2006:154"
[1] "2006:154:The number of rows in all_predict_ens1_1km_all_df is not 540261."
[1] "2006:nrow is of 591869"
[1] "2005:128:The number of rows in all_predict_ens1_200m_urban_df is not 230825."
[1] "2005:128:nrow:246332"
[1] "2005:129"
[1] "2005:129:The number of rows in all_predict_ens1_1km_all_df is not 540261."
[1] "2005:nrow is of 591869"
[1] "2004:211:The number of rows in all_predict_ens1_200m_urban_df is not 230825."
[1] "2004:211:nrow:246332"
[1] "2004:212"
[1] "2006:154:The number of rows in all_predict_ens1_200m_urban_df is not 230825."
[1] "2006:154:nrow:246332"
[1] "2006:155"
[1] "2004:212:The number of rows in all_predict_ens1_1km_all_df is not 540261."
[1] "2004:nrow is of 591869"
[1] "2006:155:The number of rows in all_predict_ens1_1km_all_df is not 540261."
[1] "2006:nrow is of 591869"
[1] "2005:129:The number of rows in all_predict_ens1_200m_urban_df is not 230825."
[1] "2005:129:nrow:246332"
[1] "2005:130"
[1] "2005:130:The number of rows in all_predict_ens1_1km_all_df is not 540261."
[1] "2005:nrow is of 591869"
[1] "2004:212:The number of rows in all_predict_ens1_200m_urban_df is not 230825."
[1] "2004:212:nrow:246332"
[1] "2004:213"
[1] "2006:155:The number of rows in all_predict_ens1_200m_urban_df is not 230825."
[1] "2006:155:nrow:246332"
[1] "2006:156"
[1] "2004:213:The number of rows in all_predict_ens1_1km_all_df is not 540261."
[1] "2004:nrow is of 591869"
[1] "2006:156:The number of rows in all_predict_ens1_1km_all_df is not 540261."
[1] "2006:nrow is of 591869"
[1] "2005:130:The number of rows in all_predict_ens1_200m_urban_df is not 230825."
[1] "2005:130:nrow:246332"
[1] "2005:131"
[1] "2005:131:The number of rows in all_predict_ens1_1km_all_df is not 540261."
[1] "2005:nrow is of 591869"
[1] "2004:213:The number of rows in all_predict_ens1_200m_urban_df is not 230825."
[1] "2004:213:nrow:246332"
[1] "2004:214"
[1] "2006:156:The number of rows in all_predict_ens1_200m_urban_df is not 230825."
[1] "2006:156:nrow:246332"
[1] "2006:157"
[1] "2004:214:The number of rows in all_predict_ens1_1km_all_df is not 540261."
[1] "2004:nrow is of 591869"
[1] "2006:157:The number of rows in all_predict_ens1_1km_all_df is not 540261."
[1] "2006:nrow is of 591869"
[1] "2004:214:The number of rows in all_predict_ens1_200m_urban_df is not 230825."
[1] "2004:214:nrow:246332"
[1] "2004:215"
[1] "2006:157:The number of rows in all_predict_ens1_200m_urban_df is not 230825."
[1] "2006:157:nrow:246332"
[1] "2006:158"
[1] "2005:131:The number of rows in all_predict_ens1_200m_urban_df is not 230825."
[1] "2005:131:nrow:246332"
[1] "2005:132"
[1] "2006:158:The number of rows in all_predict_ens1_1km_all_df is not 540261."
[1] "2006:nrow is of 591869"
[1] "2004:215:The number of rows in all_predict_ens1_1km_all_df is not 540261."
[1] "2004:nrow is of 591869"
[1] "2005:132:The number of rows in all_predict_ens1_1km_all_df is not 540261."
[1] "2005:nrow is of 591869"
[1] "2004:215:The number of rows in all_predict_ens1_200m_urban_df is not 230825."
[1] "2004:215:nrow:246332"
[1] "2004:216"
[1] "2005:132:The number of rows in all_predict_ens1_200m_urban_df is not 230825."
[1] "2005:132:nrow:246332"
[1] "2005:133"
[1] "2006:158:The number of rows in all_predict_ens1_200m_urban_df is not 230825."
[1] "2006:158:nrow:246332"
[1] "2006:159"
[1] "2004:216:The number of rows in all_predict_ens1_1km_all_df is not 540261."
[1] "2004:nrow is of 591869"
[1] "2005:133:The number of rows in all_predict_ens1_1km_all_df is not 540261."
[1] "2005:nrow is of 591869"
[1] "2006:159:The number of rows in all_predict_ens1_1km_all_df is not 540261."
[1] "2006:nrow is of 591869"
[1] "2004:216:The number of rows in all_predict_ens1_200m_urban_df is not 230825."
[1] "2004:216:nrow:246332"
[1] "2004:217"
[1] "2006:159:The number of rows in all_predict_ens1_200m_urban_df is not 230825."
[1] "2006:159:nrow:246332"
[1] "2006:160"
[1] "2004:217:The number of rows in all_predict_ens1_1km_all_df is not 540261."
[1] "2004:nrow is of 591869"
[1] "2006:160:The number of rows in all_predict_ens1_1km_all_df is not 540261."
[1] "2006:nrow is of 591869"
[1] "2005:133:The number of rows in all_predict_ens1_200m_urban_df is not 230825."
[1] "2005:133:nrow:246332"
[1] "2005:134"
[1] "2005:134:The number of rows in all_predict_ens1_1km_all_df is not 540261."
[1] "2005:nrow is of 591869"
[1] "2004:217:The number of rows in all_predict_ens1_200m_urban_df is not 230825."
[1] "2004:217:nrow:246332"
[1] "2004:218"
[1] "2006:160:The number of rows in all_predict_ens1_200m_urban_df is not 230825."
[1] "2006:160:nrow:246332"
[1] "2006:161"
[1] "2004:218:The number of rows in all_predict_ens1_1km_all_df is not 540261."
[1] "2004:nrow is of 591869"
[1] "2006:161:The number of rows in all_predict_ens1_1km_all_df is not 540261."
[1] "2006:nrow is of 591869"
[1] "2005:134:The number of rows in all_predict_ens1_200m_urban_df is not 230825."
[1] "2005:134:nrow:246332"
[1] "2005:135"
[1] "2005:135:The number of rows in all_predict_ens1_1km_all_df is not 540261."
[1] "2005:nrow is of 591869"
[1] "2004:218:The number of rows in all_predict_ens1_200m_urban_df is not 230825."
[1] "2004:218:nrow:246332"
[1] "2004:219"
[1] "2006:161:The number of rows in all_predict_ens1_200m_urban_df is not 230825."
[1] "2006:161:nrow:246332"
[1] "2006:162"
[1] "2004:219:The number of rows in all_predict_ens1_1km_all_df is not 540261."
[1] "2004:nrow is of 591869"
[1] "2006:162:The number of rows in all_predict_ens1_1km_all_df is not 540261."
[1] "2006:nrow is of 591869"
[1] "2005:135:The number of rows in all_predict_ens1_200m_urban_df is not 230825."
[1] "2005:135:nrow:246332"
[1] "2005:136"
[1] "2005:136:The number of rows in all_predict_ens1_1km_all_df is not 540261."
[1] "2005:nrow is of 591869"
[1] "2004:219:The number of rows in all_predict_ens1_200m_urban_df is not 230825."
[1] "2004:219:nrow:246332"
[1] "2004:220"
[1] "2006:162:The number of rows in all_predict_ens1_200m_urban_df is not 230825."
[1] "2006:162:nrow:246332"
[1] "2006:163"
[1] "2004:220:The number of rows in all_predict_ens1_1km_all_df is not 540261."
[1] "2004:nrow is of 591869"
[1] "2006:163:The number of rows in all_predict_ens1_1km_all_df is not 540261."
[1] "2006:nrow is of 591869"
[1] "2004:220:The number of rows in all_predict_ens1_200m_urban_df is not 230825."
[1] "2004:220:nrow:246332"
[1] "2004:221"
[1] "2006:163:The number of rows in all_predict_ens1_200m_urban_df is not 230825."
[1] "2006:163:nrow:246332"
[1] "2006:164"
[1] "2005:136:The number of rows in all_predict_ens1_200m_urban_df is not 230825."
[1] "2005:136:nrow:246332"
[1] "2005:137"
[1] "2006:164:The number of rows in all_predict_ens1_1km_all_df is not 540261."
[1] "2006:nrow is of 591869"
[1] "2004:221:The number of rows in all_predict_ens1_1km_all_df is not 540261."
[1] "2004:nrow is of 591869"
[1] "2005:137:The number of rows in all_predict_ens1_1km_all_df is not 540261."
[1] "2005:nrow is of 591869"
[1] "2005:137:The number of rows in all_predict_ens1_200m_urban_df is not 230825."
[1] "2005:137:nrow:246332"
[1] "2005:138"
[1] "2006:164:The number of rows in all_predict_ens1_200m_urban_df is not 230825."
[1] "2006:164:nrow:246332"
[1] "2006:165"
[1] "2004:221:The number of rows in all_predict_ens1_200m_urban_df is not 230825."
[1] "2004:221:nrow:246332"
[1] "2004:222"
[1] "2006:165:The number of rows in all_predict_ens1_1km_all_df is not 540261."
[1] "2006:nrow is of 591869"
[1] "2005:138:The number of rows in all_predict_ens1_1km_all_df is not 540261."
[1] "2005:nrow is of 591869"
[1] "2004:222:The number of rows in all_predict_ens1_1km_all_df is not 540261."
[1] "2004:nrow is of 591869"
[1] "2006:165:The number of rows in all_predict_ens1_200m_urban_df is not 230825."
[1] "2006:165:nrow:246332"
[1] "2006:166"
[1] "2004:222:The number of rows in all_predict_ens1_200m_urban_df is not 230825."
[1] "2004:222:nrow:246332"
[1] "2004:223"
[1] "2006:166:The number of rows in all_predict_ens1_1km_all_df is not 540261."
[1] "2006:nrow is of 591869"
[1] "2004:223:The number of rows in all_predict_ens1_1km_all_df is not 540261."
[1] "2004:nrow is of 591869"
[1] "2005:138:The number of rows in all_predict_ens1_200m_urban_df is not 230825."
[1] "2005:138:nrow:246332"
[1] "2005:139"
[1] "2005:139:The number of rows in all_predict_ens1_1km_all_df is not 540261."
[1] "2005:nrow is of 591869"
[1] "2006:166:The number of rows in all_predict_ens1_200m_urban_df is not 230825."
[1] "2006:166:nrow:246332"
[1] "2006:167"
[1] "2004:223:The number of rows in all_predict_ens1_200m_urban_df is not 230825."
[1] "2004:223:nrow:246332"
[1] "2004:224"
[1] "2006:167:The number of rows in all_predict_ens1_1km_all_df is not 540261."
[1] "2006:nrow is of 591869"
[1] "2004:224:The number of rows in all_predict_ens1_1km_all_df is not 540261."
[1] "2004:nrow is of 591869"
[1] "2005:139:The number of rows in all_predict_ens1_200m_urban_df is not 230825."
[1] "2005:139:nrow:246332"
[1] "2005:140"
[1] "2005:140:The number of rows in all_predict_ens1_1km_all_df is not 540261."
[1] "2005:nrow is of 591869"
[1] "2006:167:The number of rows in all_predict_ens1_200m_urban_df is not 230825."
[1] "2006:167:nrow:246332"
[1] "2006:168"
[1] "2006:168:The number of rows in all_predict_ens1_1km_all_df is not 540261."
[1] "2006:nrow is of 591869"
[1] "2004:224:The number of rows in all_predict_ens1_200m_urban_df is not 230825."
[1] "2004:224:nrow:246332"
[1] "2004:225"
[1] "2004:225:The number of rows in all_predict_ens1_1km_all_df is not 540261."
[1] "2004:nrow is of 591869"
[1] "2006:168:The number of rows in all_predict_ens1_200m_urban_df is not 230825."
[1] "2006:168:nrow:246332"
[1] "2006:169"
[1] "2004:225:The number of rows in all_predict_ens1_200m_urban_df is not 230825."
[1] "2004:225:nrow:246332"
[1] "2004:226"
[1] "2006:169:The number of rows in all_predict_ens1_1km_all_df is not 540261."
[1] "2006:nrow is of 591869"
[1] "2005:140:The number of rows in all_predict_ens1_200m_urban_df is not 230825."
[1] "2005:140:nrow:246332"
[1] "2005:141"
[1] "2004:226:The number of rows in all_predict_ens1_1km_all_df is not 540261."
[1] "2004:nrow is of 591869"
[1] "2005:141:The number of rows in all_predict_ens1_1km_all_df is not 540261."
[1] "2005:nrow is of 591869"
[1] "2006:169:The number of rows in all_predict_ens1_200m_urban_df is not 230825."
[1] "2006:169:nrow:246332"
[1] "2006:170"
[1] "2004:226:The number of rows in all_predict_ens1_200m_urban_df is not 230825."
[1] "2004:226:nrow:246332"
[1] "2004:227"
[1] "2006:170:The number of rows in all_predict_ens1_1km_all_df is not 540261."
[1] "2006:nrow is of 591869"
[1] "2005:141:The number of rows in all_predict_ens1_200m_urban_df is not 230825."
[1] "2005:141:nrow:246332"
[1] "2005:142"
[1] "2004:227:The number of rows in all_predict_ens1_1km_all_df is not 540261."
[1] "2004:nrow is of 591869"
[1] "2005:142:The number of rows in all_predict_ens1_1km_all_df is not 540261."
[1] "2005:nrow is of 591869"
[1] "2006:170:The number of rows in all_predict_ens1_200m_urban_df is not 230825."
[1] "2006:170:nrow:246332"
[1] "2006:171"
[1] "2004:227:The number of rows in all_predict_ens1_200m_urban_df is not 230825."
[1] "2004:227:nrow:246332"
[1] "2004:228"
[1] "2006:171:The number of rows in all_predict_ens1_1km_all_df is not 540261."
[1] "2006:nrow is of 591869"
[1] "2004:228:The number of rows in all_predict_ens1_1km_all_df is not 540261."
[1] "2004:nrow is of 591869"
[1] "2005:142:The number of rows in all_predict_ens1_200m_urban_df is not 230825."
[1] "2005:142:nrow:246332"
[1] "2005:143"
[1] "2005:143:The number of rows in all_predict_ens1_1km_all_df is not 540261."
[1] "2005:nrow is of 591869"
[1] "2004:228:The number of rows in all_predict_ens1_200m_urban_df is not 230825."
[1] "2004:228:nrow:246332"
[1] "2004:229"
[1] "2006:171:The number of rows in all_predict_ens1_200m_urban_df is not 230825."
[1] "2006:171:nrow:246332"
[1] "2006:172"
[1] "2006:172:The number of rows in all_predict_ens1_1km_all_df is not 540261."
[1] "2006:nrow is of 591869"
[1] "2004:229:The number of rows in all_predict_ens1_1km_all_df is not 540261."
[1] "2004:nrow is of 591869"
[1] "2005:143:The number of rows in all_predict_ens1_200m_urban_df is not 230825."
[1] "2005:143:nrow:246332"
[1] "2005:144"
[1] "2006:172:The number of rows in all_predict_ens1_200m_urban_df is not 230825."
[1] "2006:172:nrow:246332"
[1] "2006:173"
[1] "2005:144:The number of rows in all_predict_ens1_1km_all_df is not 540261."
[1] "2005:nrow is of 591869"
[1] "2004:229:The number of rows in all_predict_ens1_200m_urban_df is not 230825."
[1] "2004:229:nrow:246332"
[1] "2004:230"
[1] "2006:173:The number of rows in all_predict_ens1_1km_all_df is not 540261."
[1] "2006:nrow is of 591869"
[1] "2004:230:The number of rows in all_predict_ens1_1km_all_df is not 540261."
[1] "2004:nrow is of 591869"
[1] "2005:144:The number of rows in all_predict_ens1_200m_urban_df is not 230825."
[1] "2005:144:nrow:246332"
[1] "2005:145"
[1] "2005:145:The number of rows in all_predict_ens1_1km_all_df is not 540261."
[1] "2005:nrow is of 591869"
[1] "2006:173:The number of rows in all_predict_ens1_200m_urban_df is not 230825."
[1] "2006:173:nrow:246332"
[1] "2006:174"
[1] "2004:230:The number of rows in all_predict_ens1_200m_urban_df is not 230825."
[1] "2004:230:nrow:246332"
[1] "2004:231"
[1] "2006:174:The number of rows in all_predict_ens1_1km_all_df is not 540261."
[1] "2006:nrow is of 591869"
[1] "2004:231:The number of rows in all_predict_ens1_1km_all_df is not 540261."
[1] "2004:nrow is of 591869"
[1] "2006:174:The number of rows in all_predict_ens1_200m_urban_df is not 230825."
[1] "2006:174:nrow:246332"
[1] "2006:175"
[1] "2004:231:The number of rows in all_predict_ens1_200m_urban_df is not 230825."
[1] "2004:231:nrow:246332"
[1] "2004:232"
[1] "2006:175:The number of rows in all_predict_ens1_1km_all_df is not 540261."
[1] "2006:nrow is of 591869"
[1] "2004:232:The number of rows in all_predict_ens1_1km_all_df is not 540261."
[1] "2004:nrow is of 591869"
[1] "2005:145:The number of rows in all_predict_ens1_200m_urban_df is not 230825."
[1] "2005:145:nrow:246332"
[1] "2005:146"
[1] "2005:146:The number of rows in all_predict_ens1_1km_all_df is not 540261."
[1] "2005:nrow is of 591869"
[1] "2006:175:The number of rows in all_predict_ens1_200m_urban_df is not 230825."
[1] "2006:175:nrow:246332"
[1] "2006:176"
[1] "2006:176:The number of rows in all_predict_ens1_1km_all_df is not 540261."
[1] "2006:nrow is of 591869"
[1] "2004:232:The number of rows in all_predict_ens1_200m_urban_df is not 230825."
[1] "2004:232:nrow:246332"
[1] "2004:233"
[1] "2005:146:The number of rows in all_predict_ens1_200m_urban_df is not 230825."
[1] "2005:146:nrow:246332"
[1] "2005:147"
[1] "2004:233:The number of rows in all_predict_ens1_1km_all_df is not 540261."
[1] "2004:nrow is of 591869"
[1] "2005:147:The number of rows in all_predict_ens1_1km_all_df is not 540261."
[1] "2005:nrow is of 591869"
[1] "2006:176:The number of rows in all_predict_ens1_200m_urban_df is not 230825."
[1] "2006:176:nrow:246332"
[1] "2006:177"
[1] "2006:177:The number of rows in all_predict_ens1_1km_all_df is not 540261."
[1] "2006:nrow is of 591869"
[1] "2004:233:The number of rows in all_predict_ens1_200m_urban_df is not 230825."
[1] "2004:233:nrow:246332"
[1] "2004:234"
[1] "2004:234:The number of rows in all_predict_ens1_1km_all_df is not 540261."
[1] "2004:nrow is of 591869"
[1] "2005:147:The number of rows in all_predict_ens1_200m_urban_df is not 230825."
[1] "2005:147:nrow:246332"
[1] "2005:148"
[1] "2005:148:The number of rows in all_predict_ens1_1km_all_df is not 540261."
[1] "2005:nrow is of 591869"
[1] "2006:177:The number of rows in all_predict_ens1_200m_urban_df is not 230825."
[1] "2006:177:nrow:246332"
[1] "2006:178"
[1] "2004:234:The number of rows in all_predict_ens1_200m_urban_df is not 230825."
[1] "2004:234:nrow:246332"
[1] "2004:235"
[1] "2006:178:The number of rows in all_predict_ens1_1km_all_df is not 540261."
[1] "2006:nrow is of 591869"
[1] "2004:235:The number of rows in all_predict_ens1_1km_all_df is not 540261."
[1] "2004:nrow is of 591869"
[1] "2005:148:The number of rows in all_predict_ens1_200m_urban_df is not 230825."
[1] "2005:148:nrow:246332"
[1] "2005:149"
[1] "2005:149:The number of rows in all_predict_ens1_1km_all_df is not 540261."
[1] "2005:nrow is of 591869"
[1] "2006:178:The number of rows in all_predict_ens1_200m_urban_df is not 230825."
[1] "2006:178:nrow:246332"
[1] "2006:179"
[1] "2004:235:The number of rows in all_predict_ens1_200m_urban_df is not 230825."
[1] "2004:235:nrow:246332"
[1] "2004:236"
[1] "2006:179:The number of rows in all_predict_ens1_1km_all_df is not 540261."
[1] "2006:nrow is of 591869"
[1] "2004:236:The number of rows in all_predict_ens1_1km_all_df is not 540261."
[1] "2004:nrow is of 591869"
[1] "2004:236:The number of rows in all_predict_ens1_200m_urban_df is not 230825."
[1] "2004:236:nrow:246332"
[1] "2004:237"
[1] "2004:237:The number of rows in all_predict_ens1_1km_all_df is not 540261."
[1] "2004:nrow is of 591869"
[1] "2004:237:The number of rows in all_predict_ens1_200m_urban_df is not 230825."
[1] "2004:237:nrow:246332"
[1] "2004:238"
[1] "2004:238:The number of rows in all_predict_ens1_1km_all_df is not 540261."
[1] "2004:nrow is of 591869"
[1] "2004:238:The number of rows in all_predict_ens1_200m_urban_df is not 230825."
[1] "2004:238:nrow:246332"
[1] "2004:239"
[1] "2004:239:The number of rows in all_predict_ens1_1km_all_df is not 540261."
[1] "2004:nrow is of 591869"
[1] "2004:239:The number of rows in all_predict_ens1_200m_urban_df is not 230825."
[1] "2004:239:nrow:246332"
[1] "2004:240"
[1] "2004:240:The number of rows in all_predict_ens1_1km_all_df is not 540261."
[1] "2004:nrow is of 591869"
[1] "2004:240:The number of rows in all_predict_ens1_200m_urban_df is not 230825."
[1] "2004:240:nrow:246332"
[1] "2004:241"
[1] "2004:241:The number of rows in all_predict_ens1_1km_all_df is not 540261."
[1] "2004:nrow is of 591869"
[1] "2006:179:The number of rows in all_predict_ens1_200m_urban_df is not 230825."
[1] "2006:179:nrow:246332"
[1] "2006:180"
[1] "2006:180:The number of rows in all_predict_ens1_1km_all_df is not 540261."
[1] "2006:nrow is of 591869"
[1] "2004:241:The number of rows in all_predict_ens1_200m_urban_df is not 230825."
[1] "2004:241:nrow:246332"
[1] "2004:242"
[1] "2004:242:The number of rows in all_predict_ens1_1km_all_df is not 540261."
[1] "2004:nrow is of 591869"
[1] "2006:180:The number of rows in all_predict_ens1_200m_urban_df is not 230825."
[1] "2006:180:nrow:246332"
[1] "2006:181"
[1] "2006:181:The number of rows in all_predict_ens1_1km_all_df is not 540261."
[1] "2006:nrow is of 591869"
[1] "2005:149:The number of rows in all_predict_ens1_200m_urban_df is not 230825."
[1] "2005:149:nrow:246332"
[1] "2005:150"
[1] "2005:150:The number of rows in all_predict_ens1_1km_all_df is not 540261."
[1] "2005:nrow is of 591869"
[1] "2004:242:The number of rows in all_predict_ens1_200m_urban_df is not 230825."
[1] "2004:242:nrow:246332"
[1] "2004:243"
[1] "2004:243:The number of rows in all_predict_ens1_1km_all_df is not 540261."
[1] "2004:nrow is of 591869"
[1] "2006:181:The number of rows in all_predict_ens1_200m_urban_df is not 230825."
[1] "2006:181:nrow:246332"
[1] "2006:182"
[1] "2006:182:The number of rows in all_predict_ens1_1km_all_df is not 540261."
[1] "2006:nrow is of 591869"
[1] "2005:150:The number of rows in all_predict_ens1_200m_urban_df is not 230825."
[1] "2005:150:nrow:246332"
[1] "2005:151"
[1] "2005:151:The number of rows in all_predict_ens1_1km_all_df is not 540261."
[1] "2005:nrow is of 591869"
[1] "2004:243:The number of rows in all_predict_ens1_200m_urban_df is not 230825."
[1] "2004:243:nrow:246332"
[1] "2004:244"
[1] "2004:244:The number of rows in all_predict_ens1_1km_all_df is not 540261."
[1] "2004:nrow is of 591869"
[1] "2006:182:The number of rows in all_predict_ens1_200m_urban_df is not 230825."
[1] "2006:182:nrow:246332"
[1] "2006:183"
[1] "2006:183:The number of rows in all_predict_ens1_1km_all_df is not 540261."
[1] "2006:nrow is of 591869"
[1] "2005:151:The number of rows in all_predict_ens1_200m_urban_df is not 230825."
[1] "2005:151:nrow:246332"
[1] "2005:152"
[1] "2005:152:The number of rows in all_predict_ens1_1km_all_df is not 540261."
[1] "2005:nrow is of 591869"
[1] "2004:244:The number of rows in all_predict_ens1_200m_urban_df is not 230825."
[1] "2004:244:nrow:246332"
[1] "2004:245"
[1] "2004:245:The number of rows in all_predict_ens1_1km_all_df is not 540261."
[1] "2004:nrow is of 591869"
[1] "2006:183:The number of rows in all_predict_ens1_200m_urban_df is not 230825."
[1] "2006:183:nrow:246332"
[1] "2006:184"
[1] "2005:152:The number of rows in all_predict_ens1_200m_urban_df is not 230825."
[1] "2005:152:nrow:246332"
[1] "2005:153"
[1] "2006:184:The number of rows in all_predict_ens1_1km_all_df is not 540261."
[1] "2006:nrow is of 591869"
[1] "2005:153:The number of rows in all_predict_ens1_1km_all_df is not 540261."
[1] "2005:nrow is of 591869"
[1] "2004:245:The number of rows in all_predict_ens1_200m_urban_df is not 230825."
[1] "2004:245:nrow:246332"
[1] "2004:246"
[1] "2004:246:The number of rows in all_predict_ens1_1km_all_df is not 540261."
[1] "2004:nrow is of 591869"
[1] "2006:184:The number of rows in all_predict_ens1_200m_urban_df is not 230825."
[1] "2006:184:nrow:246332"
[1] "2006:185"
[1] "2006:185:The number of rows in all_predict_ens1_1km_all_df is not 540261."
[1] "2006:nrow is of 591869"
[1] "2004:246:The number of rows in all_predict_ens1_200m_urban_df is not 230825."
[1] "2004:246:nrow:246332"
[1] "2004:247"
[1] "2004:247:The number of rows in all_predict_ens1_1km_all_df is not 540261."
[1] "2004:nrow is of 591869"
[1] "2005:153:The number of rows in all_predict_ens1_200m_urban_df is not 230825."
[1] "2005:153:nrow:246332"
[1] "2005:154"
[1] "2005:154:The number of rows in all_predict_ens1_1km_all_df is not 540261."
[1] "2005:nrow is of 591869"
[1] "2006:185:The number of rows in all_predict_ens1_200m_urban_df is not 230825."
[1] "2006:185:nrow:246332"
[1] "2006:186"
[1] "2006:186:The number of rows in all_predict_ens1_1km_all_df is not 540261."
[1] "2006:nrow is of 591869"
[1] "2004:247:The number of rows in all_predict_ens1_200m_urban_df is not 230825."
[1] "2004:247:nrow:246332"
[1] "2004:248"
[1] "2004:248:The number of rows in all_predict_ens1_1km_all_df is not 540261."
[1] "2004:nrow is of 591869"
[1] "2005:154:The number of rows in all_predict_ens1_200m_urban_df is not 230825."
[1] "2005:154:nrow:246332"
[1] "2005:155"
[1] "2006:186:The number of rows in all_predict_ens1_200m_urban_df is not 230825."
[1] "2006:186:nrow:246332"
[1] "2006:187"
[1] "2005:155:The number of rows in all_predict_ens1_1km_all_df is not 540261."
[1] "2005:nrow is of 591869"
[1] "2006:187:The number of rows in all_predict_ens1_1km_all_df is not 540261."
[1] "2006:nrow is of 591869"
[1] "2004:248:The number of rows in all_predict_ens1_200m_urban_df is not 230825."
[1] "2004:248:nrow:246332"
[1] "2004:249"
[1] "2005:155:The number of rows in all_predict_ens1_200m_urban_df is not 230825."
[1] "2005:155:nrow:246332"
[1] "2005:156"
[1] "2004:249:The number of rows in all_predict_ens1_1km_all_df is not 540261."
[1] "2004:nrow is of 591869"
[1] "2006:187:The number of rows in all_predict_ens1_200m_urban_df is not 230825."
[1] "2006:187:nrow:246332"
[1] "2006:188"
[1] "2005:156:The number of rows in all_predict_ens1_1km_all_df is not 540261."
[1] "2005:nrow is of 591869"
[1] "2006:188:The number of rows in all_predict_ens1_1km_all_df is not 540261."
[1] "2006:nrow is of 591869"
[1] "2004:249:The number of rows in all_predict_ens1_200m_urban_df is not 230825."
[1] "2004:249:nrow:246332"
[1] "2004:250"
[1] "2004:250:The number of rows in all_predict_ens1_1km_all_df is not 540261."
[1] "2004:nrow is of 591869"
[1] "2005:156:The number of rows in all_predict_ens1_200m_urban_df is not 230825."
[1] "2005:156:nrow:246332"
[1] "2005:157"
[1] "2006:188:The number of rows in all_predict_ens1_200m_urban_df is not 230825."
[1] "2006:188:nrow:246332"
[1] "2006:189"
[1] "2005:157:The number of rows in all_predict_ens1_1km_all_df is not 540261."
[1] "2005:nrow is of 591869"
[1] "2006:189:The number of rows in all_predict_ens1_1km_all_df is not 540261."
[1] "2006:nrow is of 591869"
[1] "2004:250:The number of rows in all_predict_ens1_200m_urban_df is not 230825."
[1] "2004:250:nrow:246332"
[1] "2004:251"
[1] "2004:251:The number of rows in all_predict_ens1_1km_all_df is not 540261."
[1] "2004:nrow is of 591869"
[1] "2006:189:The number of rows in all_predict_ens1_200m_urban_df is not 230825."
[1] "2006:189:nrow:246332"
[1] "2006:190"
[1] "2006:190:The number of rows in all_predict_ens1_1km_all_df is not 540261."
[1] "2006:nrow is of 591869"
[1] "2004:251:The number of rows in all_predict_ens1_200m_urban_df is not 230825."
[1] "2004:251:nrow:246332"
[1] "2004:252"
[1] "2005:157:The number of rows in all_predict_ens1_200m_urban_df is not 230825."
[1] "2005:157:nrow:246332"
[1] "2005:158"
[1] "2004:252:The number of rows in all_predict_ens1_1km_all_df is not 540261."
[1] "2004:nrow is of 591869"
[1] "2005:158:The number of rows in all_predict_ens1_1km_all_df is not 540261."
[1] "2005:nrow is of 591869"
[1] "2006:190:The number of rows in all_predict_ens1_200m_urban_df is not 230825."
[1] "2006:190:nrow:246332"
[1] "2006:191"
[1] "2006:191:The number of rows in all_predict_ens1_1km_all_df is not 540261."
[1] "2006:nrow is of 591869"
[1] "2004:252:The number of rows in all_predict_ens1_200m_urban_df is not 230825."
[1] "2004:252:nrow:246332"
[1] "2004:253"
[1] "2005:158:The number of rows in all_predict_ens1_200m_urban_df is not 230825."
[1] "2005:158:nrow:246332"
[1] "2005:159"
[1] "2004:253:The number of rows in all_predict_ens1_1km_all_df is not 540261."
[1] "2004:nrow is of 591869"
[1] "2005:159:The number of rows in all_predict_ens1_1km_all_df is not 540261."
[1] "2005:nrow is of 591869"
[1] "2006:191:The number of rows in all_predict_ens1_200m_urban_df is not 230825."
[1] "2006:191:nrow:246332"
[1] "2006:192"
[1] "2006:192:The number of rows in all_predict_ens1_1km_all_df is not 540261."
[1] "2006:nrow is of 591869"
[1] "2004:253:The number of rows in all_predict_ens1_200m_urban_df is not 230825."
[1] "2004:253:nrow:246332"
[1] "2004:254"
[1] "2005:159:The number of rows in all_predict_ens1_200m_urban_df is not 230825."
[1] "2005:159:nrow:246332"
[1] "2005:160"
[1] "2004:254:The number of rows in all_predict_ens1_1km_all_df is not 540261."
[1] "2004:nrow is of 591869"
[1] "2005:160:The number of rows in all_predict_ens1_1km_all_df is not 540261."
[1] "2005:nrow is of 591869"
[1] "2006:192:The number of rows in all_predict_ens1_200m_urban_df is not 230825."
[1] "2006:192:nrow:246332"
[1] "2006:193"
[1] "2006:193:The number of rows in all_predict_ens1_1km_all_df is not 540261."
[1] "2006:nrow is of 591869"
[1] "2004:254:The number of rows in all_predict_ens1_200m_urban_df is not 230825."
[1] "2004:254:nrow:246332"
[1] "2004:255"
[1] "2005:160:The number of rows in all_predict_ens1_200m_urban_df is not 230825."
[1] "2005:160:nrow:246332"
[1] "2005:161"
[1] "2004:255:The number of rows in all_predict_ens1_1km_all_df is not 540261."
[1] "2004:nrow is of 591869"
[1] "2006:193:The number of rows in all_predict_ens1_200m_urban_df is not 230825."
[1] "2006:193:nrow:246332"
[1] "2006:194"
[1] "2005:161:The number of rows in all_predict_ens1_1km_all_df is not 540261."
[1] "2005:nrow is of 591869"
[1] "2006:194:The number of rows in all_predict_ens1_1km_all_df is not 540261."
[1] "2006:nrow is of 591869"
[1] "2004:255:The number of rows in all_predict_ens1_200m_urban_df is not 230825."
[1] "2004:255:nrow:246332"
[1] "2004:256"
[1] "2004:256:The number of rows in all_predict_ens1_1km_all_df is not 540261."
[1] "2004:nrow is of 591869"
[1] "2006:194:The number of rows in all_predict_ens1_200m_urban_df is not 230825."
[1] "2006:194:nrow:246332"
[1] "2006:195"
[1] "2006:195:The number of rows in all_predict_ens1_1km_all_df is not 540261."
[1] "2006:nrow is of 591869"
[1] "2005:161:The number of rows in all_predict_ens1_200m_urban_df is not 230825."
[1] "2005:161:nrow:246332"
[1] "2005:162"
[1] "2004:256:The number of rows in all_predict_ens1_200m_urban_df is not 230825."
[1] "2004:256:nrow:246332"
[1] "2004:257"
[1] "2005:162:The number of rows in all_predict_ens1_1km_all_df is not 540261."
[1] "2005:nrow is of 591869"
[1] "2004:257:The number of rows in all_predict_ens1_1km_all_df is not 540261."
[1] "2004:nrow is of 591869"
[1] "2006:195:The number of rows in all_predict_ens1_200m_urban_df is not 230825."
[1] "2006:195:nrow:246332"
[1] "2006:196"
[1] "2006:196:The number of rows in all_predict_ens1_1km_all_df is not 540261."
[1] "2006:nrow is of 591869"
[1] "2005:162:The number of rows in all_predict_ens1_200m_urban_df is not 230825."
[1] "2005:162:nrow:246332"
[1] "2005:163"
[1] "2004:257:The number of rows in all_predict_ens1_200m_urban_df is not 230825."
[1] "2004:257:nrow:246332"
[1] "2004:258"
[1] "2005:163:The number of rows in all_predict_ens1_1km_all_df is not 540261."
[1] "2005:nrow is of 591869"
[1] "2004:258:The number of rows in all_predict_ens1_1km_all_df is not 540261."
[1] "2004:nrow is of 591869"
[1] "2006:196:The number of rows in all_predict_ens1_200m_urban_df is not 230825."
[1] "2006:196:nrow:246332"
[1] "2006:197"
[1] "2006:197:The number of rows in all_predict_ens1_1km_all_df is not 540261."
[1] "2006:nrow is of 591869"
[1] "2005:163:The number of rows in all_predict_ens1_200m_urban_df is not 230825."
[1] "2005:163:nrow:246332"
[1] "2005:164"
[1] "2004:258:The number of rows in all_predict_ens1_200m_urban_df is not 230825."
[1] "2004:258:nrow:246332"
[1] "2004:259"
[1] "2005:164:The number of rows in all_predict_ens1_1km_all_df is not 540261."
[1] "2005:nrow is of 591869"
[1] "2004:259:The number of rows in all_predict_ens1_1km_all_df is not 540261."
[1] "2004:nrow is of 591869"
[1] "2006:197:The number of rows in all_predict_ens1_200m_urban_df is not 230825."
[1] "2006:197:nrow:246332"
[1] "2006:198"
[1] "2006:198:The number of rows in all_predict_ens1_1km_all_df is not 540261."
[1] "2006:nrow is of 591869"
[1] "2004:259:The number of rows in all_predict_ens1_200m_urban_df is not 230825."
[1] "2004:259:nrow:246332"
[1] "2004:260"
[1] "2004:260:The number of rows in all_predict_ens1_1km_all_df is not 540261."
[1] "2004:nrow is of 591869"
[1] "2006:198:The number of rows in all_predict_ens1_200m_urban_df is not 230825."
[1] "2006:198:nrow:246332"
[1] "2006:199"
[1] "2005:164:The number of rows in all_predict_ens1_200m_urban_df is not 230825."
[1] "2005:164:nrow:246332"
[1] "2005:165"
[1] "2006:199:The number of rows in all_predict_ens1_1km_all_df is not 540261."
[1] "2006:nrow is of 591869"
[1] "2005:165:The number of rows in all_predict_ens1_1km_all_df is not 540261."
[1] "2005:nrow is of 591869"
[1] "2004:260:The number of rows in all_predict_ens1_200m_urban_df is not 230825."
[1] "2004:260:nrow:246332"
[1] "2004:261"
[1] "2004:261:The number of rows in all_predict_ens1_1km_all_df is not 540261."
[1] "2004:nrow is of 591869"
[1] "2006:199:The number of rows in all_predict_ens1_200m_urban_df is not 230825."
[1] "2006:199:nrow:246332"
[1] "2006:200"
[1] "2005:165:The number of rows in all_predict_ens1_200m_urban_df is not 230825."
[1] "2005:165:nrow:246332"
[1] "2005:166"
[1] "2006:200:The number of rows in all_predict_ens1_1km_all_df is not 540261."
[1] "2006:nrow is of 591869"
[1] "2005:166:The number of rows in all_predict_ens1_1km_all_df is not 540261."
[1] "2005:nrow is of 591869"
[1] "2004:261:The number of rows in all_predict_ens1_200m_urban_df is not 230825."
[1] "2004:261:nrow:246332"
[1] "2004:262"
[1] "2004:262:The number of rows in all_predict_ens1_1km_all_df is not 540261."
[1] "2004:nrow is of 591869"
[1] "2006:200:The number of rows in all_predict_ens1_200m_urban_df is not 230825."
[1] "2006:200:nrow:246332"
[1] "2006:201"
[1] "2005:166:The number of rows in all_predict_ens1_200m_urban_df is not 230825."
[1] "2005:166:nrow:246332"
[1] "2005:167"
[1] "2006:201:The number of rows in all_predict_ens1_1km_all_df is not 540261."
[1] "2006:nrow is of 591869"
[1] "2005:167:The number of rows in all_predict_ens1_1km_all_df is not 540261."
[1] "2005:nrow is of 591869"
[1] "2004:262:The number of rows in all_predict_ens1_200m_urban_df is not 230825."
[1] "2004:262:nrow:246332"
[1] "2004:263"
[1] "2004:263:The number of rows in all_predict_ens1_1km_all_df is not 540261."
[1] "2004:nrow is of 591869"
[1] "2006:201:The number of rows in all_predict_ens1_200m_urban_df is not 230825."
[1] "2006:201:nrow:246332"
[1] "2006:202"
[1] "2005:167:The number of rows in all_predict_ens1_200m_urban_df is not 230825."
[1] "2005:167:nrow:246332"
[1] "2005:168"
[1] "2006:202:The number of rows in all_predict_ens1_1km_all_df is not 540261."
[1] "2006:nrow is of 591869"
[1] "2005:168:The number of rows in all_predict_ens1_1km_all_df is not 540261."
[1] "2005:nrow is of 591869"
[1] "2004:263:The number of rows in all_predict_ens1_200m_urban_df is not 230825."
[1] "2004:263:nrow:246332"
[1] "2004:264"
[1] "2004:264:The number of rows in all_predict_ens1_1km_all_df is not 540261."
[1] "2004:nrow is of 591869"
[1] "2006:202:The number of rows in all_predict_ens1_200m_urban_df is not 230825."
[1] "2006:202:nrow:246332"
[1] "2006:203"
[1] "2006:203:The number of rows in all_predict_ens1_1km_all_df is not 540261."
[1] "2006:nrow is of 591869"
[1] "2005:168:The number of rows in all_predict_ens1_200m_urban_df is not 230825."
[1] "2005:168:nrow:246332"
[1] "2005:169"
[1] "2004:264:The number of rows in all_predict_ens1_200m_urban_df is not 230825."
[1] "2004:264:nrow:246332"
[1] "2004:265"
[1] "2004:265:The number of rows in all_predict_ens1_1km_all_df is not 540261."
[1] "2004:nrow is of 591869"
[1] "2005:169:The number of rows in all_predict_ens1_1km_all_df is not 540261."
[1] "2005:nrow is of 591869"
[1] "2006:203:The number of rows in all_predict_ens1_200m_urban_df is not 230825."
[1] "2006:203:nrow:246332"
[1] "2006:204"
[1] "2006:204:The number of rows in all_predict_ens1_1km_all_df is not 540261."
[1] "2006:nrow is of 591869"
[1] "2004:265:The number of rows in all_predict_ens1_200m_urban_df is not 230825."
[1] "2004:265:nrow:246332"
[1] "2004:266"
[1] "2005:169:The number of rows in all_predict_ens1_200m_urban_df is not 230825."
[1] "2005:169:nrow:246332"
[1] "2005:170"
[1] "2004:266:The number of rows in all_predict_ens1_1km_all_df is not 540261."
[1] "2004:nrow is of 591869"
[1] "2005:170:The number of rows in all_predict_ens1_1km_all_df is not 540261."
[1] "2005:nrow is of 591869"
[1] "2006:204:The number of rows in all_predict_ens1_200m_urban_df is not 230825."
[1] "2006:204:nrow:246332"
[1] "2006:205"
[1] "2006:205:The number of rows in all_predict_ens1_1km_all_df is not 540261."
[1] "2006:nrow is of 591869"
[1] "2004:266:The number of rows in all_predict_ens1_200m_urban_df is not 230825."
[1] "2004:266:nrow:246332"
[1] "2004:267"
[1] "2005:170:The number of rows in all_predict_ens1_200m_urban_df is not 230825."
[1] "2005:170:nrow:246332"
[1] "2005:171"
[1] "2004:267:The number of rows in all_predict_ens1_1km_all_df is not 540261."
[1] "2004:nrow is of 591869"
[1] "2006:205:The number of rows in all_predict_ens1_200m_urban_df is not 230825."
[1] "2006:205:nrow:246332"
[1] "2006:206"
[1] "2005:171:The number of rows in all_predict_ens1_1km_all_df is not 540261."
[1] "2005:nrow is of 591869"
[1] "2006:206:The number of rows in all_predict_ens1_1km_all_df is not 540261."
[1] "2006:nrow is of 591869"
[1] "2004:267:The number of rows in all_predict_ens1_200m_urban_df is not 230825."
[1] "2004:267:nrow:246332"
[1] "2004:268"
[1] "2005:171:The number of rows in all_predict_ens1_200m_urban_df is not 230825."
[1] "2005:171:nrow:246332"
[1] "2005:172"
[1] "2004:268:The number of rows in all_predict_ens1_1km_all_df is not 540261."
[1] "2004:nrow is of 591869"
[1] "2006:206:The number of rows in all_predict_ens1_200m_urban_df is not 230825."
[1] "2006:206:nrow:246332"
[1] "2006:207"
[1] "2005:172:The number of rows in all_predict_ens1_1km_all_df is not 540261."
[1] "2005:nrow is of 591869"
[1] "2006:207:The number of rows in all_predict_ens1_1km_all_df is not 540261."
[1] "2006:nrow is of 591869"
[1] "2004:268:The number of rows in all_predict_ens1_200m_urban_df is not 230825."
[1] "2004:268:nrow:246332"
[1] "2004:269"
[1] "2004:269:The number of rows in all_predict_ens1_1km_all_df is not 540261."
[1] "2004:nrow is of 591869"
[1] "2006:207:The number of rows in all_predict_ens1_200m_urban_df is not 230825."
[1] "2006:207:nrow:246332"
[1] "2006:208"
[1] "2006:208:The number of rows in all_predict_ens1_1km_all_df is not 540261."
[1] "2006:nrow is of 591869"
[1] "2005:172:The number of rows in all_predict_ens1_200m_urban_df is not 230825."
[1] "2005:172:nrow:246332"
[1] "2005:173"
[1] "2004:269:The number of rows in all_predict_ens1_200m_urban_df is not 230825."
[1] "2004:269:nrow:246332"
[1] "2004:270"
[1] "2005:173:The number of rows in all_predict_ens1_1km_all_df is not 540261."
[1] "2005:nrow is of 591869"
[1] "2004:270:The number of rows in all_predict_ens1_1km_all_df is not 540261."
[1] "2004:nrow is of 591869"
[1] "2006:208:The number of rows in all_predict_ens1_200m_urban_df is not 230825."
[1] "2006:208:nrow:246332"
[1] "2006:209"
[1] "2006:209:The number of rows in all_predict_ens1_1km_all_df is not 540261."
[1] "2006:nrow is of 591869"
[1] "2005:173:The number of rows in all_predict_ens1_200m_urban_df is not 230825."
[1] "2005:173:nrow:246332"
[1] "2005:174"
[1] "2004:270:The number of rows in all_predict_ens1_200m_urban_df is not 230825."
[1] "2004:270:nrow:246332"
[1] "2004:271"
[1] "2005:174:The number of rows in all_predict_ens1_1km_all_df is not 540261."
[1] "2005:nrow is of 591869"
[1] "2004:271:The number of rows in all_predict_ens1_1km_all_df is not 540261."
[1] "2004:nrow is of 591869"
[1] "2006:209:The number of rows in all_predict_ens1_200m_urban_df is not 230825."
[1] "2006:209:nrow:246332"
[1] "2006:210"
[1] "2006:210:The number of rows in all_predict_ens1_1km_all_df is not 540261."
[1] "2006:nrow is of 591869"
[1] "2005:174:The number of rows in all_predict_ens1_200m_urban_df is not 230825."
[1] "2005:174:nrow:246332"
[1] "2005:175"
[1] "2004:271:The number of rows in all_predict_ens1_200m_urban_df is not 230825."
[1] "2004:271:nrow:246332"
[1] "2004:272"
[1] "2005:175:The number of rows in all_predict_ens1_1km_all_df is not 540261."
[1] "2005:nrow is of 591869"
[1] "2004:272:The number of rows in all_predict_ens1_1km_all_df is not 540261."
[1] "2004:nrow is of 591869"
[1] "2006:210:The number of rows in all_predict_ens1_200m_urban_df is not 230825."
[1] "2006:210:nrow:246332"
[1] "2006:211"
[1] "2006:211:The number of rows in all_predict_ens1_1km_all_df is not 540261."
[1] "2006:nrow is of 591869"
[1] "2004:272:The number of rows in all_predict_ens1_200m_urban_df is not 230825."
[1][1]004:272:nrow:246332" "2005:175:The number of rows in all_predict_ens1_200m_urban_df is not 230825."
[1] "2005:175:nrow:246332"
[1] "2004:273"
[1] "2005:176"
[1] "2004:273:The number of rows in all_predict_ens1_1km_all_df is not 540261."
[1] "2004:nrow is of 591869"
[1] "2006:211:The number of rows in all_predict_ens1_200m_urban_df is not 230825."
[1] "2006:211:nrow:246332"
[1] "2006:212"
[1] "2006:212:The number of rows in all_predict_ens1_1km_all_df is not 540261."
[1] "2006:nrow is of 591869"
[1] "2005:176:The number of rows in all_predict_ens1_1km_all_df is not 540261."
[1] "2005:nrow is of 591869"
[1] "2004:273:The number of rows in all_predict_ens1_200m_urban_df is not 230825."
[1] "2004:273:nrow:246332"
[1] "2004:274"
[1] "2004:274:The number of rows in all_predict_ens1_1km_all_df is not 540261."
[1] "2004:nrow is of 591869"
[1] "2006:212:The number of rows in all_predict_ens1_200m_urban_df is not 230825."
[1] "2006:212:nrow:246332"
[1] "2006:213"
[1] "2005:176:The number of rows in all_predict_ens1_200m_urban_df is not 230825."
[1] "2005:176:nrow:246332"
[1] "2005:177"
[1] "2006:213:The number of rows in all_predict_ens1_1km_all_df is not 540261."
[1] "2006:nrow is of 591869"
[1] "2005:177:The number of rows in all_predict_ens1_1km_all_df is not 540261."
[1] "2005:nrow is of 591869"
[1] "2004:274:The number of rows in all_predict_ens1_200m_urban_df is not 230825."
[1] "2004:274:nrow:246332"
[1] "2004:275"
[1] "2004:275:The number of rows in all_predict_ens1_1km_all_df is not 540261."
[1] "2004:nrow is of 591869"
[1] "2006:213:The number of rows in all_predict_ens1_200m_urban_df is not 230825."
[1] "2006:213:nrow:246332"
[1] "2006:214"
[1] "2005:177:The number of rows in all_predict_ens1_200m_urban_df is not 230825."
[1] "2005:177:nrow:246332"
[1] "2005:178"
[1] "2006:214:The number of rows in all_predict_ens1_1km_all_df is not 540261."
[1] "2006:nrow is of 591869"
[1] "2005:178:The number of rows in all_predict_ens1_1km_all_df is not 540261."
[1] "2005:nrow is of 591869"
[1] "2004:275:The number of rows in all_predict_ens1_200m_urban_df is not 230825."
[1] "2004:275:nrow:246332"
[1] "2004:276"
[1] "2004:276:The number of rows in all_predict_ens1_1km_all_df is not 540261."
[1] "2004:nrow is of 591869"
[1] "2006:214:The number of rows in all_predict_ens1_200m_urban_df is not 230825."
[1] "2006:214:nrow:246332"
[1] "2006:215"
[1] "2005:178:The number of rows in all_predict_ens1_200m_urban_df is not 230825."
[1] "2005:178:nrow:246332"
[1] "2005:179"
[1] "2006:215:The number of rows in all_predict_ens1_1km_all_df is not 540261."
[1] "2006:nrow is of 591869"
[1] "2005:179:The number of rows in all_predict_ens1_1km_all_df is not 540261."
[1] "2005:nrow is of 591869"
[1] "2004:276:The number of rows in all_predict_ens1_200m_urban_df is not 230825."
[1] "2004:276:nrow:246332"
[1] "2004:277"
[1] "2004:277:The number of rows in all_predict_ens1_1km_all_df is not 540261."
[1] "2004:nrow is of 591869"
[1] "2006:215:The number of rows in all_predict_ens1_200m_urban_df is not 230825."
[1] "2006:215:nrow:246332"
[1] "2006:216"
[1] "2006:216:The number of rows in all_predict_ens1_1km_all_df is not 540261."
[1] "2006:nrow is of 591869"
[1] "2004:277:The number of rows in all_predict_ens1_200m_urban_df is not 230825."
[1] "2004:277:nrow:246332"
[1] "2004:278"
[1] "2005:179:The number of rows in all_predict_ens1_200m_urban_df is not 230825."
[1] "2005:179:nrow:246332"
[1] "2005:180"
[1] "2004:278:The number of rows in all_predict_ens1_1km_all_df is not 540261."
[1] "2004:nrow is of 591869"
[1] "2005:180:The number of rows in all_predict_ens1_1km_all_df is not 540261."
[1] "2005:nrow is of 591869"
[1] "2006:216:The number of rows in all_predict_ens1_200m_urban_df is not 230825."
[1] "2006:216:nrow:246332"
[1] "2006:217"
[1] "2006:217:The number of rows in all_predict_ens1_1km_all_df is not 540261."
[1] "2006:nrow is of 591869"
[1] "2004:278:The number of rows in all_predict_ens1_200m_urban_df is not 230825."
[1] "2004:278:nrow:246332"
[1] "2004:279"
[1] "2005:180:The number of rows in all_predict_ens1_200m_urban_df is not 230825."
[1] "2005:180:nrow:246332"
[1] "2005:181"
[1] "2004:279:The number of rows in all_predict_ens1_1km_all_df is not 540261."
[1] "2004:nrow is of 591869"
[1] "2005:181:The number of rows in all_predict_ens1_1km_all_df is not 540261."
[1] "2005:nrow is of 591869"
[1] "2006:217:The number of rows in all_predict_ens1_200m_urban_df is not 230825."
[1] "2006:217:nrow:246332"
[1] "2006:218"
[1] "2006:218:The number of rows in all_predict_ens1_1km_all_df is not 540261."
[1] "2006:nrow is of 591869"
[1] "2004:279:The number of rows in all_predict_ens1_200m_urban_df is not 230825."
[1] "2004:279:nrow:246332"
[1] "2004:280"
[1] "2005:181:The number of rows in all_predict_ens1_200m_urban_df is not 230825."
[1] "2005:181:nrow:246332"
[1] "2005:182"
[1] "2004:280:The number of rows in all_predict_ens1_1km_all_df is not 540261."
[1] "2004:nrow is of 591869"
[1] "2005:182:The number of rows in all_predict_ens1_1km_all_df is not 540261."
[1] "2005:nrow is of 591869"
[1] "2006:218:The number of rows in all_predict_ens1_200m_urban_df is not 230825."
[1] "2006:218:nrow:246332"
[1] "2006:219"
[1] "2006:219:The number of rows in all_predict_ens1_1km_all_df is not 540261."
[1] "2006:nrow is of 591869"
[1] "2004:280:The number of rows in all_predict_ens1_200m_urban_df is not 230825."
[1] "2004:280:nrow:246332"
[1] "2004:281"
[1] "2005:182:The number of rows in all_predict_ens1_200m_urban_df is not 230825."
[1] "2005:182:nrow:246332"
[1] "2005:183"
[1] "2004:281:The number of rows in all_predict_ens1_1km_all_df is not 540261."
[1] "2004:nrow is of 591869"
[1] "2006:219:The number of rows in all_predict_ens1_200m_urban_df is not 230825."
[1] "2006:219:nrow:246332"
[1] "2006:220"
[1] "2006:220:The number of rows in all_predict_ens1_1km_all_df is not 540261."
[1] "2006:nrow is of 591869"
[1] "2005:183:The number of rows in all_predict_ens1_1km_all_df is not 540261."
[1] "2005:nrow is of 591869"
[1] "2004:281:The number of rows in all_predict_ens1_200m_urban_df is not 230825."
[1] "2004:281:nrow:246332"
[1] "2004:282"
[1] "2004:282:The number of rows in all_predict_ens1_1km_all_df is not 540261."
[1] "2004:nrow is of 591869"
[1] "2006:220:The number of rows in all_predict_ens1_200m_urban_df is not 230825."
[1] "2006:220:nrow:246332"
[1] "2006:221"
[1] "2006:221:The number of rows in all_predict_ens1_1km_all_df is not 540261."
[1] "2006:nrow is of 591869"
[1] "2005:183:The number of rows in all_predict_ens1_200m_urban_df is not 230825."
[1] "2005:183:nrow:246332"
[1] "2005:184"
[1] "2005:184:The number of rows in all_predict_ens1_1km_all_df is not 540261."
[1] "2005:nrow is of 591869"
[1] "2004:282:The number of rows in all_predict_ens1_200m_urban_df is not 230825."
[1] "2004:282:nrow:246332"
[1] "2004:283"
[1] "2004:283:The number of rows in all_predict_ens1_1km_all_df is not 540261."
[1] "2004:nrow is of 591869"
[1] "2006:221:The number of rows in all_predict_ens1_200m_urban_df is not 230825."
[1] "2006:221:nrow:246332"
[1] "2006:222"
[1] "2006:222:The number of rows in all_predict_ens1_1km_all_df is not 540261."
[1] "2006:nrow is of 591869"
[1] "2005:184:The number of rows in all_predict_ens1_200m_urban_df is not 230825."
[1] "2005:184:nrow:246332"
[1] "2005:185"
[1] "2005:185:The number of rows in all_predict_ens1_1km_all_df is not 540261."
[1] "2005:nrow is of 591869"
[1] "2004:283:The number of rows in all_predict_ens1_200m_urban_df is not 230825."
[1] "2004:283:nrow:246332"
[1] "2004:284"
[1] "2004:284:The number of rows in all_predict_ens1_1km_all_df is not 540261."
[1] "2004:nrow is of 591869"
[1] "2006:222:The number of rows in all_predict_ens1_200m_urban_df is not 230825."
[1] "2006:222:nrow:246332"
[1] "2006:223"
[1] "2006:223:The number of rows in all_predict_ens1_1km_all_df is not 540261."
[1] "2006:nrow is of 591869"
[1] "2005:185:The number of rows in all_predict_ens1_200m_urban_df is not 230825."
[1] "2005:185:nrow:246332"
[1] "2005:186"
[1] "2004:284:The number of rows in all_predict_ens1_200m_urban_df is not 230825."
[1] "2004:284:nrow:246332"
[1] "2004:285"
[1] "2005:186:The number of rows in all_predict_ens1_1km_all_df is not 540261."
[1] "2005:nrow is of 591869"
[1] "2004:285:The number of rows in all_predict_ens1_1km_all_df is not 540261."
[1] "2004:nrow is of 591869"
[1] "2006:223:The number of rows in all_predict_ens1_200m_urban_df is not 230825."
[1] "2006:223:nrow:246332"
[1] "2006:224"
[1] "2006:224:The number of rows in all_predict_ens1_1km_all_df is not 540261."
[1] "2006:nrow is of 591869"
[1] "2004:285:The number of rows in all_predict_ens1_200m_urban_df is not 230825."
[1] "2004:285:nrow:246332"
[1] "2004:286"
[1] "2004:286:The number of rows in all_predict_ens1_1km_all_df is not 540261."
[1] "2004:nrow is of 591869"
[1] "2006:224:The number of rows in all_predict_ens1_200m_urban_df is not 230825."
[1] "2006:224:nrow:246332"
[1] "2006:225"
[1] "2005:186:The number of rows in all_predict_ens1_200m_urban_df is not 230825."
[1] "2005:186:nrow:246332"
[1] "2005:187"
[1] "2006:225:The number of rows in all_predict_ens1_1km_all_df is not 540261."
[1] "2006:nrow is of 591869"
[1] "2005:187:The number of rows in all_predict_ens1_1km_all_df is not 540261."
[1] "2005:nrow is of 591869"
[1] "2004:286:The number of rows in all_predict_ens1_200m_urban_df is not 230825."
[1] "2004:286:nrow:246332"
[1] "2004:287"
[1] "2004:287:The number of rows in all_predict_ens1_1km_all_df is not 540261."
[1] "2004:nrow is of 591869"
[1] "2006:225:The number of rows in all_predict_ens1_200m_urban_df is not 230825."
[1] "2006:225:nrow:246332"
[1] "2006:226"
[1] "2005:187:The number of rows in all_predict_ens1_200m_urban_df is not 230825."
[1] "2005:187:nrow:246332"
[1] "2005:188"
[1] "2006:226:The number of rows in all_predict_ens1_1km_all_df is not 540261."
[1] "2006:nrow is of 591869"
[1] "2005:188:The number of rows in all_predict_ens1_1km_all_df is not 540261."
[1] "2005:nrow is of 591869"
[1] "2004:287:The number of rows in all_predict_ens1_200m_urban_df is not 230825."
[1] "2004:287:nrow:246332"
[1] "2004:288"
[1] "2004:288:The number of rows in all_predict_ens1_1km_all_df is not 540261."
[1] "2004:nrow is of 591869"
[1] "2005:188:The number of rows in all_predict_ens1_200m_urban_df is not 230825."
[1] "2005:188:nrow:246332"
[1] "2005:189"
[1] "2006:226:The number of rows in all_predict_ens1_200m_urban_df is not 230825."
[1] "2006:226:nrow:246332"
[1] "2006:227"
[1] "2005:189:The number of rows in all_predict_ens1_1km_all_df is not 540261."
[1] "2005:nrow is of 591869"
[1] "2006:227:The number of rows in all_predict_ens1_1km_all_df is not 540261."
[1] "2006:nrow is of 591869"
[1] "2006:227:The number of rows in all_predict_ens1_200m_urban_df is not 230825."
[1] "2006:227:nrow:246332"
[1] "2006:228"
[1] "2006:228:The number of rows in all_predict_ens1_1km_all_df is not 540261."
[1] "2006:nrow is of 591869"
[1] "2005:189:The number of rows in all_predict_ens1_200m_urban_df is not 230825."
[1] "2005:189:nrow:246332"
[1] "2005:190"
[1] "2005:190:The number of rows in all_predict_ens1_1km_all_df is not 540261."
[1] "2005:nrow is of 591869"
[1] "2006:228:The number of rows in all_predict_ens1_200m_urban_df is not 230825."
[1] "2006:228:nrow:246332"
[1] "2006:229"
[1] "2006:229:The number of rows in all_predict_ens1_1km_all_df is not 540261."
[1] "2006:nrow is of 591869"
[1] "2005:190:The number of rows in all_predict_ens1_200m_urban_df is not 230825."
[1] "2005:190:nrow:246332"
[1] "2005:191"
[1] "2005:191:The number of rows in all_predict_ens1_1km_all_df is not 540261."
[1] "2005:nrow is of 591869"
[1] "2006:229:The number of rows in all_predict_ens1_200m_urban_df is not 230825."
[1] "2006:229:nrow:246332"
[1] "2006:230"
[1] "2006:230:The number of rows in all_predict_ens1_1km_all_df is not 540261."
[1] "2006:nrow is of 591869"
[1] "2005:191:The number of rows in all_predict_ens1_200m_urban_df is not 230825."
[1] "2005:191:nrow:246332"
[1] "2005:192"
[1] "2005:192:The number of rows in all_predict_ens1_1km_all_df is not 540261."
[1] "2005:nrow is of 591869"
[1] "2006:230:The number of rows in all_predict_ens1_200m_urban_df is not 230825."
[1] "2006:230:nrow:246332"
[1] "2006:231"
[1] "2006:231:The number of rows in all_predict_ens1_1km_all_df is not 540261."
[1] "2006:nrow is of 591869"
[1] "2004:288:The number of rows in all_predict_ens1_200m_urban_df is not 230825."
[1] "2004:288:nrow:246332"
[1] "2004:289"
[1] "2004:289:The number of rows in all_predict_ens1_1km_all_df is not 540261."
[1] "2004:nrow is of 591869"
[1] "2006:231:The number of rows in all_predict_ens1_200m_urban_df is not 230825."
[1] "2006:231:nrow:246332"
[1] "2006:232"
[1] "2005:192:The number of rows in all_predict_ens1_200m_urban_df is not 230825."
[1] "2005:192:nrow:246332"
[1] "2005:193"
[1] "2006:232:The number of rows in all_predict_ens1_1km_all_df is not 540261."
[1] "2006:nrow is of 591869"
[1] "2005:193:The number of rows in all_predict_ens1_1km_all_df is not 540261."
[1] "2005:nrow is of 591869"
[1] "2004:289:The number of rows in all_predict_ens1_200m_urban_df is not 230825."
[1] "2004:289:nrow:246332"
[1] "2004:290"
[1] "2006:232:The number of rows in all_predict_ens1_200m_urban_df is not 230825."
[1] "2006:232:nrow:246332"
[1] "2006:233"
[1] "2004:290:The number of rows in all_predict_ens1_1km_all_df is not 540261."
[1] "2004:nrow is of 591869"
[1] "2005:193:The number of rows in all_predict_ens1_200m_urban_df is not 230825."
[1] "2005:193:nrow:246332"
[1] "2005:194"
[1] "2006:233:The number of rows in all_predict_ens1_1km_all_df is not 540261."
[1] "2006:nrow is of 591869"
[1] "2005:194:The number of rows in all_predict_ens1_1km_all_df is not 540261."
[1] "2005:nrow is of 591869"
[1] "2004:290:The number of rows in all_predict_ens1_200m_urban_df is not 230825."
[1] "2004:290:nrow:246332"
[1] "2004:291"
[1] "2004:291:The number of rows in all_predict_ens1_1km_all_df is not 540261."
[1] "2004:nrow is of 591869"
[1] "2006:233:The number of rows in all_predict_ens1_200m_urban_df is not 230825."
[1] "2006:233:nrow:246332"
[1] "2006:234"
[1] "2005:194:The number of rows in all_predict_ens1_200m_urban_df is not 230825."
[1] "2005:194:nrow:246332"
[1] "2005:195"
[1] "2006:234:The number of rows in all_predict_ens1_1km_all_df is not 540261."
[1] "2006:nrow is of 591869"
[1] "2004:291:The number of rows in all_predict_ens1_200m_urban_df is not 230825."
[1] "2004:291:nrow:246332"
[1] "2004:292"
[1] "2005:195:The number of rows in all_predict_ens1_1km_all_df is not 540261."
[1] "2005:nrow is of 591869"
[1] "2006:234:The number of rows in all_predict_ens1_200m_urban_df is not 230825."
[1] "2006:234:nrow:246332"
[1] "2006:235"
[1] "2004:292:The number of rows in all_predict_ens1_1km_all_df is not 540261."
[1] "2004:nrow is of 591869"
[1] "2006:235:The number of rows in all_predict_ens1_1km_all_df is not 540261."
[1] "2006:nrow is of 591869"
[1] "2005:195:The number of rows in all_predict_ens1_200m_urban_df is not 230825."
[1] "2005:195:nrow:246332"
[1] "2005:196"
[1] "2004:292:The number of rows in all_predict_ens1_200m_urban_df is not 230825."
[1] "2004:292:nrow:246332"
[1] "2004:293"
[1] "2005:196:The number of rows in all_predict_ens1_1km_all_df is not 540261."
[1] "2005:nrow is of 591869"
[1] "2006:235:The number of rows in all_predict_ens1_200m_urban_df is not 230825."
[1] "2006:235:nrow:246332"
[1] "2006:236"
[1] "2004:293:The number of rows in all_predict_ens1_1km_all_df is not 540261."
[1] "2004:nrow is of 591869"
[1] "2006:236:The number of rows in all_predict_ens1_1km_all_df is not 540261."
[1] "2006:nrow is of 591869"
[1] "2005:196:The number of rows in all_predict_ens1_200m_urban_df is not 230825."
[1] "2005:196:nrow:246332"
[1] "2005:197"
[1] "2005:197:The number of rows in all_predict_ens1_1km_all_df is not 540261."
[1] "2005:nrow is of 591869"
[1] "2004:293:The number of rows in all_predict_ens1_200m_urban_df is not 230825."
[1] "2004:293:nrow:246332"
[1] "2004:294"
[1] "2006:236:The number of rows in all_predict_ens1_200m_urban_df is not 230825."
[1] "2006:236:nrow:246332"
[1] "2006:237"
[1] "2004:294:The number of rows in all_predict_ens1_1km_all_df is not 540261."
[1] "2004:nrow is of 591869"
[1] "2006:237:The number of rows in all_predict_ens1_1km_all_df is not 540261."
[1] "2006:nrow is of 591869"
[1] "2005:197:The number of rows in all_predict_ens1_200m_urban_df is not 230825."
[1] "2005:197:nrow:246332"
[1] "2005:198"
[1] "2005:198:The number of rows in all_predict_ens1_1km_all_df is not 540261."
[1] "2005:nrow is of 591869"
[1] "2004:294:The number of rows in all_predict_ens1_200m_urban_df is not 230825."
[1] "2004:294:nrow:246332"
[1] "2004:295"
[1] "2006:237:The number of rows in all_predict_ens1_200m_urban_df is not 230825."
[1] "2006:237:nrow:246332"
[1] "2006:238"
[1] "2004:295:The number of rows in all_predict_ens1_1km_all_df is not 540261."
[1] "2004:nrow is of 591869"
[1] "2006:238:The number of rows in all_predict_ens1_1km_all_df is not 540261."
[1] "2006:nrow is of 591869"
[1] "2004:295:The number of rows in all_predict_ens1_200m_urban_df is not 230825."
[1] "2004:295:nrow:246332"
[1] "2004:296"
[1] "2006:238:The number of rows in all_predict_ens1_200m_urban_df is not 230825."
[1] "2006:238:nrow:246332"
[1] "2006:239"
[1] "2004:296:The number of rows in all_predict_ens1_1km_all_df is not 540261."
[1] "2004:nrow is of 591869"
[1] "2005:198:The number of rows in all_predict_ens1_200m_urban_df is not 230825."
[1] "2005:198:nrow:246332"
[1] "2005:199"
[1] "2006:239:The number of rows in all_predict_ens1_1km_all_df is not 540261."
[1] "2006:nrow is of 591869"
[1] "2005:199:The number of rows in all_predict_ens1_1km_all_df is not 540261."
[1] "2005:nrow is of 591869"
[1] "2004:296:The number of rows in all_predict_ens1_200m_urban_df is not 230825."
[1] "2004:296:nrow:246332"
[1] "2004:297"
[1] "2004:297:The number of rows in all_predict_ens1_1km_all_df is not 540261."
[1] "2004:nrow is of 591869"
[1] "2006:239:The number of rows in all_predict_ens1_200m_urban_df is not 230825."
[1] "2006:239:nrow:246332"
[1] "2006:240"
[1] "2005:199:The number of rows in all_predict_ens1_200m_urban_df is not 230825."
[1] "2005:199:nrow:246332"
[1] "2005:200"
[1] "2006:240:The number of rows in all_predict_ens1_1km_all_df is not 540261."
[1] "2006:nrow is of 591869"
[1] "2005:200:The number of rows in all_predict_ens1_1km_all_df is not 540261."
[1] "2005:nrow is of 591869"
[1] "2004:297:The number of rows in all_predict_ens1_200m_urban_df is not 230825."
[1] "2004:297:nrow:246332"
[1] "2004:298"
[1] "2004:298:The number of rows in all_predict_ens1_1km_all_df is not 540261."
[1] "2004:nrow is of 591869"
[1] "2006:240:The number of rows in all_predict_ens1_200m_urban_df is not 230825."
[1] "2006:240:nrow:246332"
[1] "2006:241"
[1] "2005:200:The number of rows in all_predict_ens1_200m_urban_df is not 230825."
[1] "2005:200:nrow:246332"
[1] "2005:201"
[1] "2006:241:The number of rows in all_predict_ens1_1km_all_df is not 540261."
[1] "2006:nrow is of 591869"
[1] "2005:201:The number of rows in all_predict_ens1_1km_all_df is not 540261."
[1] "2005:nrow is of 591869"
[1] "2004:298:The number of rows in all_predict_ens1_200m_urban_df is not 230825."
[1] "2004:298:nrow:246332"
[1] "2004:299"
[1] "2004:299:The number of rows in all_predict_ens1_1km_all_df is not 540261."
[1] "2004:nrow is of 591869"
[1] "2006:241:The number of rows in all_predict_ens1_200m_urban_df is not 230825."
[1] "2006:241:nrow:246332"
[1] "2006:242"
[1] "2005:201:The number of rows in all_predict_ens1_200m_urban_df is not 230825."
[1] "2005:201:nrow:246332"
[1] "2005:202"
[1] "2006:242:The number of rows in all_predict_ens1_1km_all_df is not 540261."
[1] "2006:nrow is of 591869"
[1] "2004:299:The number of rows in all_predict_ens1_200m_urban_df is not 230825."
[1] "2004:299:nrow:246332"
[1] "2004:300"
[1] "2004:300:The number of rows in all_predict_ens1_1km_all_df is not 540261."
[1] "2004:nrow is of 591869"
[1] "2005:202:The number of rows in all_predict_ens1_1km_all_df is not 540261."
[1] "2005:nrow is of 591869"
[1] "2006:242:The number of rows in all_predict_ens1_200m_urban_df is not 230825."
[1] "2006:242:nrow:246332"
[1] "2006:243"
[1] "2006:243:The number of rows in all_predict_ens1_1km_all_df is not 540261."
[1] "2006:nrow is of 591869"
[1] "2004:300:The number of rows in all_predict_ens1_200m_urban_df is not 230825."
[1] "2004:300:nrow:246332"
[1] "2004:301"
[1] "2005:202:The number of rows in all_predict_ens1_200m_urban_df is not 230825."
[1] "2005:202:nrow:246332"
[1] "2005:203"
[1] "2004:301:The number of rows in all_predict_ens1_1km_all_df is not 540261."
[1] "2004:nrow is of 591869"
[1] "2005:203:The number of rows in all_predict_ens1_1km_all_df is not 540261."
[1] "2005:nrow is of 591869"
[1] "2006:243:The number of rows in all_predict_ens1_200m_urban_df is not 230825."
[1] "2006:243:nrow:246332"
[1] "2006:244"
[1] "2006:244:The number of rows in all_predict_ens1_1km_all_df is not 540261."
[1] "2006:nrow is of 591869"
[1] "2004:301:The number of rows in all_predict_ens1_200m_urban_df is not 230825."
[1] "2004:301:nrow:246332"
[1] "2004:302"
[1] "2005:203:The number of rows in all_predict_ens1_200m_urban_df is not 230825."
[1] "2005:203:nrow:246332"
[1] "2005:204"
[1] "2004:302:The number of rows in all_predict_ens1_1km_all_df is not 540261."
[1] "2004:nrow is of 591869"
[1] "2005:204:The number of rows in all_predict_ens1_1km_all_df is not 540261."
[1] "2005:nrow is of 591869"
[1] "2006:244:The number of rows in all_predict_ens1_200m_urban_df is not 230825."
[1] "2006:244:nrow:246332"
[1] "2006:245"
[1] "2006:245:The number of rows in all_predict_ens1_1km_all_df is not 540261."
[1] "2006:nrow is of 591869"
[1] "2005:204:The number of rows in all_predict_ens1_200m_urban_df is not 230825."
[1] "2005:204:nrow:246332"
[1] "2005:205"
[1] "2004:302:The number of rows in all_predict_ens1_200m_urban_df is not 230825."
[1] "2004:302:nrow:246332"
[1] "2004:303"
[1] "2005:205:The number of rows in all_predict_ens1_1km_all_df is not 540261."
[1] "2005:nrow is of 591869"
[1] "2004:303:The number of rows in all_predict_ens1_1km_all_df is not 540261."
[1] "2004:nrow is of 591869"
[1] "2006:245:The number of rows in all_predict_ens1_200m_urban_df is not 230825."
[1] "2006:245:nrow:246332"
[1] "2006:246"
[1] "2006:246:The number of rows in all_predict_ens1_1km_all_df is not 540261."
[1] "2006:nrow is of 591869"
[1] "2004:303:The number of rows in all_predict_ens1_200m_urban_df is not 230825."
[1] "2004:303:nrow:246332"
[1] "2004:304"
[1] "2004:304:The number of rows in all_predict_ens1_1km_all_df is not 540261."
[1] "2004:nrow is of 591869"
[1] "2006:246:The number of rows in all_predict_ens1_200m_urban_df is not 230825."
[1] "2006:246:nrow:246332"
[1] "2006:247"
[1] "2005:205:The number of rows in all_predict_ens1_200m_urban_df is not 230825."
[1] "2005:205:nrow:246332"
[1] "2005:206"
[1] "2006:247:The number of rows in all_predict_ens1_1km_all_df is not 540261."
[1] "2006:nrow is of 591869"
[1] "2005:206:The number of rows in all_predict_ens1_1km_all_df is not 540261."
[1] "2005:nrow is of 591869"
[1] "2004:304:The number of rows in all_predict_ens1_200m_urban_df is not 230825."
[1] "2004:304:nrow:246332"
[1] "2004:305"
[1] "2004:305:The number of rows in all_predict_ens1_1km_all_df is not 540261."
[1] "2004:nrow is of 591869"
[1] "2006:247:The number of rows in all_predict_ens1_200m_urban_df is not 230825."
[1] "2006:247:nrow:246332"
[1] "2006:248"
[1] "2005:206:The number of rows in all_predict_ens1_200m_urban_df is not 230825."
[1] "2005:206:nrow:246332"
[1] "2005:207"
[1] "2006:248:The number of rows in all_predict_ens1_1km_all_df is not 540261."
[1] "2006:nrow is of 591869"
[1] "2005:207:The number of rows in all_predict_ens1_1km_all_df is not 540261."
[1] "2005:nrow is of 591869"
[1] "2004:305:The number of rows in all_predict_ens1_200m_urban_df is not 230825."
[1] "2004:305:nrow:246332"
[1] "2004:306"
[1] "2004:306:The number of rows in all_predict_ens1_1km_all_df is not 540261."
[1] "2004:nrow is of 591869"
[1] "2006:248:The number of rows in all_predict_ens1_200m_urban_df is not 230825."
[1] "2006:248:nrow:246332"
[1] "2006:249"
[1] "2005:207:The number of rows in all_predict_ens1_200m_urban_df is not 230825."
[1] "2005:207:nrow:246332"
[1] "2005:208"
[1] "2006:249:The number of rows in all_predict_ens1_1km_all_df is not 540261."
[1] "2006:nrow is of 591869"
[1] "2005:208:The number of rows in all_predict_ens1_1km_all_df is not 540261."
[1] "2005:nrow is of 591869"
[1] "2004:306:The number of rows in all_predict_ens1_200m_urban_df is not 230825."
[1] "2004:306:nrow:246332"
[1] "2004:307"
[1] "2004:307:The number of rows in all_predict_ens1_1km_all_df is not 540261."
[1] "2004:nrow is of 591869"
[1] "2006:249:The number of rows in all_predict_ens1_200m_urban_df is not 230825."
[1] "2006:249:nrow:246332"
[1] "2006:250"
[1] "2006:250:The number of rows in all_predict_ens1_1km_all_df is not 540261."
[1] "2006:nrow is of 591869"
[1] "2005:208:The number of rows in all_predict_ens1_200m_urban_df is not 230825."
[1] "2005:208:nrow:246332"
[1] "2005:209"
[1] "2004:307:The number of rows in all_predict_ens1_200m_urban_df is not 230825."
[1] "2004:307:nrow:246332"
[1] "2004:308"
[1] "2005:209:The number of rows in all_predict_ens1_1km_all_df is not 540261."
[1] "2005:nrow is of 591869"
[1] "2006:250:The number of rows in all_predict_ens1_200m_urban_df is not 230825."
[1] "2006:250:nrow:246332"
[1] "2006:251"
[1] "2004:308:The number of rows in all_predict_ens1_1km_all_df is not 540261."
[1] "2004:nrow is of 591869"
[1] "2006:251:The number of rows in all_predict_ens1_1km_all_df is not 540261."
[1] "2006:nrow is of 591869"
[1] "2005:209:The number of rows in all_predict_ens1_200m_urban_df is not 230825."
[1] "2005:209:nrow:246332"
[1] "2005:210"
[1] "2004:308:The number of rows in all_predict_ens1_200m_urban_df is not 230825."
[1] "2004:308:nrow:246332"
[1] "2004:309"
[1] "2005:210:The number of rows in all_predict_ens1_1km_all_df is not 540261."
[1] "2005:nrow is of 591869"
[1] "2006:251:The number of rows in all_predict_ens1_200m_urban_df is not 230825."
[1] "2006:251:nrow:246332"
[1] "2006:252"
[1] "2004:309:The number of rows in all_predict_ens1_1km_all_df is not 540261."
[1] "2004:nrow is of 591869"
[1] "2006:252:The number of rows in all_predict_ens1_1km_all_df is not 540261."
[1] "2006:nrow is of 591869"
[1] "2005:210:The number of rows in all_predict_ens1_200m_urban_df is not 230825."
[1] "2005:210:nrow:246332"
[1] "2005:211"
[1] "2004:309:The number of rows in all_predict_ens1_200m_urban_df is not 230825."
[1] "2004:309:nrow:246332"
[1] "2004:310"
[1] "2006:252:The number of rows in all_predict_ens1_200m_urban_df is not 230825."
[1] "2006:252:nrow:246332"
[1] "2006:253"
[1] "2005:211:The number of rows in all_predict_ens1_1km_all_df is not 540261."
[1] "2005:nrow is of 591869"
[1] "2004:310:The number of rows in all_predict_ens1_1km_all_df is not 540261."
[1] "2004:nrow is of 591869"
[1] "2006:253:The number of rows in all_predict_ens1_1km_all_df is not 540261."
[1] "2006:nrow is of 591869"
[1] "2005:211:The number of rows in all_predict_ens1_200m_urban_df is not 230825."
[1] "2005:211:nrow:246332"
[1] "2005:212"
[1] "2004:310:The number of rows in all_predict_ens1_200m_urban_df is not 230825."
[1] "2004:310:nrow:246332"
[1] "2004:311"
[1] "2006:253:The number of rows in all_predict_ens1_200m_urban_df is not 230825."
[1] "2006:253:nrow:246332"
[1] "2006:254"
[1] "2004:311:The number of rows in all_predict_ens1_1km_all_df is not 540261."
[1] "2004:nrow is of 591869"
[1] "2006:254:The number of rows in all_predict_ens1_1km_all_df is not 540261."
[1] "2006:nrow is of 591869"
[1] "2005:212:The number of rows in all_predict_ens1_1km_all_df is not 540261."
[1] "2005:nrow is of 591869"
[1] "2004:311:The number of rows in all_predict_ens1_200m_urban_df is not 230825."
[1] "2004:311:nrow:246332"
[1] "2004:312"
[1] "2006:254:The number of rows in all_predict_ens1_200m_urban_df is not 230825."
[1] "2006:254:nrow:246332"
[1] "2006:255"
[1] "2004:312:The number of rows in all_predict_ens1_1km_all_df is not 540261."
[1] "2004:nrow is of 591869"
[1] "2006:255:The number of rows in all_predict_ens1_1km_all_df is not 540261."
[1] "2006:nrow is of 591869"
[1] "2005:212:The number of rows in all_predict_ens1_200m_urban_df is not 230825."
[1] "2005:212:nrow:246332"
[1] "2005:213"
[1] "2005:213:The number of rows in all_predict_ens1_1km_all_df is not 540261."
[1] "2005:nrow is of 591869"
[1] "2004:312:The number of rows in all_predict_ens1_200m_urban_df is not 230825."
[1] "2004:312:nrow:246332"
[1] "2004:313"
[1] "2006:255:The number of rows in all_predict_ens1_200m_urban_df is not 230825."
[1] "2006:255:nrow:246332"
[1] "2006:256"
[1] "2004:313:The number of rows in all_predict_ens1_1km_all_df is not 540261."
[1] "2004:nrow is of 591869"
[1] "2006:256:The number of rows in all_predict_ens1_1km_all_df is not 540261."
[1] "2006:nrow is of 591869"
[1] "2005:213:The number of rows in all_predict_ens1_200m_urban_df is not 230825."
[1] "2005:213:nrow:246332"
[1] "2005:214"
[1] "2005:214:The number of rows in all_predict_ens1_1km_all_df is not 540261."
[1] "2005:nrow is of 591869"
[1] "2006:256:The number of rows in all_predict_ens1_200m_urban_df is not 230825."
[1] "2006:256:nrow:246332"
[1] "2006:257"
[1] "2004:313:The number of rows in all_predict_ens1_200m_urban_df is not 230825."
[1] "2004:313:nrow:246332"
[1] "2004:314"
[1] "2006:257:The number of rows in all_predict_ens1_1km_all_df is not 540261."
[1] "2006:nrow is of 591869"
[1] "2004:314:The number of rows in all_predict_ens1_1km_all_df is not 540261."
[1] "2004:nrow is of 591869"
[1] "2005:214:The number of rows in all_predict_ens1_200m_urban_df is not 230825."
[1] "2005:214:nrow:246332"
[1] "2005:215"
[1] "2005:215:The number of rows in all_predict_ens1_1km_all_df is not 540261."
[1] "2005:nrow is of 591869"
[1] "2004:314:The number of rows in all_predict_ens1_200m_urban_df is not 230825."
[1] "2004:314:nrow:246332"
[1] "2004:315"
[1] "2006:257:The number of rows in all_predict_ens1_200m_urban_df is not 230825."
[1] "2006:257:nrow:246332"
[1] "2006:258"
[1] "2004:315:The number of rows in all_predict_ens1_1km_all_df is not 540261."
[1] "2004:nrow is of 591869"
[1] "2006:258:The number of rows in all_predict_ens1_1km_all_df is not 540261."
[1] "2006:nrow is of 591869"
[1] "2005:215:The number of rows in all_predict_ens1_200m_urban_df is not 230825."
[1] "2005:215:nrow:246332"
[1] "2005:216"
[1] "2004:315:The number of rows in all_predict_ens1_200m_urban_df is not 230825."
[1] "2004:315:nrow:246332"
[1] "2004:316"
[1] "2006:258:The number of rows in all_predict_ens1_200m_urban_df is not 230825."
[1] "2006:258:nrow:246332"
[1] "2006:259"
[1] "2005:216:The number of rows in all_predict_ens1_1km_all_df is not 540261."
[1] "2005:nrow is of 591869"
[1] "2004:316:The number of rows in all_predict_ens1_1km_all_df is not 540261."
[1] "2004:nrow is of 591869"
[1] "2006:259:The number of rows in all_predict_ens1_1km_all_df is not 540261."
[1] "2006:nrow is of 591869"
[1] "2005:216:The number of rows in all_predict_ens1_200m_urban_df is not 230825."
[1] "2005:216:nrow:246332"
[1] "2005:217"
[1] "2004:316:The number of rows in all_predict_ens1_200m_urban_df is not 230825."
[1] "2004:316:nrow:246332"
[1] "2004:317"
[1] "2006:259:The number of rows in all_predict_ens1_200m_urban_df is not 230825."
[1] "2006:259:nrow:246332"
[1] "2006:260"
[1] "2005:217:The number of rows in all_predict_ens1_1km_all_df is not 540261."
[1] "2005:nrow is of 591869"
[1] "2004:317:The number of rows in all_predict_ens1_1km_all_df is not 540261."
[1] "2004:nrow is of 591869"
[1] "2006:260:The number of rows in all_predict_ens1_1km_all_df is not 540261."
[1] "2006:nrow is of 591869"
[1] "2005:217:The number of rows in all_predict_ens1_200m_urban_df is not 230825."
[1] "2005:217:nrow:246332"
[1] "2005:218"
[1] "2006:260:The number of rows in all_predict_ens1_200m_urban_df is not 230825."
[1] "2006:260:nrow:246332"
[1] "2006:261"
[1] "2005:218:The number of rows in all_predict_ens1_1km_all_df is not 540261."
[1] "2005:nrow is of 591869"
[1] "2004:317:The number of rows in all_predict_ens1_200m_urban_df is not 230825."
[1] "2004:317:nrow:246332"
[1] "2004:318"
[1] "2006:261:The number of rows in all_predict_ens1_1km_all_df is not 540261."
[1] "2006:nrow is of 591869"
[1] "2004:318:The number of rows in all_predict_ens1_1km_all_df is not 540261."
[1] "2004:nrow is of 591869"
[1] "2006:261:The number of rows in all_predict_ens1_200m_urban_df is not 230825."
[1] "2006:261:nrow:246332"
[1] "2006:262"
[1] "2004:318:The number of rows in all_predict_ens1_200m_urban_df is not 230825."
[1] "2004:318:nrow:246332"
[1] "2004:319"
[1] "2006:262:The number of rows in all_predict_ens1_1km_all_df is not 540261."
[1] "2006:nrow is of 591869"
[1] "2004:319:The number of rows in all_predict_ens1_1km_all_df is not 540261."
[1] "2004:nrow is of 591869"
[1] "2005:218:The number of rows in all_predict_ens1_200m_urban_df is not 230825."
[1] "2005:218:nrow:246332"
[1] "2005:219"
[1] "2005:219:The number of rows in all_predict_ens1_1km_all_df is not 540261."
[1] "2005:nrow is of 591869"
[1] "2006:262:The number of rows in all_predict_ens1_200m_urban_df is not 230825."
[1] "2006:262:nrow:246332"
[1] "2006:263"
[1] "2006:263:The number of rows in all_predict_ens1_1km_all_df is not 540261."
[1] "2006:nrow is of 591869"
[1] "2004:319:The number of rows in all_predict_ens1_200m_urban_df is not 230825."
[1] "2004:319:nrow:246332"
[1] "2004:320"
[1] "2004:320:The number of rows in all_predict_ens1_1km_all_df is not 540261."
[1] "2004:nrow is of 591869"
[1] "2005:219:The number of rows in all_predict_ens1_200m_urban_df is not 230825."
[1] "2005:219:nrow:246332"
[1] "2005:220"
[1] "2005:220:The number of rows in all_predict_ens1_1km_all_df is not 540261."
[1] "2005:nrow is of 591869"
[1] "2004:320:The number of rows in all_predict_ens1_200m_urban_df is not 230825."
[1] "2004:320:nrow:246332"
[1] "2004:321"
[1] "2005:220:The number of rows in all_predict_ens1_200m_urban_df is not 230825."
[1] "2005:220:nrow:246332"
[1] "2005:221"
[1] "2004:321:The number of rows in all_predict_ens1_1km_all_df is not 540261."
[1] "2004:nrow is of 591869"
[1] "2005:221:The number of rows in all_predict_ens1_1km_all_df is not 540261."
[1] "2005:nrow is of 591869"
[1] "2004:321:The number of rows in all_predict_ens1_200m_urban_df is not 230825."
[1] "2004:321:nrow:246332"
[1] "2004:322"
[1] "2004:322:The number of rows in all_predict_ens1_1km_all_df is not 540261."
[1] "2004:nrow is of 591869"
[1] "2005:221:The number of rows in all_predict_ens1_200m_urban_df is not 230825."
[1] "2005:221:nrow:246332"
[1] "2005:222"
[1] "2005:222:The number of rows in all_predict_ens1_1km_all_df is not 540261."
[1] "2005:nrow is of 591869"
[1] "2004:322:The number of rows in all_predict_ens1_200m_urban_df is not 230825."
[1] "2004:322:nrow:246332"
[1] "2004:323"
[1] "2004:323:The number of rows in all_predict_ens1_1km_all_df is not 540261."
[1] "2004:nrow is of 591869"
[1] "2005:222:The number of rows in all_predict_ens1_200m_urban_df is not 230825."
[1] "2005:222:nrow:246332"
[1] "2005:223"
[1] "2005:223:The number of rows in all_predict_ens1_1km_all_df is not 540261."
[1] "2005:nrow is of 591869"
[1] "2004:323:The number of rows in all_predict_ens1_200m_urban_df is not 230825."
[1] "2004:323:nrow:246332"
[1] "2004:324"
[1] "2004:324:The number of rows in all_predict_ens1_1km_all_df is not 540261."
[1] "2004:nrow is of 591869"
[1] "2005:223:The number of rows in all_predict_ens1_200m_urban_df is not 230825."
[1] "2005:223:nrow:246332"
[1] "2005:224"
[1] "2005:224:The number of rows in all_predict_ens1_1km_all_df is not 540261."
[1] "2005:nrow is of 591869"
[1] "2004:324:The number of rows in all_predict_ens1_200m_urban_df is not 230825."
[1] "2004:324:nrow:246332"
[1] "2004:325"
[1] "2006:263:The number of rows in all_predict_ens1_200m_urban_df is not 230825."
[1] "2006:263:nrow:246332"
[1] "2006:264"
[1] "2004:325:The number of rows in all_predict_ens1_1km_all_df is not 540261."
[1] "2004:nrow is of 591869"
[1] "2006:264:The number of rows in all_predict_ens1_1km_all_df is not 540261."
[1] "2006:nrow is of 591869"
[1] "2004:325:The number of rows in all_predict_ens1_200m_urban_df is not 230825."
[1] "2004:325:nrow:246332"
[1] "2004:326"
[1] "2005:224:The number of rows in all_predict_ens1_200m_urban_df is not 230825."
[1] "2005:224:nrow:246332"
[1] "2005:225"
[1] "2006:264:The number of rows in all_predict_ens1_200m_urban_df is not 230825."
[1] "2006:264:nrow:246332"
[1] "2006:265"
[1] "2004:326:The number of rows in all_predict_ens1_1km_all_df is not 540261."
[1] "2004:nrow is of 591869"
[1] "2005:225:The number of rows in all_predict_ens1_1km_all_df is not 540261."
[1] "2005:nrow is of 591869"
[1] "2006:265:The number of rows in all_predict_ens1_1km_all_df is not 540261."
[1] "2006:nrow is of 591869"
[1] "2005:225:The number of rows in all_predict_ens1_200m_urban_df is not 230825."
[1] "2005:225:nrow:246332"
[1] "2005:226"
[1] "2006:265:The number of rows in all_predict_ens1_200m_urban_df is not 230825."
[1] "2006:265:nrow:246332"
[1] "2006:266"
[1] "2004:326:The number of rows in all_predict_ens1_200m_urban_df is not 230825."
[1] "2004:326:nrow:246332"
[1] "2004:327"
[1] "2005:226:The number of rows in all_predict_ens1_1km_all_df is not 540261."
[1] "2005:nrow is of 591869"
[1] "2004:327:The number of rows in all_predict_ens1_1km_all_df is not 540261."
[1] "2004:nrow is of 591869"
[1] "2006:266:The number of rows in all_predict_ens1_1km_all_df is not 540261."
[1] "2006:nrow is of 591869"
[1] "2005:226:The number of rows in all_predict_ens1_200m_urban_df is not 230825."
[1] "2005:226:nrow:246332"
[1] "2005:227"
[1] "2004:327:The number of rows in all_predict_ens1_200m_urban_df is not 230825."
[1] "2004:327:nrow:246332"
[1] "2004:328"
[1] "2006:266:The number of rows in all_predict_ens1_200m_urban_df is not 230825."
[1] "2006:266:nrow:246332"
[1] "2006:267"
[1] "2004:328:The number of rows in all_predict_ens1_1km_all_df is not 540261."
[1] "2004:nrow is of 591869"
[1] "2006:267:The number of rows in all_predict_ens1_1km_all_df is not 540261."
[1] "2006:nrow is of 591869"
[1] "2005:227:The number of rows in all_predict_ens1_1km_all_df is not 540261."
[1] "2005:nrow is of 591869"
[1] "2004:328:The number of rows in all_predict_ens1_200m_urban_df is not 230825."
[1] "2004:328:nrow:246332"
[1] "2004:329"
[1] "2006:267:The number of rows in all_predict_ens1_200m_urban_df is not 230825."
[1] "2006:267:nrow:246332"
[1] "2006:268"
[1] "2004:329:The number of rows in all_predict_ens1_1km_all_df is not 540261."
[1] "2004:nrow is of 591869"
[1] "2006:268:The number of rows in all_predict_ens1_1km_all_df is not 540261."
[1] "2006:nrow is of 591869"
[1] "2005:227:The number of rows in all_predict_ens1_200m_urban_df is not 230825."
[1] "2005:227:nrow:246332"
[1] "2005:228"
[1] "2005:228:The number of rows in all_predict_ens1_1km_all_df is not 540261."
[1] "2005:nrow is of 591869"
[1] "2004:329:The number of rows in all_predict_ens1_200m_urban_df is not 230825."
[1] "2004:329:nrow:246332"
[1] "2004:330"
[1] "2004:330:The number of rows in all_predict_ens1_1km_all_df is not 540261."
[1] "2004:nrow is of 591869"
[1] "2006:268:The number of rows in all_predict_ens1_200m_urban_df is not 230825."
[1] "2006:268:nrow:246332"
[1] "2006:269"
[1] "2005:228:The number of rows in all_predict_ens1_200m_urban_df is not 230825."
[1] "2005:228:nrow:246332"
[1] "2005:229"
[1] "2006:269:The number of rows in all_predict_ens1_1km_all_df is not 540261."
[1] "2006:nrow is of 591869"
[1] "2005:229:The number of rows in all_predict_ens1_1km_all_df is not 540261."
[1] "2005:nrow is of 591869"
[1] "2004:330:The number of rows in all_predict_ens1_200m_urban_df is not 230825."
[1] "2004:330:nrow:246332"
[1] "2004:331"
[1] "2004:331:The number of rows in all_predict_ens1_1km_all_df is not 540261."
[1] "2004:nrow is of 591869"
[1] "2006:269:The number of rows in all_predict_ens1_200m_urban_df is not 230825."
[1] "2006:269:nrow:246332"
[1] "2006:270"
[1] "2006:270:The number of rows in all_predict_ens1_1km_all_df is not 540261."
[1] "2006:nrow is of 591869"
[1] "2005:229:The number of rows in all_predict_ens1_200m_urban_df is not 230825."
[1] "2005:229:nrow:246332"
[1] "2005:230"
[1] "2004:331:The number of rows in all_predict_ens1_200m_urban_df is not 230825."
[1] "2004:331:nrow:246332"
[1] "2004:332"
[1] "2005:230:The number of rows in all_predict_ens1_1km_all_df is not 540261."
[1] "2005:nrow is of 591869"
[1] "2006:270:The number of rows in all_predict_ens1_200m_urban_df is not 230825."
[1] "2006:270:nrow:246332"
[1] "2006:271"
[1] "2004:332:The number of rows in all_predict_ens1_1km_all_df is not 540261."
[1] "2004:nrow is of 591869"
[1] "2006:271:The number of rows in all_predict_ens1_1km_all_df is not 540261."
[1] "2006:nrow is of 591869"
[1] "2005:230:The number of rows in all_predict_ens1_200m_urban_df is not 230825."
[1] "2005:230:nrow:246332"
[1] "2005:231"
[1] "2004:332:The number of rows in all_predict_ens1_200m_urban_df is not 230825."
[1] "2004:332:nrow:246332"
[1] "2004:333"
[1] "2005:231:The number of rows in all_predict_ens1_1km_all_df is not 540261."
[1] "2005:nrow is of 591869"
[1] "2006:271:The number of rows in all_predict_ens1_200m_urban_df is not 230825."
[1] "2006:271:nrow:246332"
[1] "2006:272"
[1] "2004:333:The number of rows in all_predict_ens1_1km_all_df is not 540261."
[1] "2004:nrow is of 591869"
[1] "2006:272:The number of rows in all_predict_ens1_1km_all_df is not 540261."
[1] "2006:nrow is of 591869"
[1] "2005:231:The number of rows in all_predict_ens1_200m_urban_df is not 230825."
[1] "2005:231:nrow:246332"
[1] "2005:232"
[1] "2006:272:The number of rows in all_predict_ens1_200m_urban_df is not 230825."
[1] "2006:272:nrow:246332"
[1] "2006:273"
[1] "2004:333:The number of rows in all_predict_ens1_200m_urban_df is not 230825."
[1] "2004:333:nrow:246332"
[1] "2004:334"
[1] "2005:232:The number of rows in all_predict_ens1_1km_all_df is not 540261."
[1] "2005:nrow is of 591869"
[1] "2004:334:The number of rows in all_predict_ens1_1km_all_df is not 540261."
[1] "2004:nrow is of 591869"
[1] "2006:273:The number of rows in all_predict_ens1_1km_all_df is not 540261."
[1] "2006:nrow is of 591869"
[1] "2006:273:The number of rows in all_predict_ens1_200m_urban_df is not 230825."
[1] "2006:273:nrow:246332"
[1] "2006:274"
[1] "2004:334:The number of rows in all_predict_ens1_200m_urban_df is not 230825."
[1] "2004:334:nrow:246332"
[1] "2004:335"
[1] "2006:274:The number of rows in all_predict_ens1_1km_all_df is not 540261."
[1] "2006:nrow is of 591869"
[1] "2004:335:The number of rows in all_predict_ens1_1km_all_df is not 540261."
[1] "2004:nrow is of 591869"
[1] "2005:232:The number of rows in all_predict_ens1_200m_urban_df is not 230825."
[1] "2005:232:nrow:246332"
[1] "2005:233"
[1] "2005:233:The number of rows in all_predict_ens1_1km_all_df is not 540261."
[1] "2005:nrow is of 591869"
[1] "2006:274:The number of rows in all_predict_ens1_200m_urban_df is not 230825."
[1] "2006:274:nrow:246332"
[1] "2006:275"
[1] "2004:335:The number of rows in all_predict_ens1_200m_urban_df is not 230825."
[1] "2004:335:nrow:246332"
[1] "2004:336"
[1] "2006:275:The number of rows in all_predict_ens1_1km_all_df is not 540261."
[1] "2006:nrow is of 591869"
[1] "2004:336:The number of rows in all_predict_ens1_1km_all_df is not 540261."
[1] "2004:nrow is of 591869"
[1] "2005:233:The number of rows in all_predict_ens1_200m_urban_df is not 230825."
[1] "2005:233:nrow:246332"
[1] "2005:234"
[1] "2005:234:The number of rows in all_predict_ens1_1km_all_df is not 540261."
[1] "2005:nrow is of 591869"
[1] "2006:275:The number of rows in all_predict_ens1_200m_urban_df is not 230825."
[1] "2006:275:nrow:246332"
[1] "2006:276"
[1] "2004:336:The number of rows in all_predict_ens1_200m_urban_df is not 230825."
[1] "2004:336:nrow:246332"
[1] "2004:337"
[1] "2006:276:The number of rows in all_predict_ens1_1km_all_df is not 540261."
[1] "2006:nrow is of 591869"
[1] "2004:337:The number of rows in all_predict_ens1_1km_all_df is not 540261."
[1] "2004:nrow is of 591869"
[1] "2005:234:The number of rows in all_predict_ens1_200m_urban_df is not 230825."
[1] "2005:234:nrow:246332"
[1] "2005:235"
[1] "2005:235:The number of rows in all_predict_ens1_1km_all_df is not 540261."
[1] "2005:nrow is of 591869"
[1] "2006:276:The number of rows in all_predict_ens1_200m_urban_df is not 230825."
[1] "2006:276:nrow:246332"
[1] "2006:277"
[1] "2004:337:The number of rows in all_predict_ens1_200m_urban_df is not 230825."
[1] "2004:337:nrow:246332"
[1] "2004:338"
[1] "2006:277:The number of rows in all_predict_ens1_1km_all_df is not 540261."
[1] "2006:nrow is of 591869"
[1] "2004:338:The number of rows in all_predict_ens1_1km_all_df is not 540261."
[1] "2004:nrow is of 591869"
[1] "2006:277:The number of rows in all_predict_ens1_200m_urban_df is not 230825."
[1] "2006:277:nrow:246332"
[1] "2006:278"
[1] "2005:235:The number of rows in all_predict_ens1_200m_urban_df is not 230825."
[1] "2005:235:nrow:246332"
[1] "2005:236"
[1] "2004:338:The number of rows in all_predict_ens1_200m_urban_df is not 230825."
[1] "2004:338:nrow:246332"
[1] "2004:339"
[1] "2006:278:The number of rows in all_predict_ens1_1km_all_df is not 540261."
[1] "2006:nrow is of 591869"
[1] "2005:236:The number of rows in all_predict_ens1_1km_all_df is not 540261."
[1] "2005:nrow is of 591869"
[1] "2004:339:The number of rows in all_predict_ens1_1km_all_df is not 540261."
[1] "2004:nrow is of 591869"
[1] "2005:236:The number of rows in all_predict_ens1_200m_urban_df is not 230825."
[1] "2005:236:nrow:246332"
[1] "2005:237"
[1] "2006:278:The number of rows in all_predict_ens1_200m_urban_df is not 230825."
[1] "2006:278:nrow:246332"
[1] "2006:279"
[1] "2004:339:The number of rows in all_predict_ens1_200m_urban_df is not 230825."
[1] "2004:339:nrow:246332"
[1] "2004:340"
[1] "2005:237:The number of rows in all_predict_ens1_1km_all_df is not 540261."
[1] "2005:nrow is of 591869"
[1] "2006:279:The number of rows in all_predict_ens1_1km_all_df is not 540261."
[1] "2006:nrow is of 591869"
[1] "2004:340:The number of rows in all_predict_ens1_1km_all_df is not 540261."
[1] "2004:nrow is of 591869"
[1] "2005:237:The number of rows in all_predict_ens1_200m_urban_df is not 230825."
[1] "2005:237:nrow:246332"
[1] "2005:238"
[1] "2006:279:The number of rows in all_predict_ens1_200m_urban_df is not 230825."
[1] "2006:279:nrow:246332"
[1] "2006:280"
[1] "2005:238:The number of rows in all_predict_ens1_1km_all_df is not 540261."
[1] "2005:nrow is of 591869"
[1] "2004:340:The number of rows in all_predict_ens1_200m_urban_df is not 230825."
[1] "2004:340:nrow:246332"
[1] "2004:341"
[1] "2006:280:The number of rows in all_predict_ens1_1km_all_df is not 540261."
[1] "2006:nrow is of 591869"
[1] "2004:341:The number of rows in all_predict_ens1_1km_all_df is not 540261."
[1] "2004:nrow is of 591869"
[1] "2006:280:The number of rows in all_predict_ens1_200m_urban_df is not 230825."
[1] "2006:280:nrow:246332"
[1] "2006:281"
[1] "2004:341:The number of rows in all_predict_ens1_200m_urban_df is not 230825."
[1] "2004:341:nrow:246332"
[1] "2004:342"
[1] "2006:281:The number of rows in all_predict_ens1_1km_all_df is not 540261."
[1] "2006:nrow is of 591869"
[1] "2004:342:The number of rows in all_predict_ens1_1km_all_df is not 540261."
[1] "2004:nrow is of 591869"
[1] "2005:238:The number of rows in all_predict_ens1_200m_urban_df is not 230825."
[1] "2005:238:nrow:246332"
[1] "2005:239"
[1] "2005:239:The number of rows in all_predict_ens1_1km_all_df is not 540261."
[1] "2005:nrow is of 591869"
[1] "2006:281:The number of rows in all_predict_ens1_200m_urban_df is not 230825."
[1] "2006:281:nrow:246332"
[1] "2006:282"
[1] "2004:342:The number of rows in all_predict_ens1_200m_urban_df is not 230825."
[1] "2004:342:nrow:246332"
[1] "2004:343"
[1] "2006:282:The number of rows in all_predict_ens1_1km_all_df is not 540261."
[1] "2006:nrow is of 591869"
[1] "2004:343:The number of rows in all_predict_ens1_1km_all_df is not 540261."
[1] "2004:nrow is of 591869"
[1] "2005:239:The number of rows in all_predict_ens1_200m_urban_df is not 230825."
[1] "2005:239:nrow:246332"
[1] "2005:240"
[1] "2005:240:The number of rows in all_predict_ens1_1km_all_df is not 540261."
[1] "2005:nrow is of 591869"
[1] "2006:282:The number of rows in all_predict_ens1_200m_urban_df is not 230825."
[1] "2006:282:nrow:246332"
[1] "2006:283"
[1] "2004:343:The number of rows in all_predict_ens1_200m_urban_df is not 230825."
[1] "2004:343:nrow:246332"
[1] "2004:344"
[1] "2006:283:The number of rows in all_predict_ens1_1km_all_df is not 540261."
[1] "2006:nrow is of 591869"
[1] "2004:344:The number of rows in all_predict_ens1_1km_all_df is not 540261."
[1] "2004:nrow is of 591869"
[1] "2005:240:The number of rows in all_predict_ens1_200m_urban_df is not 230825."
[1] "2005:240:nrow:246332"
[1] "2005:241"
[1] "2005:241:The number of rows in all_predict_ens1_1km_all_df is not 540261."
[1] "2005:nrow is of 591869"
[1] "2004:344:The number of rows in all_predict_ens1_200m_urban_df is not 230825."
[1] "2004:344:nrow:246332"
[1] "2004:345"
[1] "2006:283:The number of rows in all_predict_ens1_200m_urban_df is not 230825."
[1] "2006:283:nrow:246332"
[1] "2006:284"
[1] "2004:345:The number of rows in all_predict_ens1_1km_all_df is not 540261."
[1] "2004:nrow is of 591869"
[1] "2006:284:The number of rows in all_predict_ens1_1km_all_df is not 540261."
[1] "2006:nrow is of 591869"
[1] "2005:241:The number of rows in all_predict_ens1_200m_urban_df is not 230825."
[1] "2005:241:nrow:246332"
[1] "2005:242"
[1] "2005:242:The number of rows in all_predict_ens1_1km_all_df is not 540261."
[1] "2005:nrow is of 591869"
[1] "2006:284:The number of rows in all_predict_ens1_200m_urban_df is not 230825."
[1] "2006:284:nrow:246332"
[1] "2006:285"
[1] "2004:345:The number of rows in all_predict_ens1_200m_urban_df is not 230825."
[1] "2004:345:nrow:246332"
[1] "2004:346"
[1] "2006:285:The number of rows in all_predict_ens1_1km_all_df is not 540261."
[1] "2006:nrow is of 591869"
[1] "2004:346:The number of rows in all_predict_ens1_1km_all_df is not 540261."
[1] "2004:nrow is of 591869"
[1] "2005:242:The number of rows in all_predict_ens1_200m_urban_df is not 230825."
[1] "2005:242:nrow:246332"
[1] "2005:243"
[1] "2005:243:The number of rows in all_predict_ens1_1km_all_df is not 540261."
[1] "2005:nrow is of 591869"
[1] "2006:285:The number of rows in all_predict_ens1_200m_urban_df is not 230825."
[1] "2006:285:nrow:246332"
[1] "2006:286"
[1] "2004:346:The number of rows in all_predict_ens1_200m_urban_df is not 230825."
[1] "2004:346:nrow:246332"
[1] "2004:347"
[1] "2006:286:The number of rows in all_predict_ens1_1km_all_df is not 540261."
[1] "2006:nrow is of 591869"
[1] "2004:347:The number of rows in all_predict_ens1_1km_all_df is not 540261."
[1] "2004:nrow is of 591869"
[1] "2006:286:The number of rows in all_predict_ens1_200m_urban_df is not 230825."
[1] "2006:286:nrow:246332"
[1] "2006:287"
[1] "2004:347:The number of rows in all_predict_ens1_200m_urban_df is not 230825."
[1] "2004:347:nrow:246332"
[1] "2004:348"
[1] "2006:287:The number of rows in all_predict_ens1_1km_all_df is not 540261."
[1] "2006:nrow is of 591869"
[1] "2004:348:The number of rows in all_predict_ens1_1km_all_df is not 540261."
[1] "2004:nrow is of 591869"
[1] "2006:287:The number of rows in all_predict_ens1_200m_urban_df is not 230825."
[1] "2006:287:nrow:246332"
[1] "2006:288"
[1] "2006:288:The number of rows in all_predict_ens1_1km_all_df is not 540261."
[1] "2006:nrow is of 591869"
[1] "2004:348:The number of rows in all_predict_ens1_200m_urban_df is not 230825."
[1] "2004:348:nrow:246332"
[1] "2004:349"
[1] "2004:349:The number of rows in all_predict_ens1_1km_all_df is not 540261."
[1] "2004:nrow is of 591869"
[1] "2006:288:The number of rows in all_predict_ens1_200m_urban_df is not 230825."
[1] "2006:288:nrow:246332"
[1] "2006:289"
[1] "2006:289:The number of rows in all_predict_ens1_1km_all_df is not 540261."
[1] "2006:nrow is of 591869"
[1] "2004:349:The number of rows in all_predict_ens1_200m_urban_df is not 230825."
[1] "2004:349:nrow:246332"
[1] "2004:350"
[1] "2004:350:The number of rows in all_predict_ens1_1km_all_df is not 540261."
[1] "2004:nrow is of 591869"
[1] "2006:289:The number of rows in all_predict_ens1_200m_urban_df is not 230825."
[1] "2006:289:nrow:246332"
[1] "2006:290"
[1] "2006:290:The number of rows in all_predict_ens1_1km_all_df is not 540261."
[1] "2006:nrow is of 591869"
[1] "2004:350:The number of rows in all_predict_ens1_200m_urban_df is not 230825."
[1] "2004:350:nrow:246332"
[1] "2004:351"
[1] "2004:351:The number of rows in all_predict_ens1_1km_all_df is not 540261."
[1] "2004:nrow is of 591869"
[1] "2006:290:The number of rows in all_predict_ens1_200m_urban_df is not 230825."
[1] "2006:290:nrow:246332"
[1] "2006:291"
[1] "2006:291:The number of rows in all_predict_ens1_1km_all_df is not 540261."
[1] "2006:nrow is of 591869"
[1] "2004:351:The number of rows in all_predict_ens1_200m_urban_df is not 230825."
[1] "2004:351:nrow:246332"
[1] "2004:352"
[1] "2004:352:The number of rows in all_predict_ens1_1km_all_df is not 540261."
[1] "2004:nrow is of 591869"
[1] "2006:291:The number of rows in all_predict_ens1_200m_urban_df is not 230825."
[1] "2006:291:nrow:246332"
[1] "2006:292"
[1] "2006:292:The number of rows in all_predict_ens1_1km_all_df is not 540261."
[1] "2006:nrow is of 591869"
[1] "2004:352:The number of rows in all_predict_ens1_200m_urban_df is not 230825."
[1] "2004:352:nrow:246332"
[1] "2004:353"
[1] "2004:353:The number of rows in all_predict_ens1_1km_all_df is not 540261."
[1] "2004:nrow is of 591869"
[1] "2005:243:The number of rows in all_predict_ens1_200m_urban_df is not 230825."
[1] "2005:243:nrow:246332"
[1] "2005:244"
[1] "2005:244:The number of rows in all_predict_ens1_1km_all_df is not 540261."
[1] "2005:nrow is of 591869"
[1] "2006:292:The number of rows in all_predict_ens1_200m_urban_df is not 230825."
[1] "2006:292:nrow:246332"
[1] "2006:293"
[1] "2006:293:The number of rows in all_predict_ens1_1km_all_df is not 540261."
[1] "2006:nrow is of 591869"
[1] "2004:353:The number of rows in all_predict_ens1_200m_urban_df is not 230825."
[1] "2004:353:nrow:246332"
[1] "2004:354"
[1] "2004:354:The number of rows in all_predict_ens1_1km_all_df is not 540261."
[1] "2004:nrow is of 591869"
[1] "2005:244:The number of rows in all_predict_ens1_200m_urban_df is not 230825."
[1] "2005:244:nrow:246332"
[1] "2005:245"
[1] "2005:245:The number of rows in all_predict_ens1_1km_all_df is not 540261."
[1] "2005:nrow is of 591869"
[1] "2006:293:The number of rows in all_predict_ens1_200m_urban_df is not 230825."
[1] "2006:293:nrow:246332"
[1] "2006:294"
[1] "2006:294:The number of rows in all_predict_ens1_1km_all_df is not 540261."
[1] "2006:nrow is of 591869"
[1] "2004:354:The number of rows in all_predict_ens1_200m_urban_df is not 230825."
[1] "2004:354:nrow:246332"
[1] "2004:355"
[1] "2004:355:The number of rows in all_predict_ens1_1km_all_df is not 540261."
[1] "2004:nrow is of 591869"
[1] "2005:245:The number of rows in all_predict_ens1_200m_urban_df is not 230825."
[1] "2005:245:nrow:246332"
[1] "2005:246"
[1] "2005:246:The number of rows in all_predict_ens1_1km_all_df is not 540261."
[1] "2005:nrow is of 591869"
[1] "2006:294:The number of rows in all_predict_ens1_200m_urban_df is not 230825."
[1] "2006:294:nrow:246332"
[1] "2006:295"
[1] "2006:295:The number of rows in all_predict_ens1_1km_all_df is not 540261."
[1] "2006:nrow is of 591869"
[1] "2004:355:The number of rows in all_predict_ens1_200m_urban_df is not 230825."
[1] "2004:355:nrow:246332"
[1] "2004:356"
[1] "2004:356:The number of rows in all_predict_ens1_1km_all_df is not 540261."
[1] "2004:nrow is of 591869"
[1] "2005:246:The number of rows in all_predict_ens1_200m_urban_df is not 230825."
[1] "2005:246:nrow:246332"
[1] "2005:247"
[1] "2006:295:The number of rows in all_predict_ens1_200m_urban_df is not 230825."
[1] "2006:295:nrow:246332"
[1] "2006:296"
[1] "2005:247:The number of rows in all_predict_ens1_1km_all_df is not 540261."
[1] "2005:nrow is of 591869"
[1] "2006:296:The number of rows in all_predict_ens1_1km_all_df is not 540261."
[1] "2006:nrow is of 591869"
[1] "2004:356:The number of rows in all_predict_ens1_200m_urban_df is not 230825."
[1] "2004:356:nrow:246332"
[1] "2004:357"
[1] "2004:357:The number of rows in all_predict_ens1_1km_all_df is not 540261."
[1] "2004:nrow is of 591869"
[1] "2005:247:The number of rows in all_predict_ens1_200m_urban_df is not 230825."
[1] "2005:247:nrow:246332"
[1] "2005:248"
[1] "2006:296:The number of rows in all_predict_ens1_200m_urban_df is not 230825."
[1] "2006:296:nrow:246332"
[1] "2006:297"
[1] "2005:248:The number of rows in all_predict_ens1_1km_all_df is not 540261."
[1] "2005:nrow is of 591869"
[1] "2006:297:The number of rows in all_predict_ens1_1km_all_df is not 540261."
[1] "2006:nrow is of 591869"
[1] "2004:357:The number of rows in all_predict_ens1_200m_urban_df is not 230825."
[1] "2004:357:nrow:246332"
[1] "2004:358"
[1] "2004:358:The number of rows in all_predict_ens1_1km_all_df is not 540261."
[1] "2004:nrow is of 591869"
[1] "2006:297:The number of rows in all_predict_ens1_200m_urban_df is not 230825."
[1] "2006:297:nrow:246332"
[1] "2006:298"
[1] "2004:358:The number of rows in all_predict_ens1_200m_urban_df is not 230825."
[1] "2004:358:nrow:246332"
[1] "2004:359"
[1] "2006:298:The number of rows in all_predict_ens1_1km_all_df is not 540261."
[1] "2006:nrow is of 591869"
[1] "2004:359:The number of rows in all_predict_ens1_1km_all_df is not 540261."
[1] "2004:nrow is of 591869"
[1] "2005:248:The number of rows in all_predict_ens1_200m_urban_df is not 230825."
[1] "2005:248:nrow:246332"
[1] "2005:249"
[1] "2005:249:The number of rows in all_predict_ens1_1km_all_df is not 540261."
[1] "2005:nrow is of 591869"
[1] "2006:298:The number of rows in all_predict_ens1_200m_urban_df is not 230825."
[1] "2006:298:nrow:246332"
[1] "2006:299"
[1] "2004:359:The number of rows in all_predict_ens1_200m_urban_df is not 230825."
[1] "2004:359:nrow:246332"
[1] "2004:360"
[1] "2006:299:The number of rows in all_predict_ens1_1km_all_df is not 540261."
[1] "2006:nrow is of 591869"
[1] "2004:360:The number of rows in all_predict_ens1_1km_all_df is not 540261."
[1] "2004:nrow is of 591869"
[1] "2005:249:The number of rows in all_predict_ens1_200m_urban_df is not 230825."
[1] "2005:249:nrow:246332"
[1] "2005:250"
[1] "2005:250:The number of rows in all_predict_ens1_1km_all_df is not 540261."
[1] "2005:nrow is of 591869"
[1] "2006:299:The number of rows in all_predict_ens1_200m_urban_df is not 230825."
[1] "2006:299:nrow:246332"
[1] "2006:300"
[1] "2004:360:The number of rows in all_predict_ens1_200m_urban_df is not 230825."
[1] "2004:360:nrow:246332"
[1] "2004:361"
[1] "2006:300:The number of rows in all_predict_ens1_1km_all_df is not 540261."
[1] "2006:nrow is of 591869"
[1] "2004:361:The number of rows in all_predict_ens1_1km_all_df is not 540261."
[1] "2004:nrow is of 591869"
[1] "2005:250:The number of rows in all_predict_ens1_200m_urban_df is not 230825."
[1] "2005:250:nrow:246332"
[1] "2005:251"
[1] "2005:251:The number of rows in all_predict_ens1_1km_all_df is not 540261."
[1] "2005:nrow is of 591869"
[1] "2006:300:The number of rows in all_predict_ens1_200m_urban_df is not 230825."
[1] "2006:300:nrow:246332"
[1] "2006:301"
[1] "2004:361:The number of rows in all_predict_ens1_200m_urban_df is not 230825."
[1] "2004:361:nrow:246332"
[1] "2004:362"
[1] "2006:301:The number of rows in all_predict_ens1_1km_all_df is not 540261."
[1] "2006:nrow is of 591869"
[1] "2004:362:The number of rows in all_predict_ens1_1km_all_df is not 540261."
[1] "2004:nrow is of 591869"
[1] "2005:251:The number of rows in all_predict_ens1_200m_urban_df is not 230825."
[1] "2005:251:nrow:246332"
[1] "2005:252"
[1] "2005:252:The number of rows in all_predict_ens1_1km_all_df is not 540261."
[1] "2005:nrow is of 591869"
[1] "2006:301:The number of rows in all_predict_ens1_200m_urban_df is not 230825."
[1] "2006:301:nrow:246332"
[1] "2006:302"
[1] "2006:302:The number of rows in all_predict_ens1_1km_all_df is not 540261."
[1] "2006:nrow is of 591869"
[1] "2004:362:The number of rows in all_predict_ens1_200m_urban_df is not 230825."
[1] "2004:362:nrow:246332"
[1] "2004:363"
[1] "2004:363:The number of rows in all_predict_ens1_1km_all_df is not 540261."
[1] "2004:nrow is of 591869"
[1] "2005:252:The number of rows in all_predict_ens1_200m_urban_df is not 230825."
[1] "2005:252:nrow:246332"
[1] "2005:253"
[1] "2005:253:The number of rows in all_predict_ens1_1km_all_df is not 540261."
[1] "2005:nrow is of 591869"
[1] "2006:302:The number of rows in all_predict_ens1_200m_urban_df is not 230825."
[1] "2006:302:nrow:246332"
[1] "2006:303"
[1] "2004:363:The number of rows in all_predict_ens1_200m_urban_df is not 230825."
[1] "2004:363:nrow:246332"
[1] "2004:364"
[1] "2006:303:The number of rows in all_predict_ens1_1km_all_df is not 540261."
[1] "2006:nrow is of 591869"
[1] "2004:364:The number of rows in all_predict_ens1_1km_all_df is not 540261."
[1] "2004:nrow is of 591869"
[1] "2006:303:The number of rows in all_predict_ens1_200m_urban_df is not 230825."
[1] "2006:303:nrow:246332"
[1] "2006:304"
[1] "2004:364:The number of rows in all_predict_ens1_200m_urban_df is not 230825."
[1] "2004:364:nrow:246332"
[1] "2004:365"
[1] "2005:253:The number of rows in all_predict_ens1_200m_urban_df is not 230825."
[1] "2005:253:nrow:246332"
[1] "2005:254"
[1] "2006:304:The number of rows in all_predict_ens1_1km_all_df is not 540261."
[1] "2006:nrow is of 591869"
[1] "2004:365:The number of rows in all_predict_ens1_1km_all_df is not 540261."
[1] "2004:nrow is of 591869"
[1] "2005:254:The number of rows in all_predict_ens1_1km_all_df is not 540261."
[1] "2005:nrow is of 591869"
[1] "2006:304:The number of rows in all_predict_ens1_200m_urban_df is not 230825."
[1] "2006:304:nrow:246332"
[1] "2006:305"
[1] "2005:254:The number of rows in all_predict_ens1_200m_urban_df is not 230825."
[1] "2005:254:nrow:246332"
[1] "2005:255"
[1] "2004:365:The number of rows in all_predict_ens1_200m_urban_df is not 230825."
[1] "2004:365:nrow:246332"
[1] "2004:366"
[1] "2006:305:The number of rows in all_predict_ens1_1km_all_df is not 540261."
[1] "2006:nrow is of 591869"
[1] "2005:255:The number of rows in all_predict_ens1_1km_all_df is not 540261."
[1] "2005:nrow is of 591869"
[1] "2004:366:The number of rows in all_predict_ens1_1km_all_df is not 540261."
[1] "2004:nrow is of 591869"
[1] "2006:305:The number of rows in all_predict_ens1_200m_urban_df is not 230825."
[1] "2006:305:nrow:246332"
[1] "2006:306"
[1] "2005:255:The number of rows in all_predict_ens1_200m_urban_df is not 230825."
[1] "2005:255:nrow:246332"
[1] "2005:256"
[1] "2006:306:The number of rows in all_predict_ens1_1km_all_df is not 540261."
[1] "2006:nrow is of 591869"
[1] "2004:366:The number of rows in all_predict_ens1_200m_urban_df is not 230825."
[1] "2004:366:nrow:246332"
[1] "2005:256:The number of rows in all_predict_ens1_1km_all_df is not 540261."
[1] "2005:nrow is of 591869"
[1] "2006:306:The number of rows in all_predict_ens1_200m_urban_df is not 230825."
[1] "2006:306:nrow:246332"
[1] "2006:307"
[1] "2006:307:The number of rows in all_predict_ens1_1km_all_df is not 540261."
[1] "2006:nrow is of 591869"
[1] "2005:256:The number of rows in all_predict_ens1_200m_urban_df is not 230825."
[1] "2005:256:nrow:246332"
[1] "2005:257"
[1] "2005:257:The number of rows in all_predict_ens1_1km_all_df is not 540261."
[1] "2005:nrow is of 591869"
[1] "2006:307:The number of rows in all_predict_ens1_200m_urban_df is not 230825."
[1] "2006:307:nrow:246332"
[1] "2006:308"
[1] "2006:308:The number of rows in all_predict_ens1_1km_all_df is not 540261."
[1] "2006:nrow is of 591869"
[1] "2005:257:The number of rows in all_predict_ens1_200m_urban_df is not 230825."
[1] "2005:257:nrow:246332"
[1] "2005:258"
[1] "2005:258:The number of rows in all_predict_ens1_1km_all_df is not 540261."
[1] "2005:nrow is of 591869"
[1] "2006:308:The number of rows in all_predict_ens1_200m_urban_df is not 230825."
[1] "2006:308:nrow:246332"
[1] "2006:309"
[1] "2006:309:The number of rows in all_predict_ens1_1km_all_df is not 540261."
[1] "2006:nrow is of 591869"
[1] "2005:258:The number of rows in all_predict_ens1_200m_urban_df is not 230825."
[1] "2005:258:nrow:246332"
[1] "2005:259"
[1] "2006:309:The number of rows in all_predict_ens1_200m_urban_df is not 230825."
[1] "2006:309:nrow:246332"
[1] "2006:310"
[1] "2005:259:The number of rows in all_predict_ens1_1km_all_df is not 540261."
[1] "2005:nrow is of 591869"
[1] "2006:310:The number of rows in all_predict_ens1_1km_all_df is not 540261."
[1] "2006:nrow is of 591869"
[1] "2005:259:The number of rows in all_predict_ens1_200m_urban_df is not 230825."
[1] "2005:259:nrow:246332"
[1] "2005:260"
[1] "2006:310:The number of rows in all_predict_ens1_200m_urban_df is not 230825."
[1] "2006:310:nrow:246332"
[1] "2006:311"
[1] "2005:260:The number of rows in all_predict_ens1_1km_all_df is not 540261."
[1] "2005:nrow is of 591869"
[1] "2006:311:The number of rows in all_predict_ens1_1km_all_df is not 540261."
[1] "2006:nrow is of 591869"
[1] "2005:260:The number of rows in all_predict_ens1_200m_urban_df is not 230825."
[1] "2005:260:nrow:246332"
[1] "2005:261"
[1] "2006:311:The number of rows in all_predict_ens1_200m_urban_df is not 230825."
[1] "2006:311:nrow:246332"
[1] "2006:312"
[1] "2005:261:The number of rows in all_predict_ens1_1km_all_df is not 540261."
[1] "2005:nrow is of 591869"
[1] "2006:312:The number of rows in all_predict_ens1_1km_all_df is not 540261."
[1] "2006:nrow is of 591869"
[1] "2005:261:The number of rows in all_predict_ens1_200m_urban_df is not 230825."
[1] "2005:261:nrow:246332"
[1] "2005:262"
[1] "2006:312:The number of rows in all_predict_ens1_200m_urban_df is not 230825."
[1] "2006:312:nrow:246332"
[1] "2006:313"
[1] "2005:262:The number of rows in all_predict_ens1_1km_all_df is not 540261."
[1] "2005:nrow is of 591869"
[1] "2006:313:The number of rows in all_predict_ens1_1km_all_df is not 540261."
[1] "2006:nrow is of 591869"
[1] "2005:262:The number of rows in all_predict_ens1_200m_urban_df is not 230825."
[1] "2005:262:nrow:246332"
[1] "2005:263"
[1] "2006:313:The number of rows in all_predict_ens1_200m_urban_df is not 230825."
[1] "2006:313:nrow:246332"
[1] "2006:314"
[1] "2005:263:The number of rows in all_predict_ens1_1km_all_df is not 540261."
[1] "2005:nrow is of 591869"
[1] "2006:314:The number of rows in all_predict_ens1_1km_all_df is not 540261."
[1] "2006:nrow is of 591869"
[1] "2006:314:The number of rows in all_predict_ens1_200m_urban_df is not 230825."
[1] "2006:314:nrow:246332"
[1] "2006:315"
[1] "2006:315:The number of rows in all_predict_ens1_1km_all_df is not 540261."
[1] "2006:nrow is of 591869"
[1] "2005:263:The number of rows in all_predict_ens1_200m_urban_df is not 230825."
[1] "2005:263:nrow:246332"
[1] "2005:264"
[1] "2005:264:The number of rows in all_predict_ens1_1km_all_df is not 540261."
[1] "2005:nrow is of 591869"
[1] "2006:315:The number of rows in all_predict_ens1_200m_urban_df is not 230825."
[1] "2006:315:nrow:246332"
[1] "2006:316"
[1] "2006:316:The number of rows in all_predict_ens1_1km_all_df is not 540261."
[1] "2006:nrow is of 591869"
[1] "2005:264:The number of rows in all_predict_ens1_200m_urban_df is not 230825."
[1] "2005:264:nrow:246332"
[1] "2005:265"
[1] "2005:265:The number of rows in all_predict_ens1_1km_all_df is not 540261."
[1] "2005:nrow is of 591869"
[1] "2006:316:The number of rows in all_predict_ens1_200m_urban_df is not 230825."
[1] "2006:316:nrow:246332"
[1] "2006:317"
[1] "2006:317:The number of rows in all_predict_ens1_1km_all_df is not 540261."
[1] "2006:nrow is of 591869"
[1] "2005:265:The number of rows in all_predict_ens1_200m_urban_df is not 230825."
[1] "2005:265:nrow:246332"
[1] "2005:266"
[1] "2005:266:The number of rows in all_predict_ens1_1km_all_df is not 540261."
[1] "2005:nrow is of 591869"
[1] "2006:317:The number of rows in all_predict_ens1_200m_urban_df is not 230825."
[1] "2006:317:nrow:246332"
[1] "2006:318"
[1] "2006:318:The number of rows in all_predict_ens1_1km_all_df is not 540261."
[1] "2006:nrow is of 591869"
[1] "2005:266:The number of rows in all_predict_ens1_200m_urban_df is not 230825."
[1] "2005:266:nrow:246332"
[1] "2005:267"
[1] "2005:267:The number of rows in all_predict_ens1_1km_all_df is not 540261."
[1] "2005:nrow is of 591869"
[1] "2006:318:The number of rows in all_predict_ens1_200m_urban_df is not 230825."
[1] "2006:318:nrow:246332"
[1] "2006:319"
[1] "2006:319:The number of rows in all_predict_ens1_1km_all_df is not 540261."
[1] "2006:nrow is of 591869"
[1] "2006:319:The number of rows in all_predict_ens1_200m_urban_df is not 230825."
[1] "2006:319:nrow:246332"
[1] "2006:320"
[1] "2005:267:The number of rows in all_predict_ens1_200m_urban_df is not 230825."
[1] "2005:267:nrow:246332"
[1] "2005:268"
[1] "2006:320:The number of rows in all_predict_ens1_1km_all_df is not 540261."
[1] "2006:nrow is of 591869"
[1] "2005:268:The number of rows in all_predict_ens1_1km_all_df is not 540261."
[1] "2005:nrow is of 591869"
[1] "2006:320:The number of rows in all_predict_ens1_200m_urban_df is not 230825."
[1] "2006:320:nrow:246332"
[1] "2006:321"
[1] "2006:321:The number of rows in all_predict_ens1_1km_all_df is not 540261."
[1] "2006:nrow is of 591869"
[1] "2005:268:The number of rows in all_predict_ens1_200m_urban_df is not 230825."
[1] "2005:268:nrow:246332"
[1] "2005:269"
[1] "2005:269:The number of rows in all_predict_ens1_1km_all_df is not 540261."
[1] "2005:nrow is of 591869"
[1] "2006:321:The number of rows in all_predict_ens1_200m_urban_df is not 230825."
[1] "2006:321:nrow:246332"
[1] "2006:322"
[1] "2006:322:The number of rows in all_predict_ens1_1km_all_df is not 540261."
[1] "2006:nrow is of 591869"
[1] "2005:269:The number of rows in all_predict_ens1_200m_urban_df is not 230825."
[1] "2005:269:nrow:246332"
[1] "2005:270"
[1] "2005:270:The number of rows in all_predict_ens1_1km_all_df is not 540261."
[1] "2005:nrow is of 591869"
[1] "2006:322:The number of rows in all_predict_ens1_200m_urban_df is not 230825."
[1] "2006:322:nrow:246332"
[1] "2006:323"
[1] "2006:323:The number of rows in all_predict_ens1_1km_all_df is not 540261."
[1] "2006:nrow is of 591869"
[1] "2005:270:The number of rows in all_predict_ens1_200m_urban_df is not 230825."
[1] "2005:270:nrow:246332"
[1] "2005:271"
[1] "2005:271:The number of rows in all_predict_ens1_1km_all_df is not 540261."
[1] "2005:nrow is of 591869"
[1] "2006:323:The number of rows in all_predict_ens1_200m_urban_df is not 230825."
[1] "2006:323:nrow:246332"
[1] "2006:324"
[1] "2006:324:The number of rows in all_predict_ens1_1km_all_df is not 540261."
[1] "2006:nrow is of 591869"
[1] "2005:271:The number of rows in all_predict_ens1_200m_urban_df is not 230825."
[1] "2005:271:nrow:246332"
[1] "2005:272"
[1] "2005:272:The number of rows in all_predict_ens1_1km_all_df is not 540261."
[1] "2005:nrow is of 591869"
[1] "2006:324:The number of rows in all_predict_ens1_200m_urban_df is not 230825."
[1] "2006:324:nrow:246332"
[1] "2006:325"
[1] "2006:325:The number of rows in all_predict_ens1_1km_all_df is not 540261."
[1] "2006:nrow is of 591869"
[1] "2006:325:The number of rows in all_predict_ens1_200m_urban_df is not 230825."
[1] "2006:325:nrow:246332"
[1] "2006:326"
[1] "2005:272:The number of rows in all_predict_ens1_200m_urban_df is not 230825."
[1] "2005:272:nrow:246332"
[1] "2005:273"
[1] "2005:273:The number of rows in all_predict_ens1_1km_all_df is not 540261."
[1] "2005:nrow is of 591869"
[1] "2006:326:The number of rows in all_predict_ens1_1km_all_df is not 540261."
[1] "2006:nrow is of 591869"
[1] "2005:273:The number of rows in all_predict_ens1_200m_urban_df is not 230825."
[1] "2005:273:nrow:246332"
[1] "2005:274"
[1] "2006:326:The number of rows in all_predict_ens1_200m_urban_df is not 230825."
[1] "2006:326:nrow:246332"
[1] "2006:327"
[1] "2005:274:The number of rows in all_predict_ens1_1km_all_df is not 540261."
[1] "2005:nrow is of 591869"
[1] "2006:327:The number of rows in all_predict_ens1_1km_all_df is not 540261."
[1] "2006:nrow is of 591869"
[1] "2005:274:The number of rows in all_predict_ens1_200m_urban_df is not 230825."
[1] "2005:274:nrow:246332"
[1] "2005:275"
[1] "2006:327:The number of rows in all_predict_ens1_200m_urban_df is not 230825."
[1] "2006:327:nrow:246332"
[1] "2006:328"
[1] "2006:328:The number of rows in all_predict_ens1_1km_all_df is not 540261."
[1] "2006:nrow is of 591869"
[1] "2005:275:The number of rows in all_predict_ens1_1km_all_df is not 540261."
[1] "2005:nrow is of 591869"
[1] "2006:328:The number of rows in all_predict_ens1_200m_urban_df is not 230825."
[1] "2006:328:nrow:246332"
[1] "2006:329"
[1] "2005:275:The number of rows in all_predict_ens1_200m_urban_df is not 230825."
[1] "2005:275:nrow:246332"
[1] "2005:276"
[1] "2006:329:The number of rows in all_predict_ens1_1km_all_df is not 540261."
[1] "2006:nrow is of 591869"
[1] "2005:276:The number of rows in all_predict_ens1_1km_all_df is not 540261."
[1] "2005:nrow is of 591869"
[1] "2006:329:The number of rows in all_predict_ens1_200m_urban_df is not 230825."
[1] "2006:329:nrow:246332"
[1] "2006:330"
[1] "2005:276:The number of rows in all_predict_ens1_200m_urban_df is not 230825."
[1] "2005:276:nrow:246332"
[1] "2005:277"
[1] "2006:330:The number of rows in all_predict_ens1_1km_all_df is not 540261."
[1] "2006:nrow is of 591869"
[1] "2005:277:The number of rows in all_predict_ens1_1km_all_df is not 540261."
[1] "2005:nrow is of 591869"
[1] "2006:330:The number of rows in all_predict_ens1_200m_urban_df is not 230825."
[1] "2006:330:nrow:246332"
[1] "2006:331"
[1] "2006:331:The number of rows in all_predict_ens1_1km_all_df is not 540261."
[1] "2006:nrow is of 591869"
[1] "2005:277:The number of rows in all_predict_ens1_200m_urban_df is not 230825."
[1] "2005:277:nrow:246332"
[1] "2005:278"
[1] "2006:331:The number of rows in all_predict_ens1_200m_urban_df is not 230825."
[1] "2006:331:nrow:246332"
[1] "2006:332"
[1] "2005:278:The number of rows in all_predict_ens1_1km_all_df is not 540261."
[1] "2005:nrow is of 591869"
[1] "2006:332:The number of rows in all_predict_ens1_1km_all_df is not 540261."
[1] "2006:nrow is of 591869"
[1] "2005:278:The number of rows in all_predict_ens1_200m_urban_df is not 230825."
[1] "2005:278:nrow:246332"
[1] "2005:279"
[1] "2006:332:The number of rows in all_predict_ens1_200m_urban_df is not 230825."
[1] "2006:332:nrow:246332"
[1] "2006:333"
[1] "2005:279:The number of rows in all_predict_ens1_1km_all_df is not 540261."
[1] "2005:nrow is of 591869"
[1] "2006:333:The number of rows in all_predict_ens1_1km_all_df is not 540261."
[1] "2006:nrow is of 591869"
[1] "2006:333:The number of rows in all_predict_ens1_200m_urban_df is not 230825."
[1] "2006:333:nrow:246332"
[1] "2006:334"
[1] "2005:279:The number of rows in all_predict_ens1_200m_urban_df is not 230825."
[1] "2005:279:nrow:246332"
[1] "2005:280"
[1] "2006:334:The number of rows in all_predict_ens1_1km_all_df is not 540261."
[1] "2006:nrow is of 591869"
[1] "2005:280:The number of rows in all_predict_ens1_1km_all_df is not 540261."
[1] "2005:nrow is of 591869"
[1] "2006:334:The number of rows in all_predict_ens1_200m_urban_df is not 230825."
[1] "2006:334:nrow:246332"
[1] "2006:335"
[1] "2005:280:The number of rows in all_predict_ens1_200m_urban_df is not 230825."
[1] "2005:280:nrow:246332"
[1] "2005:281"
[1] "2006:335:The number of rows in all_predict_ens1_1km_all_df is not 540261."
[1] "2006:nrow is of 591869"
[1] "2005:281:The number of rows in all_predict_ens1_1km_all_df is not 540261."
[1] "2005:nrow is of 591869"
[1] "2006:335:The number of rows in all_predict_ens1_200m_urban_df is not 230825."
[1] "2006:335:nrow:246332"
[1] "2006:336"
[1] "2006:336:The number of rows in all_predict_ens1_1km_all_df is not 540261."
[1] "2006:nrow is of 591869"
[1] "2005:281:The number of rows in all_predict_ens1_200m_urban_df is not 230825."
[1] "2005:281:nrow:246332"
[1] "2005:282"
[1] "2005:282:The number of rows in all_predict_ens1_1km_all_df is not 540261."
[1] "2005:nrow is of 591869"
[1] "2006:336:The number of rows in all_predict_ens1_200m_urban_df is not 230825."
[1] "2006:336:nrow:246332"
[1] "2006:337"
[1] "2006:337:The number of rows in all_predict_ens1_1km_all_df is not 540261."
[1] "2006:nrow is of 591869"
[1] "2005:282:The number of rows in all_predict_ens1_200m_urban_df is not 230825."
[1] "2005:282:nrow:246332"
[1] "2005:283"
[1] "2005:283:The number of rows in all_predict_ens1_1km_all_df is not 540261."
[1] "2005:nrow is of 591869"
[1] "2006:337:The number of rows in all_predict_ens1_200m_urban_df is not 230825."
[1] "2006:337:nrow:246332"
[1] "2006:338"
[1] "2006:338:The number of rows in all_predict_ens1_1km_all_df is not 540261."
[1] "2006:nrow is of 591869"
[1] "2005:283:The number of rows in all_predict_ens1_200m_urban_df is not 230825."
[1] "2005:283:nrow:246332"
[1] "2005:284"
[1] "2005:284:The number of rows in all_predict_ens1_1km_all_df is not 540261."
[1] "2005:nrow is of 591869"
[1] "2006:338:The number of rows in all_predict_ens1_200m_urban_df is not 230825."
[1] "2006:338:nrow:246332"
[1] "2006:339"
[1] "2006:339:The number of rows in all_predict_ens1_1km_all_df is not 540261."
[1] "2006:nrow is of 591869"
[1] "2005:284:The number of rows in all_predict_ens1_200m_urban_df is not 230825."
[1] "2005:284:nrow:246332"
[1] "2005:285"
[1] "2005:285:The number of rows in all_predict_ens1_1km_all_df is not 540261."
[1] "2005:nrow is of 591869"
[1] "2006:339:The number of rows in all_predict_ens1_200m_urban_df is not 230825."
[1] "2006:339:nrow:246332"
[1] "2006:340"
[1] "2006:340:The number of rows in all_predict_ens1_1km_all_df is not 540261."
[1] "2006:nrow is of 591869"
[1] "2005:285:The number of rows in all_predict_ens1_200m_urban_df is not 230825."
[1] "2005:285:nrow:246332"
[1] "2005:286"
[1] "2006:340:The number of rows in all_predict_ens1_200m_urban_df is not 230825."
[1] "2006:340:nrow:246332"
[1] "2006:341"
[1] "2006:341:The number of rows in all_predict_ens1_1km_all_df is not 540261."
[1] "2006:nrow is of 591869"
[1] "2005:286:The number of rows in all_predict_ens1_1km_all_df is not 540261."
[1] "2005:nrow is of 591869"
[1] "2006:341:The number of rows in all_predict_ens1_200m_urban_df is not 230825."
[1] "2006:341:nrow:246332"
[1] "2006:342"
[1] "2005:286:The number of rows in all_predict_ens1_200m_urban_df is not 230825."
[1] "2005:286:nrow:246332"
[1] "2005:287"
[1] "2006:342:The number of rows in all_predict_ens1_1km_all_df is not 540261."
[1] "2006:nrow is of 591869"
[1] "2005:287:The number of rows in all_predict_ens1_1km_all_df is not 540261."
[1] "2005:nrow is of 591869"
[1] "2006:342:The number of rows in all_predict_ens1_200m_urban_df is not 230825."
[1] "2006:342:nrow:246332"
[1] "2006:343"
[1] "2005:287:The number of rows in all_predict_ens1_200m_urban_df is not 230825."
[1] "2005:287:nrow:246332"
[1] "2005:288"
[1] "2006:343:The number of rows in all_predict_ens1_1km_all_df is not 540261."
[1] "2006:nrow is of 591869"
[1] "2005:288:The number of rows in all_predict_ens1_1km_all_df is not 540261."
[1] "2005:nrow is of 591869"
[1] "2006:343:The number of rows in all_predict_ens1_200m_urban_df is not 230825."
[1] "2006:343:nrow:246332"
[1] "2006:344"
[1] "2005:288:The number of rows in all_predict_ens1_200m_urban_df is not 230825."
[1] "2005:288:nrow:246332"
[1] "2005:289"
[1] "2007:365"
[1] "2006:344:The number of rows in all_predict_ens1_1km_all_df is not 540261."
[1] "2006:nrow is of 591869"
[1] "2005:289:The number of rows in all_predict_ens1_1km_all_df is not 540261."
[1] "2005:nrow is of 591869"
[1] "2006:344:The number of rows in all_predict_ens1_200m_urban_df is not 230825."
[1] "2006:344:nrow:246332"
[1] "2006:345"
[1] "2005:289:The number of rows in all_predict_ens1_200m_urban_df is not 230825."
[1] "2005:289:nrow:246332"
[1] "2005:290"
[1] "2006:345:The number of rows in all_predict_ens1_1km_all_df is not 540261."
[1] "2006:nrow is of 591869"
[1] "2005:290:The number of rows in all_predict_ens1_1km_all_df is not 540261."
[1] "2005:nrow is of 591869"
[1] "2006:345:The number of rows in all_predict_ens1_200m_urban_df is not 230825."
[1] "2006:345:nrow:246332"
[1] "2006:346"
[1] "2006:346:The number of rows in all_predict_ens1_1km_all_df is not 540261."
[1] "2006:nrow is of 591869"
[1] "2006:346:The number of rows in all_predict_ens1_200m_urban_df is not 230825."
[1] "2006:346:nrow:246332"
[1] "2006:347"
[1] "2005:290:The number of rows in all_predict_ens1_200m_urban_df is not 230825."
[1] "2005:290:nrow:246332"
[1] "2005:291"
[1] "2005:291:The number of rows in all_predict_ens1_1km_all_df is not 540261."
[1] "2005:nrow is of 591869"
[1] "2006:347:The number of rows in all_predict_ens1_1km_all_df is not 540261."
[1] "2006:nrow is of 591869"
[1] "2005:291:The number of rows in all_predict_ens1_200m_urban_df is not 230825."
[1] "2005:291:nrow:246332"
[1] "2005:292"
[1] "2006:347:The number of rows in all_predict_ens1_200m_urban_df is not 230825."
[1] "2006:347:nrow:246332"
[1] "2006:348"
[1] "2006:348:The number of rows in all_predict_ens1_1km_all_df is not 540261."
[1] "2006:nrow is of 591869"
[1] "2005:292:The number of rows in all_predict_ens1_1km_all_df is not 540261."
[1] "2005:nrow is of 591869"
[1] "2006:348:The number of rows in all_predict_ens1_200m_urban_df is not 230825."
[1] "2006:348:nrow:246332"
[1] "2006:349"
[1] "2005:292:The number of rows in all_predict_ens1_200m_urban_df is not 230825."
[1] "2005:292:nrow:246332"
[1] "2005:293"
[1] "2006:349:The number of rows in all_predict_ens1_1km_all_df is not 540261."
[1] "2006:nrow is of 591869"
[1] "2005:293:The number of rows in all_predict_ens1_1km_all_df is not 540261."
[1] "2005:nrow is of 591869"
[1] "2006:349:The number of rows in all_predict_ens1_200m_urban_df is not 230825."
[1] "2006:349:nrow:246332"
[1] "2006:350"
[1] "2005:293:The number of rows in all_predict_ens1_200m_urban_df is not 230825."
[1] "2005:293:nrow:246332"
[1] "2005:294"
[1] "2006:350:The number of rows in all_predict_ens1_1km_all_df is not 540261."
[1] "2006:nrow is of 591869"
[1] "2005:294:The number of rows in all_predict_ens1_1km_all_df is not 540261."
[1] "2005:nrow is of 591869"
[1] "2006:350:The number of rows in all_predict_ens1_200m_urban_df is not 230825."
[1] "2006:350:nrow:246332"
[1] "2006:351"
[1] "2006:351:The number of rows in all_predict_ens1_1km_all_df is not 540261."
[1] "2006:nrow is of 591869"
[1] "2005:294:The number of rows in all_predict_ens1_200m_urban_df is not 230825."
[1] "2005:294:nrow:246332"
[1] "2005:295"
[1] "2006:351:The number of rows in all_predict_ens1_200m_urban_df is not 230825."
[1] "2006:351:nrow:246332"
[1] "2006:352"
[1] "2005:295:The number of rows in all_predict_ens1_1km_all_df is not 540261."
[1] "2005:nrow is of 591869"
[1] "2006:352:The number of rows in all_predict_ens1_1km_all_df is not 540261."
[1] "2006:nrow is of 591869"
[1] "2005:295:The number of rows in all_predict_ens1_200m_urban_df is not 230825."
[1] "2005:295:nrow:246332"
[1] "2005:296"
[1] "2006:352:The number of rows in all_predict_ens1_200m_urban_df is not 230825."
[1] "2006:352:nrow:246332"
[1] "2006:353"
[1] "2005:296:The number of rows in all_predict_ens1_1km_all_df is not 540261."
[1] "2005:nrow is of 591869"
[1] "2006:353:The number of rows in all_predict_ens1_1km_all_df is not 540261."
[1] "2006:nrow is of 591869"
[1] "2005:296:The number of rows in all_predict_ens1_200m_urban_df is not 230825."
[1] "2005:296:nrow:246332"
[1] "2005:297"
[1] "2006:353:The number of rows in all_predict_ens1_200m_urban_df is not 230825."
[1] "2006:353:nrow:246332"
[1] "2006:354"
[1] "2005:297:The number of rows in all_predict_ens1_1km_all_df is not 540261."
[1] "2005:nrow is of 591869"
[1] "2005:297:The number of rows in all_predict_ens1_200m_urban_df is not 230825."
[1] "2005:297:nrow:246332"
[1] "2005:298"
[1] "2005:298:The number of rows in all_predict_ens1_1km_all_df is not 540261."
[1] "2005:nrow is of 591869"
[1] "2005:298:The number of rows in all_predict_ens1_200m_urban_df is not 230825."
[1] "2005:298:nrow:246332"
[1] "2005:299"
[1] "2005:299:The number of rows in all_predict_ens1_1km_all_df is not 540261."
[1] "2005:nrow is of 591869"
[1] "2005:299:The number of rows in all_predict_ens1_200m_urban_df is not 230825."
[1] "2005:299:nrow:246332"
[1] "2005:300"
[1] "2005:300:The number of rows in all_predict_ens1_1km_all_df is not 540261."
[1] "2005:nrow is of 591869"
[1] "2006:354:The number of rows in all_predict_ens1_1km_all_df is not 540261."
[1] "2006:nrow is of 591869"
[1] "2005:300:The number of rows in all_predict_ens1_200m_urban_df is not 230825."
[1] "2005:300:nrow:246332"
[1] "2005:301"
[1] "2005:301:The number of rows in all_predict_ens1_1km_all_df is not 540261."
[1] "2005:nrow is of 591869"
[1] "2006:354:The number of rows in all_predict_ens1_200m_urban_df is not 230825."
[1] "2006:354:nrow:246332"
[1] "2006:355"
[1] "2006:355:The number of rows in all_predict_ens1_1km_all_df is not 540261."
[1] "2006:nrow is of 591869"
[1] "2005:301:The number of rows in all_predict_ens1_200m_urban_df is not 230825."
[1] "2005:301:nrow:246332"
[1] "2005:302"
[1] "2005:302:The number of rows in all_predict_ens1_1km_all_df is not 540261."
[1] "2005:nrow is of 591869"
[1] "2006:355:The number of rows in all_predict_ens1_200m_urban_df is not 230825."
[1] "2006:355:nrow:246332"
[1] "2006:356"
[1] "2006:356:The number of rows in all_predict_ens1_1km_all_df is not 540261."
[1] "2006:nrow is of 591869"
[1] "2005:302:The number of rows in all_predict_ens1_200m_urban_df is not 230825."
[1] "2005:302:nrow:246332"
[1] "2005:303"
[1] "2005:303:The number of rows in all_predict_ens1_1km_all_df is not 540261."
[1] "2005:nrow is of 591869"
[1] "2006:356:The number of rows in all_predict_ens1_200m_urban_df is not 230825."
[1] "2006:356:nrow:246332"
[1] "2006:357"
[1] "2006:357:The number of rows in all_predict_ens1_1km_all_df is not 540261."
[1] "2006:nrow is of 591869"
[1] "2006:357:The number of rows in all_predict_ens1_200m_urban_df is not 230825."
[1] "2006:357:nrow:246332"
[1] "2006:358"
[1] "2005:303:The number of rows in all_predict_ens1_200m_urban_df is not 230825."
[1] "2005:303:nrow:246332"
[1] "2005:304"
[1] "2006:358:The number of rows in all_predict_ens1_1km_all_df is not 540261."
[1] "2006:nrow is of 591869"
[1] "2005:304:The number of rows in all_predict_ens1_1km_all_df is not 540261."
[1] "2005:nrow is of 591869"
[1] "2005:304:The number of rows in all_predict_ens1_200m_urban_df is not 230825."
[1] "2005:304:nrow:246332"
[1] "2005:305"
[1] "2006:358:The number of rows in all_predict_ens1_200m_urban_df is not 230825."
[1] "2006:358:nrow:246332"
[1] "2006:359"
[1] "2005:305:The number of rows in all_predict_ens1_1km_all_df is not 540261."
[1] "2005:nrow is of 591869"
[1] "2006:359:The number of rows in all_predict_ens1_1km_all_df is not 540261."
[1] "2006:nrow is of 591869"
[1] "2006:359:The number of rows in all_predict_ens1_200m_urban_df is not 230825."
[1] "2006:359:nrow:246332"
[1] "2006:360"
[1] "2005:305:The number of rows in all_predict_ens1_200m_urban_df is not 230825."
[1] "2005:305:nrow:246332"
[1] "2005:306"
[1] "2006:360:The number of rows in all_predict_ens1_1km_all_df is not 540261."
[1] "2006:nrow is of 591869"
[1] "2005:306:The number of rows in all_predict_ens1_1km_all_df is not 540261."
[1] "2005:nrow is of 591869"
[1] "2006:360:The number of rows in all_predict_ens1_200m_urban_df is not 230825."
[1] "2006:360:nrow:246332"
[1] "2006:361"
[1] "2005:306:The number of rows in all_predict_ens1_200m_urban_df is not 230825."
[1] "2005:306:nrow:246332"
[1] "2005:307"
[1] "2006:361:The number of rows in all_predict_ens1_1km_all_df is not 540261."
[1] "2006:nrow is of 591869"
[1] "2005:307:The number of rows in all_predict_ens1_1km_all_df is not 540261."
[1] "2005:nrow is of 591869"
[1] "2006:361:The number of rows in all_predict_ens1_200m_urban_df is not 230825."
[1] "2006:361:nrow:246332"
[1] "2006:362"
[1] "2006:362:The number of rows in all_predict_ens1_1km_all_df is not 540261."
[1] "2006:nrow is of 591869"
[1] "2005:307:The number of rows in all_predict_ens1_200m_urban_df is not 230825."
[1] "2005:307:nrow:246332"
[1] "2005:308"
[1] "2005:308:The number of rows in all_predict_ens1_1km_all_df is not 540261."
[1] "2005:nrow is of 591869"
[1] "2006:362:The number of rows in all_predict_ens1_200m_urban_df is not 230825."
[1] "2006:362:nrow:246332"
[1] "2006:363"
[1] "2006:363:The number of rows in all_predict_ens1_1km_all_df is not 540261."
[1] "2006:nrow is of 591869"
[1] "2005:308:The number of rows in all_predict_ens1_200m_urban_df is not 230825."
[1] "2005:308:nrow:246332"
[1] "2005:309"
[1] "2005:309:The number of rows in all_predict_ens1_1km_all_df is not 540261."
[1] "2005:nrow is of 591869"
[1] "2006:363:The number of rows in all_predict_ens1_200m_urban_df is not 230825."
[1] "2006:363:nrow:246332"
[1] "2006:364"
[1] "2006:364:The number of rows in all_predict_ens1_1km_all_df is not 540261."
[1] "2006:nrow is of 591869"
[1] "2005:309:The number of rows in all_predict_ens1_200m_urban_df is not 230825."
[1] "2005:309:nrow:246332"
[1] "2005:310"
[1] "2006:364:The number of rows in all_predict_ens1_200m_urban_df is not 230825."
[1] "2006:364:nrow:246332"
[1] "2006:365"
[1] "2005:310:The number of rows in all_predict_ens1_1km_all_df is not 540261."
[1] "2005:nrow is of 591869"
[1] "2006:365:The number of rows in all_predict_ens1_1km_all_df is not 540261."
[1] "2006:nrow is of 591869"
[1] "2005:310:The number of rows in all_predict_ens1_200m_urban_df is not 230825."
[1] "2005:310:nrow:246332"
[1] "2005:311"
[1] "2006:365:The number of rows in all_predict_ens1_200m_urban_df is not 230825."
[1] "2006:365:nrow:246332"
[1] "2005:311:The number of rows in all_predict_ens1_1km_all_df is not 540261."
[1] "2005:nrow is of 591869"
[1] "2005:311:The number of rows in all_predict_ens1_200m_urban_df is not 230825."
[1] "2005:311:nrow:246332"
[1] "2005:312"
[1] "2005:312:The number of rows in all_predict_ens1_1km_all_df is not 540261."
[1] "2005:nrow is of 591869"
[1] "2005:312:The number of rows in all_predict_ens1_200m_urban_df is not 230825."
[1] "2005:312:nrow:246332"
[1] "2005:313"
[1] "2005:313:The number of rows in all_predict_ens1_1km_all_df is not 540261."
[1] "2005:nrow is of 591869"
[1] "2005:313:The number of rows in all_predict_ens1_200m_urban_df is not 230825."
[1] "2005:313:nrow:246332"
[1] "2005:314"
[1] "2005:314:The number of rows in all_predict_ens1_1km_all_df is not 540261."
[1] "2005:nrow is of 591869"
[1] "2008:366"
[1] "2005:314:The number of rows in all_predict_ens1_200m_urban_df is not 230825."
[1] "2005:314:nrow:246332"
[1] "2005:315"
[1] "2005:315:The number of rows in all_predict_ens1_1km_all_df is not 540261."
[1] "2005:nrow is of 591869"
[1] "2005:315:The number of rows in all_predict_ens1_200m_urban_df is not 230825."
[1] "2005:315:nrow:246332"
[1] "2005:316"
[1] "2005:316:The number of rows in all_predict_ens1_1km_all_df is not 540261."
[1] "2005:nrow is of 591869"
[1] "2005:316:The number of rows in all_predict_ens1_200m_urban_df is not 230825."
[1] "2005:316:nrow:246332"
[1] "2005:317"
[1] "2005:317:The number of rows in all_predict_ens1_1km_all_df is not 540261."
[1] "2005:nrow is of 591869"
[1] "2005:317:The number of rows in all_predict_ens1_200m_urban_df is not 230825."
[1] "2005:317:nrow:246332"
[1] "2005:318"
[1] "2005:318:The number of rows in all_predict_ens1_1km_all_df is not 540261."
[1] "2005:nrow is of 591869"
[1] "2005:318:The number of rows in all_predict_ens1_200m_urban_df is not 230825."
[1] "2005:318:nrow:246332"
[1] "2005:319"
[1] "2005:319:The number of rows in all_predict_ens1_1km_all_df is not 540261."
[1] "2005:nrow is of 591869"
[1] "2005:319:The number of rows in all_predict_ens1_200m_urban_df is not 230825."
[1] "2005:319:nrow:246332"
[1] "2005:320"
[1] "2005:320:The number of rows in all_predict_ens1_1km_all_df is not 540261."
[1] "2005:nrow is of 591869"
[1] "2005:320:The number of rows in all_predict_ens1_200m_urban_df is not 230825."
[1] "2005:320:nrow:246332"
[1] "2005:321"
[1] "2005:321:The number of rows in all_predict_ens1_1km_all_df is not 540261."
[1] "2005:nrow is of 591869"
[1] "2005:321:The number of rows in all_predict_ens1_200m_urban_df is not 230825."
[1] "2005:321:nrow:246332"
[1] "2005:322"
[1] "2005:322:The number of rows in all_predict_ens1_1km_all_df is not 540261."
[1] "2005:nrow is of 591869"
[1] "2005:322:The number of rows in all_predict_ens1_200m_urban_df is not 230825."
[1] "2005:322:nrow:246332"
[1] "2005:323"
[1] "2005:323:The number of rows in all_predict_ens1_1km_all_df is not 540261."
[1] "2005:nrow is of 591869"
[1] "2005:323:The number of rows in all_predict_ens1_200m_urban_df is not 230825."
[1] "2005:323:nrow:246332"
[1] "2005:324"
[1] "2005:324:The number of rows in all_predict_ens1_1km_all_df is not 540261."
[1] "2005:nrow is of 591869"
[1] "2005:324:The number of rows in all_predict_ens1_200m_urban_df is not 230825."
[1] "2005:324:nrow:246332"
[1] "2005:325"
[1] "2005:325:The number of rows in all_predict_ens1_1km_all_df is not 540261."
[1] "2005:nrow is of 591869"
[1] "2005:325:The number of rows in all_predict_ens1_200m_urban_df is not 230825."
[1] "2005:325:nrow:246332"
[1] "2005:326"
[1] "2005:326:The number of rows in all_predict_ens1_1km_all_df is not 540261."
[1] "2005:nrow is of 591869"
[1] "2005:326:The number of rows in all_predict_ens1_200m_urban_df is not 230825."
[1] "2005:326:nrow:246332"
[1] "2005:327"
[1] "2005:327:The number of rows in all_predict_ens1_1km_all_df is not 540261."
[1] "2005:nrow is of 591869"
[1] "2005:327:The number of rows in all_predict_ens1_200m_urban_df is not 230825."
[1] "2005:327:nrow:246332"
[1] "2005:328"
[1] "2005:328:The number of rows in all_predict_ens1_1km_all_df is not 540261."
[1] "2005:nrow is of 591869"
[1] "2005:328:The number of rows in all_predict_ens1_200m_urban_df is not 230825."
[1] "2005:328:nrow:246332"
[1] "2005:329"
[1] "2005:329:The number of rows in all_predict_ens1_1km_all_df is not 540261."
[1] "2005:nrow is of 591869"
[1] "2005:329:The number of rows in all_predict_ens1_200m_urban_df is not 230825."
[1] "2005:329:nrow:246332"
[1] "2005:330"
[1] "2005:330:The number of rows in all_predict_ens1_1km_all_df is not 540261."
[1] "2005:nrow is of 591869"
[1] "2005:330:The number of rows in all_predict_ens1_200m_urban_df is not 230825."
[1] "2005:330:nrow:246332"
[1] "2005:331"
[1] "2005:331:The number of rows in all_predict_ens1_1km_all_df is not 540261."
[1] "2005:nrow is of 591869"
[1] "2005:331:The number of rows in all_predict_ens1_200m_urban_df is not 230825."
[1] "2005:331:nrow:246332"
[1] "2005:332"
[1] "2005:332:The number of rows in all_predict_ens1_1km_all_df is not 540261."
[1] "2005:nrow is of 591869"
[1] "2005:332:The number of rows in all_predict_ens1_200m_urban_df is not 230825."
[1] "2005:332:nrow:246332"
[1] "2005:333"
[1] "2005:333:The number of rows in all_predict_ens1_1km_all_df is not 540261."
[1] "2005:nrow is of 591869"
[1] "2005:333:The number of rows in all_predict_ens1_200m_urban_df is not 230825."
[1] "2005:333:nrow:246332"
[1] "2005:334"
[1] "2005:334:The number of rows in all_predict_ens1_1km_all_df is not 540261."
[1] "2005:nrow is of 591869"
[1] "2005:334:The number of rows in all_predict_ens1_200m_urban_df is not 230825."
[1] "2005:334:nrow:246332"
[1] "2005:335"
[1] "2005:335:The number of rows in all_predict_ens1_1km_all_df is not 540261."
[1] "2005:nrow is of 591869"
[1] "2005:335:The number of rows in all_predict_ens1_200m_urban_df is not 230825."
[1] "2005:335:nrow:246332"
[1] "2005:336"
[1] "2005:336:The number of rows in all_predict_ens1_1km_all_df is not 540261."
[1] "2005:nrow is of 591869"
[1] "2005:336:The number of rows in all_predict_ens1_200m_urban_df is not 230825."
[1] "2005:336:nrow:246332"
[1] "2005:337"
[1] "2005:337:The number of rows in all_predict_ens1_1km_all_df is not 540261."
[1] "2005:nrow is of 591869"
[1] "2005:337:The number of rows in all_predict_ens1_200m_urban_df is not 230825."
[1] "2005:337:nrow:246332"
[1] "2005:338"
[1] "2005:338:The number of rows in all_predict_ens1_1km_all_df is not 540261."
[1] "2005:nrow is of 591869"
[1] "2005:338:The number of rows in all_predict_ens1_200m_urban_df is not 230825."
[1] "2005:338:nrow:246332"
[1] "2005:339"
[1] "2005:339:The number of rows in all_predict_ens1_1km_all_df is not 540261."
[1] "2005:nrow is of 591869"
[1] "2005:339:The number of rows in all_predict_ens1_200m_urban_df is not 230825."
[1] "2005:339:nrow:246332"
[1] "2005:340"
[1] "2005:340:The number of rows in all_predict_ens1_1km_all_df is not 540261."
[1] "2005:nrow is of 591869"
[1] "2005:340:The number of rows in all_predict_ens1_200m_urban_df is not 230825."
[1] "2005:340:nrow:246332"
[1] "2005:341"
[1] "2005:341:The number of rows in all_predict_ens1_1km_all_df is not 540261."
[1] "2005:nrow is of 591869"
[1] "2005:341:The number of rows in all_predict_ens1_200m_urban_df is not 230825."
[1] "2005:341:nrow:246332"
[1] "2005:342"
[1] "2005:342:The number of rows in all_predict_ens1_1km_all_df is not 540261."
[1] "2005:nrow is of 591869"
[1] "2005:342:The number of rows in all_predict_ens1_200m_urban_df is not 230825."
[1] "2005:342:nrow:246332"
[1] "2005:343"
[1] "2005:343:The number of rows in all_predict_ens1_1km_all_df is not 540261."
[1] "2005:nrow is of 591869"
[1] "2005:343:The number of rows in all_predict_ens1_200m_urban_df is not 230825."
[1] "2005:343:nrow:246332"
[1] "2005:344"
[1] "2005:344:The number of rows in all_predict_ens1_1km_all_df is not 540261."
[1] "2005:nrow is of 591869"
[1] "2005:344:The number of rows in all_predict_ens1_200m_urban_df is not 230825."
[1] "2005:344:nrow:246332"
[1] "2005:345"
[1] "2005:345:The number of rows in all_predict_ens1_1km_all_df is not 540261."
[1] "2005:nrow is of 591869"
[1] "2005:345:The number of rows in all_predict_ens1_200m_urban_df is not 230825."
[1] "2005:345:nrow:246332"
[1] "2005:346"
[1] "2005:346:The number of rows in all_predict_ens1_1km_all_df is not 540261."
[1] "2005:nrow is of 591869"
[1] "2005:346:The number of rows in all_predict_ens1_200m_urban_df is not 230825."
[1] "2005:346:nrow:246332"
[1] "2005:347"
[1] "2005:347:The number of rows in all_predict_ens1_1km_all_df is not 540261."
[1] "2005:nrow is of 591869"
[1] "2005:347:The number of rows in all_predict_ens1_200m_urban_df is not 230825."
[1] "2005:347:nrow:246332"
[1] "2005:348"
[1] "2005:348:The number of rows in all_predict_ens1_1km_all_df is not 540261."
[1] "2005:nrow is of 591869"
[1] "2005:348:The number of rows in all_predict_ens1_200m_urban_df is not 230825."
[1] "2005:348:nrow:246332"
[1] "2005:349"
[1] "2005:349:The number of rows in all_predict_ens1_1km_all_df is not 540261."
[1] "2005:nrow is of 591869"
[1] "2005:349:The number of rows in all_predict_ens1_200m_urban_df is not 230825."
[1] "2005:349:nrow:246332"
[1] "2005:350"
[1] "2005:350:The number of rows in all_predict_ens1_1km_all_df is not 540261."
[1] "2005:nrow is of 591869"
[1] "2005:350:The number of rows in all_predict_ens1_200m_urban_df is not 230825."
[1] "2005:350:nrow:246332"
[1] "2005:351"
[1] "2005:351:The number of rows in all_predict_ens1_1km_all_df is not 540261."
[1] "2005:nrow is of 591869"
[1] "2005:351:The number of rows in all_predict_ens1_200m_urban_df is not 230825."
[1] "2005:351:nrow:246332"
[1] "2005:352"
[1] "2005:352:The number of rows in all_predict_ens1_1km_all_df is not 540261."
[1] "2005:nrow is of 591869"
[1] "2005:352:The number of rows in all_predict_ens1_200m_urban_df is not 230825."
[1] "2005:352:nrow:246332"
[1] "2005:353"
[1] "2005:353:The number of rows in all_predict_ens1_1km_all_df is not 540261."
[1] "2005:nrow is of 591869"
[1] "2005:353:The number of rows in all_predict_ens1_200m_urban_df is not 230825."
[1] "2005:353:nrow:246332"
[1] "2005:354"
[1] "2005:354:The number of rows in all_predict_ens1_1km_all_df is not 540261."
[1] "2005:nrow is of 591869"
[1] "2005:354:The number of rows in all_predict_ens1_200m_urban_df is not 230825."
[1] "2005:354:nrow:246332"
[1] "2005:355"
[1] "2005:355:The number of rows in all_predict_ens1_1km_all_df is not 540261."
[1] "2005:nrow is of 591869"
[1] "2005:355:The number of rows in all_predict_ens1_200m_urban_df is not 230825."
[1] "2005:355:nrow:246332"
[1] "2005:356"
[1] "2005:356:The number of rows in all_predict_ens1_1km_all_df is not 540261."
[1] "2005:nrow is of 591869"
[1] "2005:356:The number of rows in all_predict_ens1_200m_urban_df is not 230825."
[1] "2005:356:nrow:246332"
[1] "2005:357"
[1] "2005:357:The number of rows in all_predict_ens1_1km_all_df is not 540261."
[1] "2005:nrow is of 591869"
[1] "2005:357:The number of rows in all_predict_ens1_200m_urban_df is not 230825."
[1] "2005:357:nrow:246332"
[1] "2005:358"
[1] "2005:358:The number of rows in all_predict_ens1_1km_all_df is not 540261."
[1] "2005:nrow is of 591869"
[1] "2005:358:The number of rows in all_predict_ens1_200m_urban_df is not 230825."
[1] "2005:358:nrow:246332"
[1] "2005:359"
[1] "2005:359:The number of rows in all_predict_ens1_1km_all_df is not 540261."
[1] "2005:nrow is of 591869"
[1] "2005:359:The number of rows in all_predict_ens1_200m_urban_df is not 230825."
[1] "2005:359:nrow:246332"
[1] "2005:360"
[1] "2005:360:The number of rows in all_predict_ens1_1km_all_df is not 540261."
[1] "2005:nrow is of 591869"
[1] "2005:360:The number of rows in all_predict_ens1_200m_urban_df is not 230825."
[1] "2005:360:nrow:246332"
[1] "2005:361"
[1] "2005:361:The number of rows in all_predict_ens1_1km_all_df is not 540261."
[1] "2005:nrow is of 591869"
[1] "2005:361:The number of rows in all_predict_ens1_200m_urban_df is not 230825."
[1] "2005:361:nrow:246332"
[1] "2005:362"
[1] "2005:362:The number of rows in all_predict_ens1_1km_all_df is not 540261."
[1] "2005:nrow is of 591869"
[1] "2005:362:The number of rows in all_predict_ens1_200m_urban_df is not 230825."
[1] "2005:362:nrow:246332"
[1] "2005:363"
[1] "2005:363:The number of rows in all_predict_ens1_1km_all_df is not 540261."
[1] "2005:nrow is of 591869"
[1] "2005:363:The number of rows in all_predict_ens1_200m_urban_df is not 230825."
[1] "2005:363:nrow:246332"
[1] "2005:364"
[1] "2005:364:The number of rows in all_predict_ens1_1km_all_df is not 540261."
[1] "2005:nrow is of 591869"
[1] "2005:364:The number of rows in all_predict_ens1_200m_urban_df is not 230825."
[1] "2005:364:nrow:246332"
[1] "2005:365"
[1] "2005:365:The number of rows in all_predict_ens1_1km_all_df is not 540261."
[1] "2005:nrow is of 591869"
[1] "2005:365:The number of rows in all_predict_ens1_200m_urban_df is not 230825."
[1] "2005:365:nrow:246332"
[1] 1
[1] 31
[1] 31
[1] 61
[1] 61
[1] 92
[1] 92
[1] 122
[1] 122
[1] 153
[1] 153
[1] 183
[1] 183
[1] 213
[1] 213
[1] 244
[1] 244
[1] 274
[1] 274
[1] 305
[1] 305
[1] 335
[1] 335
[1] 365
[1] "2007:The number of rows in all_predict_ens1_200m is not what it should be."
[1] "2007:nrow is of 89912275"
[1] "2007:1"
[1] "2007:1:The number of rows in all_predict_ens1_1km_all_df is not 540261."
[1] "2007:nrow is of 591869"
[1] "2007:1:The number of rows in all_predict_ens1_200m_urban_df is not 230825."
[1] "2007:1:nrow:246332"
[1] "2007:2"
[1] "2007:2:The number of rows in all_predict_ens1_1km_all_df is not 540261."
[1] "2007:nrow is of 591869"
[1] "2007:2:The number of rows in all_predict_ens1_200m_urban_df is not 230825."
[1] "2007:2:nrow:246332"
[1] "2007:3"
[1] "2007:3:The number of rows in all_predict_ens1_1km_all_df is not 540261."
[1] "2007:nrow is of 591869"
[1] "2007:3:The number of rows in all_predict_ens1_200m_urban_df is not 230825."
[1] "2007:3:nrow:246332"
[1] "2007:4"
[1] "2007:4:The number of rows in all_predict_ens1_1km_all_df is not 540261."
[1] "2007:nrow is of 591869"
[1] "2007:4:The number of rows in all_predict_ens1_200m_urban_df is not 230825."
[1] "2007:4:nrow:246332"
[1] "2007:5"
[1] "2007:5:The number of rows in all_predict_ens1_1km_all_df is not 540261."
[1] "2007:nrow is of 591869"
[1] "2007:5:The number of rows in all_predict_ens1_200m_urban_df is not 230825."
[1] "2007:5:nrow:246332"
[1] "2007:6"
[1] "2007:6:The number of rows in all_predict_ens1_1km_all_df is not 540261."
[1] "2007:nrow is of 591869"
[1] "2007:6:The number of rows in all_predict_ens1_200m_urban_df is not 230825."
[1] "2007:6:nrow:246332"
[1] "2007:7"
[1] "2007:7:The number of rows in all_predict_ens1_1km_all_df is not 540261."
[1] "2007:nrow is of 591869"
[1] "2007:7:The number of rows in all_predict_ens1_200m_urban_df is not 230825."
[1] "2007:7:nrow:246332"
[1] "2007:8"
[1] "2007:8:The number of rows in all_predict_ens1_1km_all_df is not 540261."
[1] "2007:nrow is of 591869"
[1] "2007:8:The number of rows in all_predict_ens1_200m_urban_df is not 230825."
[1] "2007:8:nrow:246332"
[1] "2007:9"
[1] "2007:9:The number of rows in all_predict_ens1_1km_all_df is not 540261."
[1] "2007:nrow is of 591869"
[1] "2007:9:The number of rows in all_predict_ens1_200m_urban_df is not 230825."
[1] "2007:9:nrow:246332"
[1] "2007:10"
[1] "2007:10:The number of rows in all_predict_ens1_1km_all_df is not 540261."
[1] "2007:nrow is of 591869"
[1] "2007:10:The number of rows in all_predict_ens1_200m_urban_df is not 230825."
[1] "2007:10:nrow:246332"
[1] "2007:11"
[1] "2007:11:The number of rows in all_predict_ens1_1km_all_df is not 540261."
[1] "2007:nrow is of 591869"
[1] "2007:11:The number of rows in all_predict_ens1_200m_urban_df is not 230825."
[1] "2007:11:nrow:246332"
[1] "2007:12"
[1] "2007:12:The number of rows in all_predict_ens1_1km_all_df is not 540261."
[1] "2007:nrow is of 591869"
[1] "2007:12:The number of rows in all_predict_ens1_200m_urban_df is not 230825."
[1] "2007:12:nrow:246332"
[1] "2007:13"
[1] "2007:13:The number of rows in all_predict_ens1_1km_all_df is not 540261."
[1] "2007:nrow is of 591869"
[1] "2007:13:The number of rows in all_predict_ens1_200m_urban_df is not 230825."
[1] "2007:13:nrow:246332"
[1] "2007:14"
[1] "2007:14:The number of rows in all_predict_ens1_1km_all_df is not 540261."
[1] "2007:nrow is of 591869"
[1] "2007:14:The number of rows in all_predict_ens1_200m_urban_df is not 230825."
[1] "2007:14:nrow:246332"
[1] "2007:15"
[1] "2007:15:The number of rows in all_predict_ens1_1km_all_df is not 540261."
[1] "2007:nrow is of 591869"
[1] "2007:15:The number of rows in all_predict_ens1_200m_urban_df is not 230825."
[1] "2007:15:nrow:246332"
[1] "2007:16"
[1] "2007:16:The number of rows in all_predict_ens1_1km_all_df is not 540261."
[1] "2007:nrow is of 591869"
[1] "2007:16:The number of rows in all_predict_ens1_200m_urban_df is not 230825."
[1] "2007:16:nrow:246332"
[1] "2007:17"
[1] "2007:17:The number of rows in all_predict_ens1_1km_all_df is not 540261."
[1] "2007:nrow is of 591869"
[1] "2007:17:The number of rows in all_predict_ens1_200m_urban_df is not 230825."
[1] "2007:17:nrow:246332"
[1] "2007:18"
[1] "2007:18:The number of rows in all_predict_ens1_1km_all_df is not 540261."
[1] "2007:nrow is of 591869"
[1] "2007:18:The number of rows in all_predict_ens1_200m_urban_df is not 230825."
[1] "2007:18:nrow:246332"
[1] "2007:19"
[1] "2007:19:The number of rows in all_predict_ens1_1km_all_df is not 540261."
[1] "2007:nrow is of 591869"
[1] "2007:19:The number of rows in all_predict_ens1_200m_urban_df is not 230825."
[1] "2007:19:nrow:246332"
[1] "2007:20"
[1] "2007:20:The number of rows in all_predict_ens1_1km_all_df is not 540261."
[1] "2007:nrow is of 591869"
[1] "2007:20:The number of rows in all_predict_ens1_200m_urban_df is not 230825."
[1] "2007:20:nrow:246332"
[1] "2007:21"
[1] "2007:21:The number of rows in all_predict_ens1_1km_all_df is not 540261."
[1] "2007:nrow is of 591869"
[1] "2007:21:The number of rows in all_predict_ens1_200m_urban_df is not 230825."
[1] "2007:21:nrow:246332"
[1] "2007:22"
[1] "2007:22:The number of rows in all_predict_ens1_1km_all_df is not 540261."
[1] "2007:nrow is of 591869"
[1] "2007:22:The number of rows in all_predict_ens1_200m_urban_df is not 230825."
[1] "2007:22:nrow:246332"
[1] "2007:23"
[1] "2007:23:The number of rows in all_predict_ens1_1km_all_df is not 540261."
[1] "2007:nrow is of 591869"
[1] "2007:23:The number of rows in all_predict_ens1_200m_urban_df is not 230825."
[1] "2007:23:nrow:246332"
[1] "2007:24"
[1] "2007:24:The number of rows in all_predict_ens1_1km_all_df is not 540261."
[1] "2007:nrow is of 591869"
[1] "2007:24:The number of rows in all_predict_ens1_200m_urban_df is not 230825."
[1] "2007:24:nrow:246332"
[1] "2007:25"
[1] "2007:25:The number of rows in all_predict_ens1_1km_all_df is not 540261."
[1] "2007:nrow is of 591869"
[1] "2007:25:The number of rows in all_predict_ens1_200m_urban_df is not 230825."
[1] "2007:25:nrow:246332"
[1] "2007:26"
[1] "2007:26:The number of rows in all_predict_ens1_1km_all_df is not 540261."
[1] "2007:nrow is of 591869"
[1] "2007:26:The number of rows in all_predict_ens1_200m_urban_df is not 230825."
[1] "2007:26:nrow:246332"
[1] "2007:27"
[1] "2007:27:The number of rows in all_predict_ens1_1km_all_df is not 540261."
[1] "2007:nrow is of 591869"
[1] "2007:27:The number of rows in all_predict_ens1_200m_urban_df is not 230825."
[1] "2007:27:nrow:246332"
[1] "2007:28"
[1] "2007:28:The number of rows in all_predict_ens1_1km_all_df is not 540261."
[1] "2007:nrow is of 591869"
[1] "2007:28:The number of rows in all_predict_ens1_200m_urban_df is not 230825."
[1] "2007:28:nrow:246332"
[1] "2007:29"
[1] "2007:29:The number of rows in all_predict_ens1_1km_all_df is not 540261."
[1] "2007:nrow is of 591869"
[1] "2007:29:The number of rows in all_predict_ens1_200m_urban_df is not 230825."
[1] "2007:29:nrow:246332"
[1] "2007:30"
[1] "2007:30:The number of rows in all_predict_ens1_1km_all_df is not 540261."
[1] "2007:nrow is of 591869"
[1] "2007:30:The number of rows in all_predict_ens1_200m_urban_df is not 230825."
[1] "2007:30:nrow:246332"
[1] "2007:31"
[1] "2007:31:The number of rows in all_predict_ens1_1km_all_df is not 540261."
[1] "2007:nrow is of 591869"
[1] "2007:31:The number of rows in all_predict_ens1_200m_urban_df is not 230825."
[1] "2007:31:nrow:246332"
[1] "2007:32"
[1] "2007:32:The number of rows in all_predict_ens1_1km_all_df is not 540261."
[1] "2007:nrow is of 591869"
[1] "2007:32:The number of rows in all_predict_ens1_200m_urban_df is not 230825."
[1] "2007:32:nrow:246332"
[1] "2007:33"
[1] "2007:33:The number of rows in all_predict_ens1_1km_all_df is not 540261."
[1] "2007:nrow is of 591869"
[1] 1
[1] 31
[1] "2007:33:The number of rows in all_predict_ens1_200m_urban_df is not 230825."
[1] "2007:33:nrow:246332"
[1] "2007:34"
[1] "2007:34:The number of rows in all_predict_ens1_1km_all_df is not 540261."
[1] "2007:nrow is of 591869"
[1] 31
[1] 62
[1] 62
[1] 92
[1] 92
[1] 123
[1] 123
[1] 153
[1] "2007:34:The number of rows in all_predict_ens1_200m_urban_df is not 230825."
[1] "2007:34:nrow:246332"
[1] "2007:35"
[1] 153
[1] 184
[1] "2007:35:The number of rows in all_predict_ens1_1km_all_df is not 540261."
[1] "2007:nrow is of 591869"
[1] 184
[1] 214
[1] 214
[1] 245
[1] 245
[1] 275
[1] 275
[1] 306
[1] "2007:35:The number of rows in all_predict_ens1_200m_urban_df is not 230825."
[1] "2007:35:nrow:246332"
[1] "2007:36"
[1] 306
[1] 336
[1] "2007:36:The number of rows in all_predict_ens1_1km_all_df is not 540261."
[1] "2007:nrow is of 591869"
[1] 336
[1] 366
[1] "2007:36:The number of rows in all_predict_ens1_200m_urban_df is not 230825."
[1] "2007:36:nrow:246332"
[1] "2007:37"
[1] "2007:37:The number of rows in all_predict_ens1_1km_all_df is not 540261."
[1] "2007:nrow is of 591869"
[1] "2007:37:The number of rows in all_predict_ens1_200m_urban_df is not 230825."
[1] "2007:37:nrow:246332"
[1] "2007:38"
[1] "2008:The number of rows in all_predict_ens1_200m is not what it should be."
[1] "2008:nrow is of 90158610"
[1] "2008:1"
[1] "2008:1:The number of rows in all_predict_ens1_1km_all_df is not 540261."
[1] "2008:nrow is of 591869"
[1] "2008:1:The number of rows in all_predict_ens1_200m_urban_df is not 230825."
[1] "2008:1:nrow:246332"
[1] "2008:2"
[1] "2008:2:The number of rows in all_predict_ens1_1km_all_df is not 540261."
[1] "2008:nrow is of 591869"
[1] "2007:38:The number of rows in all_predict_ens1_1km_all_df is not 540261."
[1] "2007:nrow is of 591869"
[1] "2007:38:The number of rows in all_predict_ens1_200m_urban_df is not 230825."
[1] "2007:38:nrow:246332"
[1] "2007:39"
[1] "2007:39:The number of rows in all_predict_ens1_1km_all_df is not 540261."
[1] "2007:nrow is of 591869"
[1] "2008:2:The number of rows in all_predict_ens1_200m_urban_df is not 230825."
[1] "2008:2:nrow:246332"
[1] "2008:3"
[1] "2007:39:The number of rows in all_predict_ens1_200m_urban_df is not 230825."
[1] "2007:39:nrow:246332"
[1] "2007:40"
[1] "2008:3:The number of rows in all_predict_ens1_1km_all_df is not 540261."
[1] "2008:nrow is of 591869"
[1] "2007:40:The number of rows in all_predict_ens1_1km_all_df is not 540261."
[1] "2007:nrow is of 591869"
[1] "2008:3:The number of rows in all_predict_ens1_200m_urban_df is not 230825."
[1] "2008:3:nrow:246332"
[1] "2008:4"
[1] "2007:40:The number of rows in all_predict_ens1_200m_urban_df is not 230825."
[1] "2007:40:nrow:246332"
[1] "2007:41"
[1] "2008:4:The number of rows in all_predict_ens1_1km_all_df is not 540261."
[1] "2008:nrow is of 591869"
[1] "2007:41:The number of rows in all_predict_ens1_1km_all_df is not 540261."
[1] "2007:nrow is of 591869"
[1] "2007:41:The number of rows in all_predict_ens1_200m_urban_df is not 230825."
[1] "2007:41:nrow:246332"
[1] "2007:42"
[1] "2007:42:The number of rows in all_predict_ens1_1km_all_df is not 540261."
[1] "2007:nrow is of 591869"
[1] "2007:42:The number of rows in all_predict_ens1_200m_urban_df is not 230825."
[1] "2007:42:nrow:246332"
[1] "2007:43"
[1] "2007:43:The number of rows in all_predict_ens1_1km_all_df is not 540261."
[1] "2007:nrow is of 591869"
[1] "2007:43:The number of rows in all_predict_ens1_200m_urban_df is not 230825."
[1] "2007:43:nrow:246332"
[1] "2007:44"he number of rows in all_predict_ens1_200m_urban_df is not 230825."
[1] "2008:4:nrow:246332"
[1] "2008:5"
[1] "2007:44:The number of rows in all_predict_ens1_1km_all_df is not 540261."
[1] "2007:nrow is of 591869"
[1] "2008:5:The number of rows in all_predict_ens1_1km_all_df is not 540261."
[1] "2008:nrow is of 591869"
[1] "2007:44:The number of rows in all_predict_ens1_200m_urban_df is not 230825."
[1] "2007:44:nrow:246332"
[1] "2007:45"
[1] "2008:5:The number of rows in all_predict_ens1_200m_urban_df is not 230825."
[1] "2008:5:nrow:246332"
[1] "2008:6"
[1] "2007:45:The number of rows in all_predict_ens1_1km_all_df is not 540261."
[1] "2007:nrow is of 591869"
[1] "2008:6:The number of rows in all_predict_ens1_1km_all_df is not 540261."
[1] "2008:nrow is of 591869"
[1] "2007:45:The number of rows in all_predict_ens1_200m_urban_df is not 230825."
[1] "2007:45:nrow:246332"
[1] "2007:46"
[1] "2007:46:The number of rows in all_predict_ens1_1km_all_df is not 540261."
[1] "2007:nrow is of 591869"
[1] "2007:46:The number of rows in all_predict_ens1_200m_urban_df is not 230825."
[1] "2007:46:nrow:246332"
[1] "2007:47"
[1] "2007:47:The number of rows in all_predict_ens1_1km_all_df is not 540261."
[1] "2007:nrow is of 591869"
[1] "2007:47:The number of rows in all_predict_ens1_200m_urban_df is not 230825."
[1] "2007:47:nrow:246332"
[1] "2007:48"
[1] "2007:48:The number of rows in all_predict_ens1_1km_all_df is not 540261."
[1] "2007:nrow is of 591869"
[1] "2007:48:The number of rows in all_predict_ens1_200m_urban_df is not 230825."
[1] "2007:48:nrow:246332"
[1] "2007:49"
[1] "2007:49:The number of rows in all_predict_ens1_1km_all_df is not 540261."
[1] "2007:nrow is of 591869"
[1] "2007:49:The number of rows in all_predict_ens1_200m_urban_df is not 230825."
[1] "2007:49:nrow:246332"
[1] "2007:50"
[1] "2007:50:The number of rows in all_predict_ens1_1km_all_df is not 540261."
[1] "2007:nrow is of 591869"
[1] "2007:50:The number of rows in all_predict_ens1_200m_urban_df is not 230825."
[1] "2007:50:nrow:246332"
[1] "2007:51"
[1] "2007:51:The number of rows in all_predict_ens1_1km_all_df is not 540261."
[1] "2007:nrow is of 591869"
[1] "2007:51:The number of rows in all_predict_ens1_200m_urban_df is not 230825."
[1] "2007:51:nrow:246332"
[1] "2007:52"
[1] "2008:6:The number of rows in all_predict_ens1_200m_urban_df is not 230825."
[1] "2008:6:nrow:246332"
[1] "2008:7"
[1] "2007:52:The number of rows in all_predict_ens1_1km_all_df is not 540261."
[1] "2007:nrow is of 591869"
[1] "2008:7:The number of rows in all_predict_ens1_1km_all_df is not 540261."
[1] "2008:nrow is of 591869"
[1] "2007:52:The number of rows in all_predict_ens1_200m_urban_df is not 230825."
[1] "2007:52:nrow:246332"
[1] "2007:53"
[1] "2008:7:The number of rows in all_predict_ens1_200m_urban_df is not 230825."
[1] "2008:7:nrow:246332"
[1] "2008:8"
[1] "2007:53:The number of rows in all_predict_ens1_1km_all_df is not 540261."
[1] "2007:nrow is of 591869"
[1] "2008:8:The number of rows in all_predict_ens1_1km_all_df is not 540261."
[1] "2008:nrow is of 591869"
[1] "2007:53:The number of rows in all_predict_ens1_200m_urban_df is not 230825."
[1] "2007:53:nrow:246332"
[1] "2007:54"
[1] "2008:8:The number of rows in all_predict_ens1_200m_urban_df is not 230825."
[1] "2008:8:nrow:246332"
[1] "2008:9"
[1] "2007:54:The number of rows in all_predict_ens1_1km_all_df is not 540261."
[1] "2007:nrow is of 591869"
[1] "2008:9:The number of rows in all_predict_ens1_1km_all_df is not 540261."
[1] "2008:nrow is of 591869"
[1] "2007:54:The number of rows in all_predict_ens1_200m_urban_df is not 230825."
[1] "2007:54:nrow:246332"
[1] "2007:55"
[1] "2007:55:The number of rows in all_predict_ens1_1km_all_df is not 540261."
[1] "2007:nrow is of 591869"
[1] "2008:9:The number of rows in all_predict_ens1_200m_urban_df is not 230825."
[1] "2008:9:nrow:246332"
[1] "2008:10"
[1] "2008:10:The number of rows in all_predict_ens1_1km_all_df is not 540261."
[1] "2008:nrow is of 591869"
[1] "2007:55:The number of rows in all_predict_ens1_200m_urban_df is not 230825."
[1] "2007:55:nrow:246332"
[1] "2007:56"
[1] "2007:56:The number of rows in all_predict_ens1_1km_all_df is not 540261."
[1] "2007:nrow is of 591869"
[1] "2008:10:The number of rows in all_predict_ens1_200m_urban_df is not 230825."
[1] "2008:10:nrow:246332"
[1] "2008:11"
[1] "2008:11:The number of rows in all_predict_ens1_1km_all_df is not 540261."
[1] "2008:nrow is of 591869"
[1] "2007:56:The number of rows in all_predict_ens1_200m_urban_df is not 230825."
[1] "2007:56:nrow:246332"
[1] "2007:57"
[1] "2007:57:The number of rows in all_predict_ens1_1km_all_df is not 540261."
[1] "2007:nrow is of 591869"
[1] "2007:57:The number of rows in all_predict_ens1_200m_urban_df is not 230825."
[1] "2007:57:nrow:246332"
[1] "2007:58"
[1] "2008:11:The number of rows in all_predict_ens1_200m_urban_df is not 230825."
[1] "2008:11:nrow:246332"
[1] "2008:12"
[1] "2007:58:The number of rows in all_predict_ens1_1km_all_df is not 540261."
[1] "2007:nrow is of 591869"
[1] "2008:12:The number of rows in all_predict_ens1_1km_all_df is not 540261."
[1] "2008:nrow is of 591869"
[1] "2007:58:The number of rows in all_predict_ens1_200m_urban_df is not 230825."
[1] "2007:58:nrow:246332"
[1] "2007:59"
[1] "2008:12:The number of rows in all_predict_ens1_200m_urban_df is not 230825."
[1] "2008:12:nrow:246332"
[1] "2008:13"
[1] "2007:59:The number of rows in all_predict_ens1_1km_all_df is not 540261."
[1] "2007:nrow is of 591869"
[1] "2008:13:The number of rows in all_predict_ens1_1km_all_df is not 540261."
[1] "2008:nrow is of 591869"
[1] "2008:13:The number of rows in all_predict_ens1_200m_urban_df is not 230825."
[1] "2008:13:nrow:246332"
[1] "2008:14"
[1] "2007:59:The number of rows in all_predict_ens1_200m_urban_df is not 230825."
[1] "2007:59:nrow:246332"
[1] "2007:60"
[1] "2007:60:The number of rows in all_predict_ens1_1km_all_df is not 540261."
[1] "2007:nrow is of 591869"
[1] "2008:14:The number of rows in all_predict_ens1_1km_all_df is not 540261."
[1] "2008:nrow is of 591869"
[1] "2007:60:The number of rows in all_predict_ens1_200m_urban_df is not 230825."
[1] "2007:60:nrow:246332"
[1] "2007:61"
[1] "2007:61:The number of rows in all_predict_ens1_1km_all_df is not 540261."
[1] "2007:nrow is of 591869"
[1] "2008:14:The number of rows in all_predict_ens1_200m_urban_df is not 230825."
[1] "2008:14:nrow:246332"
[1] "2008:15"
[1] "2008:15:The number of rows in all_predict_ens1_1km_all_df is not 540261."
[1] "2008:nrow is of 591869"
[1] "2007:61:The number of rows in all_predict_ens1_200m_urban_df is not 230825."
[1] "2007:61:nrow:246332"
[1] "2007:62"
[1] "2007:62:The number of rows in all_predict_ens1_1km_all_df is not 540261."
[1] "2007:nrow is of 591869"
[1] "2008:15:The number of rows in all_predict_ens1_200m_urban_df is not 230825."
[1] "2008:15:nrow:246332"
[1] "2008:16"
[1] "2007:62:The number of rows in all_predict_ens1_200m_urban_df is not 230825."
[1] "2007:62:nrow:246332"
[1] "2007:63"
[1] "2007:63:The number of rows in all_predict_ens1_1km_all_df is not 540261."
[1] "2007:nrow is of 591869"
[1] "2008:16:The number of rows in all_predict_ens1_1km_all_df is not 540261."
[1] "2008:nrow is of 591869"
[1] "2007:63:The number of rows in all_predict_ens1_200m_urban_df is not 230825."
[1] "2007:63:nrow:246332"
[1] "2007:64"
[1] "2007:64:The number of rows in all_predict_ens1_1km_all_df is not 540261."
[1] "2007:nrow is of 591869"
[1] "2008:16:The number of rows in all_predict_ens1_200m_urban_df is not 230825."
[1] "2008:16:nrow:246332"
[1] "2008:17"
[1] "2008:17:The number of rows in all_predict_ens1_1km_all_df is not 540261."
[1] "2008:nrow is of 591869"
[1] "2007:64:The number of rows in all_predict_ens1_200m_urban_df is not 230825."
[1] "2007:64:nrow:246332"
[1] "2007:65"
[1] "2007:65:The number of rows in all_predict_ens1_1km_all_df is not 540261."
[1] "2007:nrow is of 591869"
[1] "2008:17:The number of rows in all_predict_ens1_200m_urban_df is not 230825."
[1] "2008:17:nrow:246332"
[1] "2008:18"
[1] "2008:18:The number of rows in all_predict_ens1_1km_all_df is not 540261."
[1] "2008:nrow is of 591869"
[1] "2007:65:The number of rows in all_predict_ens1_200m_urban_df is not 230825."
[1] "2007:65:nrow:246332"
[1] "2007:66"
[1] "2007:66:The number of rows in all_predict_ens1_1km_all_df is not 540261."
[1] "2007:nrow is of 591869"
[1] "2008:18:The number of rows in all_predict_ens1_200m_urban_df is not 230825."
[1] "2008:18:nrow:246332"
[1] "2008:19"
[1] "2008:19:The number of rows in all_predict_ens1_1km_all_df is not 540261."
[1] "2008:nrow is of 591869"
[1] "2007:66:The number of rows in all_predict_ens1_200m_urban_df is not 230825."
[1] "2007:66:nrow:246332"
[1] "2007:67"
[1] "2007:67:The number of rows in all_predict_ens1_1km_all_df is not 540261."
[1] "2007:nrow is of 591869"
[1] "2008:19:The number of rows in all_predict_ens1_200m_urban_df is not 230825."
[1] "2008:19:nrow:246332"
[1] "2008:20"
[1] "2008:20:The number of rows in all_predict_ens1_1km_all_df is not 540261."
[1] "2008:nrow is of 591869"
[1] "2007:67:The number of rows in all_predict_ens1_200m_urban_df is not 230825."
[1] "2007:67:nrow:246332"
[1] "2007:68"
[1] "2007:68:The number of rows in all_predict_ens1_1km_all_df is not 540261."
[1] "2007:nrow is of 591869"
[1] "2007:68:The number of rows in all_predict_ens1_200m_urban_df is not 230825."
[1] "2007:68:nrow:246332"
[1] "2007:69"
[1] "2007:69:The number of rows in all_predict_ens1_1km_all_df is not 540261."
[1] "2007:nrow is of 591869"
[1] "2008:20:The number of rows in all_predict_ens1_200m_urban_df is not 230825."
[1] "2008:20:nrow:246332"
[1] "2008:21"
[1] "2008:21:The number of rows in all_predict_ens1_1km_all_df is not 540261."
[1] "2008:nrow is of 591869"
[1] "2007:69:The number of rows in all_predict_ens1_200m_urban_df is not 230825."
[1] "2007:69:nrow:246332"
[1] "2007:70"
[1] "2007:70:The number of rows in all_predict_ens1_1km_all_df is not 540261."
[1] "2007:nrow is of 591869"
[1] "2008:21:The number of rows in all_predict_ens1_200m_urban_df is not 230825."
[1] "2008:21:nrow:246332"
[1] "2008:22"
[1] "2008:22:The number of rows in all_predict_ens1_1km_all_df is not 540261."
[1] "2008:nrow is of 591869"
[1] "2007:70:The number of rows in all_predict_ens1_200m_urban_df is not 230825."
[1] "2007:70:nrow:246332"
[1] "2007:71"
[1] "2008:22:The number of rows in all_predict_ens1_200m_urban_df is not 230825."
[1] "2008:22:nrow:246332"
[1] "2008:23"
[1] "2007:71:The number of rows in all_predict_ens1_1km_all_df is not 540261."
[1] "2007:nrow is of 591869"
[1] "2007:71:The number of rows in all_predict_ens1_200m_urban_df is not 230825."
[1] "2007:71:nrow:246332"
[1] "2007:72"
[1] "2008:23:The number of rows in all_predict_ens1_1km_all_df is not 540261."
[1] "2008:nrow is of 591869"
[1] "2007:72:The number of rows in all_predict_ens1_1km_all_df is not 540261."
[1] "2007:nrow is of 591869"
[1] "2008:23:The number of rows in all_predict_ens1_200m_urban_df is not 230825."
[1] "2008:23:nrow:246332"
[1] "2008:24"
[1] "2008:24:The number of rows in all_predict_ens1_1km_all_df is not 540261."
[1] "2008:nrow is of 591869"
[1] "2007:72:The number of rows in all_predict_ens1_200m_urban_df is not 230825."
[1] "2007:72:nrow:246332"
[1] "2007:73"
[1] "2007:73:The number of rows in all_predict_ens1_1km_all_df is not 540261."
[1] "2007:nrow is of 591869"
[1] "2008:24:The number of rows in all_predict_ens1_200m_urban_df is not 230825."
[1] "2008:24:nrow:246332"
[1] "2008:25"
[1] "2007:73:The number of rows in all_predict_ens1_200m_urban_df is not 230825."
[1] "2007:73:nrow:246332"
[1] "2007:74"
[1] "2008:25:The number of rows in all_predict_ens1_1km_all_df is not 540261."
[1] "2008:nrow is of 591869"
[1] "2007:74:The number of rows in all_predict_ens1_1km_all_df is not 540261."
[1] "2007:nrow is of 591869"
[1] "2007:74:The number of rows in all_predict_ens1_200m_urban_df is not 230825."
[1] "2007:74:nrow:246332"
[1] "2007:75"
[1] "2007:75:The number of rows in all_predict_ens1_1km_all_df is not 540261."
[1] "2007:nrow is of 591869"
[1] "2008:25:The number of rows in all_predict_ens1_200m_urban_df is not 230825."
[1] "2008:25:nrow:246332"
[1] "2008:26"
[1] "2008:26:The number of rows in all_predict_ens1_1km_all_df is not 540261."
[1] "2008:nrow is of 591869"
[1] "2007:75:The number of rows in all_predict_ens1_200m_urban_df is not 230825."
[1] "2007:75:nrow:246332"
[1] "2007:76"
[1] "2007:76:The number of rows in all_predict_ens1_1km_all_df is not 540261."
[1] "2007:nrow is of 591869"
[1] "2008:26:The number of rows in all_predict_ens1_200m_urban_df is not 230825."
[1] "2008:26:nrow:246332"
[1] "2008:27"
[1] "2008:27:The number of rows in all_predict_ens1_1km_all_df is not 540261."
[1] "2008:nrow is of 591869"
[1] "2007:76:The number of rows in all_predict_ens1_200m_urban_df is not 230825."
[1] "2007:76:nrow:246332"
[1] "2007:77"
[1] "2007:77:The number of rows in all_predict_ens1_1km_all_df is not 540261."
[1] "2007:nrow is of 591869"
[1] "2008:27:The number of rows in all_predict_ens1_200m_urban_df is not 230825."
[1] "2008:27:nrow:246332"
[1] "2008:28"
[1] "2007:77:The number of rows in all_predict_ens1_200m_urban_df is not 230825."
[1] "2007:77:nrow:246332"
[1] "2007:78"
[1] "2008:28:The number of rows in all_predict_ens1_1km_all_df is not 540261."
[1] "2008:nrow is of 591869"
[1] "2007:78:The number of rows in all_predict_ens1_1km_all_df is not 540261."
[1] "2007:nrow is of 591869"
[1] "2008:28:The number of rows in all_predict_ens1_200m_urban_df is not 230825."
[1] "2008:28:nrow:246332"
[1] "2008:29"
[1] "2008:29:The number of rows in all_predict_ens1_1km_all_df is not 540261."
[1] "2008:nrow is of 591869"
[1] "2007:78:The number of rows in all_predict_ens1_200m_urban_df is not 230825."
[1] "2007:78:nrow:246332"
[1] "2007:79"
[1] "2007:79:The number of rows in all_predict_ens1_1km_all_df is not 540261."
[1] "2007:nrow is of 591869"
[1] "2007:79:The number of rows in all_predict_ens1_200m_urban_df is not 230825."
[1] "2007:79:nrow:246332"
[1] "2007:80"
[1] "2007:80:The number of rows in all_predict_ens1_1km_all_df is not 540261."
[1] "2007:nrow is of 591869"
[1] "2008:29:The number of rows in all_predict_ens1_200m_urban_df is not 230825."
[1] "2008:29:nrow:246332"
[1] "2008:30"
[1] "2008:30:The number of rows in all_predict_ens1_1km_all_df is not 540261."
[1] "2008:nrow is of 591869"
[1] "2007:80:The number of rows in all_predict_ens1_200m_urban_df is not 230825."
[1] "2007:80:nrow:246332"
[1] "2007:81"
[1] "2007:81:The number of rows in all_predict_ens1_1km_all_df is not 540261."
[1] "2007:nrow is of 591869"
[1] "2008:30:The number of rows in all_predict_ens1_200m_urban_df is not 230825."
[1] "2008:30:nrow:246332"
[1] "2008:31"
[1] "2008:31:The number of rows in all_predict_ens1_1km_all_df is not 540261."
[1] "2008:nrow is of 591869"
[1] "2007:81:The number of rows in all_predict_ens1_200m_urban_df is not 230825."
[1] "2007:81:nrow:246332"
[1] "2007:82"
[1] "2007:82:The number of rows in all_predict_ens1_1km_all_df is not 540261."
[1] "2007:nrow is of 591869"
[1] "2007:82:The number of rows in all_predict_ens1_200m_urban_df is not 230825."
[1] "2007:82:nrow:246332"
[1] "2007:83"
[1] "2007:83:The number of rows in all_predict_ens1_1km_all_df is not 540261."
[1] "2007:nrow is of 591869"
[1] "2007:83:The number of rows in all_predict_ens1_200m_urban_df is not 230825."
[1] "2007:83:nrow:246332"
[1] "2007:84"
[1] "2007:84:The number of rows in all_predict_ens1_1km_all_df is not 540261."
[1] "2007:nrow is of 591869"
[1] "2007:84:The number of rows in all_predict_ens1_200m_urban_df is not 230825."
[1] "2007:84:nrow:246332"
[1] "2007:85"
[1] "2007:85:The number of rows in all_predict_ens1_1km_all_df is not 540261."
[1] "2007:nrow is of 591869"
[1] "2007:85:The number of rows in all_predict_ens1_200m_urban_df is not 230825."
[1] "2007:85:nrow:246332"
[1] "2007:86"
[1] "2007:86:The number of rows in all_predict_ens1_1km_all_df is not 540261."
[1] "2007:nrow is of 591869"
[1] "2007:86:The number of rows in all_predict_ens1_200m_urban_df is not 230825."
[1] "2007:86:nrow:246332"
[1] "2007:87"
[1] "2007:87:The number of rows in all_predict_ens1_1km_all_df is not 540261."
[1] "2007:nrow is of 591869"
[1] "2007:87:The number of rows in all_predict_ens1_200m_urban_df is not 230825."
[1] "2007:87:nrow:246332"
[1] "2007:88"
[1] "2007:88:The number of rows in all_predict_ens1_1km_all_df is not 540261."
[1] "2007:nrow is of 591869"
[1] "2008:31:The number of rows in all_predict_ens1_200m_urban_df is not 230825."
[1] "2008:31:nrow:246332"
[1] "2008:32"
[1] "2008:32:The number of rows in all_predict_ens1_1km_all_df is not 540261."
[1] "2008:nrow is of 591869"
[1] "2007:88:The number of rows in all_predict_ens1_200m_urban_df is not 230825."
[1] "2007:88:nrow:246332"
[1] "2007:89"
[1] "2007:89:The number of rows in all_predict_ens1_1km_all_df is not 540261."
[1] "2007:nrow is of 591869"
[1] "2008:32:The number of rows in all_predict_ens1_200m_urban_df is not 230825."
[1] "2008:32:nrow:246332"
[1] "2008:33"
[1] "2008:33:The number of rows in all_predict_ens1_1km_all_df is not 540261."
[1] "2008:nrow is of 591869"
[1] "2007:89:The number of rows in all_predict_ens1_200m_urban_df is not 230825."
[1] "2007:89:nrow:246332"
[1] "2007:90"
[1] "2007:90:The number of rows in all_predict_ens1_1km_all_df is not 540261."
[1] "2007:nrow is of 591869"
[1] "2007:90:The number of rows in all_predict_ens1_200m_urban_df is not 230825."
[1] "2007:90:nrow:246332"
[1] "2007:91"
[1] "2007:91:The number of rows in all_predict_ens1_1km_all_df is not 540261."
[1] "2007:nrow is of 591869"
[1] "2008:33:The number of rows in all_predict_ens1_200m_urban_df is not 230825."
[1] "2008:33:nrow:246332"
[1] "2008:34"
[1] "2008:34:The number of rows in all_predict_ens1_1km_all_df is not 540261."
[1] "2008:nrow is of 591869"
[1] "2007:91:The number of rows in all_predict_ens1_200m_urban_df is not 230825."
[1] "2007:91:nrow:246332"
[1] "2007:92"
[1] "2007:92:The number of rows in all_predict_ens1_1km_all_df is not 540261."
[1] "2007:nrow is of 591869"
[1] "2008:34:The number of rows in all_predict_ens1_200m_urban_df is not 230825."
[1] "2008:34:nrow:246332"
[1] "2008:35"
[1] "2008:35:The number of rows in all_predict_ens1_1km_all_df is not 540261."
[1] "2008:nrow is of 591869"
[1] "2008:35:The number of rows in all_predict_ens1_200m_urban_df is not 230825."
[1] "2008:35:nrow:246332"
[1] "2008:36"
[1] "2008:36:The number of rows in all_predict_ens1_1km_all_df is not 540261."
[1] "2008:nrow is of 591869"
[1] "2008:36:The number of rows in all_predict_ens1_200m_urban_df is not 230825."
[1] "2008:36:nrow:246332"
[1] "2008:37"
[1] "2008:37:The number of rows in all_predict_ens1_1km_all_df is not 540261."
[1] "2008:nrow is of 591869"
[1] "2008:37:The number of rows in all_predict_ens1_200m_urban_df is not 230825."
[1] "2008:37:nrow:246332"
[1] "2008:38"
[1] "2008:38:The number of rows in all_predict_ens1_1km_all_df is not 540261."
[1] "2008:nrow is of 591869"
[1] "2008:38:The number of rows in all_predict_ens1_200m_urban_df is not 230825."
[1] "2008:38:nrow:246332"
[1] "2008:39"
[1] "2008:39:The number of rows in all_predict_ens1_1km_all_df is not 540261."
[1] "2008:nrow is of 591869"
[1] "2007:92:The number of rows in all_predict_ens1_200m_urban_df is not 230825."
[1] "2007:92:nrow:246332"
[1] "2007:93"
[1] "2007:93:The number of rows in all_predict_ens1_1km_all_df is not 540261."
[1] "2007:nrow is of 591869"
[1] "2007:93:The number of rows in all_predict_ens1_200m_urban_df is not 230825."
[1] "2007:93:nrow:246332"
[1] "2007:94"
[1] "2008:39:The number of rows in all_predict_ens1_200m_urban_df is not 230825."
[1] "2008:39:nrow:246332"
[1] "2008:40"
[1] "2007:94:The number of rows in all_predict_ens1_1km_all_df is not 540261."
[1] "2007:nrow is of 591869"
[1] "2008:40:The number of rows in all_predict_ens1_1km_all_df is not 540261."
[1] "2008:nrow is of 591869"
[1] "2007:94:The number of rows in all_predict_ens1_200m_urban_df is not 230825."
[1] "2007:94:nrow:246332"
[1] "2007:95"
[1] "2008:40:The number of rows in all_predict_ens1_200m_urban_df is not 230825."
[1] "2008:40:nrow:246332"
[1] "2008:41"
[1] "2007:95:The number of rows in all_predict_ens1_1km_all_df is not 540261."
[1] "2007:nrow is of 591869"
[1] "2008:41:The number of rows in all_predict_ens1_1km_all_df is not 540261."
[1] "2008:nrow is of 591869"
[1] "2007:95:The number of rows in all_predict_ens1_200m_urban_df is not 230825."
[1] "2007:95:nrow:246332"
[1] "2007:96"
[1] "2007:96:The number of rows in all_predict_ens1_1km_all_df is not 540261."
[1] "2007:nrow is of 591869"
[1] "2008:41:The number of rows in all_predict_ens1_200m_urban_df is not 230825."
[1] "2008:41:nrow:246332"
[1] "2008:42"
[1] "2008:42:The number of rows in all_predict_ens1_1km_all_df is not 540261."
[1] "2008:nrow is of 591869"
[1] "2007:96:The number of rows in all_predict_ens1_200m_urban_df is not 230825."
[1] "2007:96:nrow:246332"
[1] "2007:97"
[1] "2007:97:The number of rows in all_predict_ens1_1km_all_df is not 540261."
[1] "2007:nrow is of 591869"
[1] "2007:97:The number of rows in all_predict_ens1_200m_urban_df is not 230825."
[1] "2007:97:nrow:246332"
[1] "2007:98"
[1] "2008:42:The number of rows in all_predict_ens1_200m_urban_df is not 230825."
[1] "2008:42:nrow:246332"
[1] "2008:43"
[1] "2007:98:The number of rows in all_predict_ens1_1km_all_df is not 540261."
[1] "2007:nrow is of 591869"
[1] "2008:43:The number of rows in all_predict_ens1_1km_all_df is not 540261."
[1] "2008:nrow is of 591869"
[1] "2007:98:The number of rows in all_predict_ens1_200m_urban_df is not 230825."
[1] "2007:98:nrow:246332"
[1] "2007:99"
[1] "2008:43:The number of rows in all_predict_ens1_200m_urban_df is not 230825."
[1] "2008:43:nrow:246332"
[1] "2008:44"
[1] "2007:99:The number of rows in all_predict_ens1_1km_all_df is not 540261."
[1] "2007:nrow is of 591869"
[1] "2008:44:The number of rows in all_predict_ens1_1km_all_df is not 540261."
[1] "2008:nrow is of 591869"
[1] "2007:99:The number of rows in all_predict_ens1_200m_urban_df is not 230825."
[1] "2007:99:nrow:246332"
[1] "2007:100"
[1] "2007:100:The number of rows in all_predict_ens1_1km_all_df is not 540261."
[1] "2007:nrow is of 591869"
[1] "2008:44:The number of rows in all_predict_ens1_200m_urban_df is not 230825."
[1] "2008:44:nrow:246332"
[1] "2008:45"
[1] "2008:45:The number of rows in all_predict_ens1_1km_all_df is not 540261."
[1] "2008:nrow is of 591869"
[1] "2007:100:The number of rows in all_predict_ens1_200m_urban_df is not 230825."
[1] "2007:100:nrow:246332"
[1] "2007:101"
[1] "2007:101:The number of rows in all_predict_ens1_1km_all_df is not 540261."
[1] "2007:nrow is of 591869"
[1] "2008:45:The number of rows in all_predict_ens1_200m_urban_df is not 230825."
[1] "2008:45:nrow:246332"
[1] "2008:46"
[1] "2008:46:The number of rows in all_predict_ens1_1km_all_df is not 540261."
[1] "2008:nrow is of 591869"
[1] "2007:101:The number of rows in all_predict_ens1_200m_urban_df is not 230825."
[1] "2007:101:nrow:246332"
[1] "2007:102"
[1] "2007:102:The number of rows in all_predict_ens1_1km_all_df is not 540261."
[1] "2007:nrow is of 591869"
[1] "2007:102:The number of rows in all_predict_ens1_200m_urban_df is not 230825."
[1] "2007:102:nrow:246332"
[1] "2007:103"
[1] "2008:46:The number of rows in all_predict_ens1_200m_urban_df is not 230825."
[1] "2008:46:nrow:246332"
[1] "2008:47"
[1] "2007:103:The number of rows in all_predict_ens1_1km_all_df is not 540261."
[1] "2007:nrow is of 591869"
[1] "2008:47:The number of rows in all_predict_ens1_1km_all_df is not 540261."
[1] "2008:nrow is of 591869"
[1] "2007:103:The number of rows in all_predict_ens1_200m_urban_df is not 230825."
[1] "2007:103:nrow:246332"
[1] "2007:104"
[1] "2008:47:The number of rows in all_predict_ens1_200m_urban_df is not 230825."
[1] "2008:47:nrow:246332"
[1] "2008:48"
[1] "2007:104:The number of rows in all_predict_ens1_1km_all_df is not 540261."
[1] "2007:nrow is of 591869"
[1] "2008:48:The number of rows in all_predict_ens1_1km_all_df is not 540261."
[1] "2008:nrow is of 591869"
[1] "2007:104:The number of rows in all_predict_ens1_200m_urban_df is not 230825."
[1] "2007:104:nrow:246332"
[1] "2007:105"
[1] "2007:105:The number of rows in all_predict_ens1_1km_all_df is not 540261."
[1] "2007:nrow is of 591869"
[1] "2008:48:The number of rows in all_predict_ens1_200m_urban_df is not 230825."
[1] "2008:48:nrow:246332"
[1] "2008:49"
[1] "2008:49:The number of rows in all_predict_ens1_1km_all_df is not 540261."
[1] "2008:nrow is of 591869"
[1] "2007:105:The number of rows in all_predict_ens1_200m_urban_df is not 230825."
[1] "2007:105:nrow:246332"
[1] "2007:106"
[1] "2007:106:The number of rows in all_predict_ens1_1km_all_df is not 540261."
[1] "2007:nrow is of 591869"
[1] "2007:106:The number of rows in all_predict_ens1_200m_urban_df is not 230825."
[1] "2007:106:nrow:246332"
[1] "2007:107"
[1] "2008:49:The number of rows in all_predict_ens1_200m_urban_df is not 230825."
[1] "2008:49:nrow:246332"
[1] "2008:50"
[1] "2007:107:The number of rows in all_predict_ens1_1km_all_df is not 540261."
[1] "2007:nrow is of 591869"
[1] "2008:50:The number of rows in all_predict_ens1_1km_all_df is not 540261."
[1] "2008:nrow is of 591869"
[1] "2007:107:The number of rows in all_predict_ens1_200m_urban_df is not 230825."
[1] "2007:107:nrow:246332"
[1] "2007:108"
[1] "2008:50:The number of rows in all_predict_ens1_200m_urban_df is not 230825."
[1] "2008:50:nrow:246332"
[1] "2008:51"
[1] "2007:108:The number of rows in all_predict_ens1_1km_all_df is not 540261."
[1] "2007:nrow is of 591869"
[1] "2008:51:The number of rows in all_predict_ens1_1km_all_df is not 540261."
[1] "2008:nrow is of 591869"
[1] "2007:108:The number of rows in all_predict_ens1_200m_urban_df is not 230825."
[1] "2007:108:nrow:246332"
[1] "2007:109"
[1] "2007:109:The number of rows in all_predict_ens1_1km_all_df is not 540261."
[1] "2007:nrow is of 591869"
[1] "2008:51:The number of rows in all_predict_ens1_200m_urban_df is not 230825."
[1] "2008:51:nrow:246332"
[1] "2008:52"
[1] "2007:109:The number of rows in all_predict_ens1_200m_urban_df is not 230825."
[1] "2007:109:nrow:246332"
[1] "2007:110"
[1] "2008:52:The number of rows in all_predict_ens1_1km_all_df is not 540261."
[1] "2008:nrow is of 591869"
[1] "2007:110:The number of rows in all_predict_ens1_1km_all_df is not 540261."
[1] "2007:nrow is of 591869"
[1] "2008:52:The number of rows in all_predict_ens1_200m_urban_df is not 230825."
[1] "2008:52:nrow:246332"
[1] "2008:53"
[1] "2008:53:The number of rows in all_predict_ens1_1km_all_df is not 540261."
[1] "2008:nrow is of 591869"
[1] "2007:110:The number of rows in all_predict_ens1_200m_urban_df is not 230825."
[1] "2007:110:nrow:246332"
[1] "2007:111"
[1] "2007:111:The number of rows in all_predict_ens1_1km_all_df is not 540261."
[1] "2007:nrow is of 591869"
[1] "2007:111:The number of rows in all_predict_ens1_200m_urban_df is not 230825."
[1] "2007:111:nrow:246332"
[1] "2007:112"
[1] "2007:112:The number of rows in all_predict_ens1_1km_all_df is not 540261."
[1] "2007:nrow is of 591869"
[1] "2008:53:The number of rows in all_predict_ens1_200m_urban_df is not 230825."
[1] "2008:53:nrow:246332"
[1] "2008:54"
[1] "2008:54:The number of rows in all_predict_ens1_1km_all_df is not 540261."
[1] "2008:nrow is of 591869"
[1] "2007:112:The number of rows in all_predict_ens1_200m_urban_df is not 230825."
[1] "2007:112:nrow:246332"
[1] "2007:113"
[1] "2007:113:The number of rows in all_predict_ens1_1km_all_df is not 540261."
[1] "2007:nrow is of 591869"
[1] "2008:54:The number of rows in all_predict_ens1_200m_urban_df is not 230825."
[1] "2008:54:nrow:246332"
[1] "2008:55"
[1] "2008:55:The number of rows in all_predict_ens1_1km_all_df is not 540261."
[1] "2008:nrow is of 591869"
[1] "2007:113:The number of rows in all_predict_ens1_200m_urban_df is not 230825."
[1] "2007:113:nrow:246332"
[1] "2007:114"
[1] "2007:114:The number of rows in all_predict_ens1_1km_all_df is not 540261."
[1] "2007:nrow is of 591869"
[1] "2008:55:The number of rows in all_predict_ens1_200m_urban_df is not 230825."
[1] "2008:55:nrow:246332"
[1] "2008:56"
[1] "2008:56:The number of rows in all_predict_ens1_1km_all_df is not 540261."
[1] "2008:nrow is of 591869"
[1] "2007:114:The number of rows in all_predict_ens1_200m_urban_df is not 230825."
[1] "2007:114:nrow:246332"
[1] "2007:115"
[1] "2007:115:The number of rows in all_predict_ens1_1km_all_df is not 540261."
[1] "2007:nrow is of 591869"
[1] "2008:56:The number of rows in all_predict_ens1_200m_urban_df is not 230825."
[1] "2008:56:nrow:246332"
[1] "2008:57"
[1] "2007:115:The number of rows in all_predict_ens1_200m_urban_df is not 230825."
[1] "2007:115:nrow:246332"
[1] "2007:116"
[1] "2007:116:The number of rows in all_predict_ens1_1km_all_df is not 540261."
[1] "2007:nrow is of 591869"
[1] "2008:57:The number of rows in all_predict_ens1_1km_all_df is not 540261."
[1] "2008:nrow is of 591869"
[1] "2007:116:The number of rows in all_predict_ens1_200m_urban_df is not 230825."
[1] "2007:116:nrow:246332"
[1] "2007:117"
[1] "2007:117:The number of rows in all_predict_ens1_1km_all_df is not 540261."
[1] "2007:nrow is of 591869"
[1] "2008:57:The number of rows in all_predict_ens1_200m_urban_df is not 230825."
[1] "2008:57:nrow:246332"
[1] "2008:58"
[1] "2008:58:The number of rows in all_predict_ens1_1km_all_df is not 540261."
[1] "2008:nrow is of 591869"
[1] "2007:117:The number of rows in all_predict_ens1_200m_urban_df is not 230825."
[1] "2007:117:nrow:246332"
[1] "2007:118"
[1] "2007:118:The number of rows in all_predict_ens1_1km_all_df is not 540261."
[1] "2007:nrow is of 591869"
[1] "2008:58:The number of rows in all_predict_ens1_200m_urban_df is not 230825."
[1] "2008:58:nrow:246332"
[1] "2008:59"
[1] "2007:118:The number of rows in all_predict_ens1_200m_urban_df is not 230825."
[1] "2007:118:nrow:246332"
[1] "2007:119"
[1] "2008:59:The number of rows in all_predict_ens1_1km_all_df is not 540261."
[1] "2008:nrow is of 591869"
[1] "2007:119:The number of rows in all_predict_ens1_1km_all_df is not 540261."
[1] "2007:nrow is of 591869"
[1] "2008:59:The number of rows in all_predict_ens1_200m_urban_df is not 230825."
[1] "2008:59:nrow:246332"
[1] "2008:60"
[1] "2007:119:The number of rows in all_predict_ens1_200m_urban_df is not 230825."
[1] "2007:119:nrow:246332"
[1] "2007:120"
[1] "2008:60:The number of rows in all_predict_ens1_1km_all_df is not 540261."
[1] "2008:nrow is of 591869"
[1] "2007:120:The number of rows in all_predict_ens1_1km_all_df is not 540261."
[1] "2007:nrow is of 591869"
[1] "2007:120:The number of rows in all_predict_ens1_200m_urban_df is not 230825."
[1] "2007:120:nrow:246332"
[1] "2007:121"
[1] "2007:121:The number of rows in all_predict_ens1_1km_all_df is not 540261."
[1] "2007:nrow is of 591869"
[1] "2008:60:The number of rows in all_predict_ens1_200m_urban_df is not 230825."
[1] "2008:60:nrow:246332"
[1] "2008:61"
[1] "2008:61:The number of rows in all_predict_ens1_1km_all_df is not 540261."
[1] "2008:nrow is of 591869"
[1] "2007:121:The number of rows in all_predict_ens1_200m_urban_df is not 230825."
[1] "2007:121:nrow:246332"
[1] "2007:122"
[1] "2007:122:The number of rows in all_predict_ens1_1km_all_df is not 540261."
[1] "2007:nrow is of 591869"
[1] "2008:61:The number of rows in all_predict_ens1_200m_urban_df is not 230825."
[1] "2008:61:nrow:246332"
[1] "2008:62"
[1] "2008:62:The number of rows in all_predict_ens1_1km_all_df is not 540261."
[1] "2008:nrow is of 591869"
[1] "2007:122:The number of rows in all_predict_ens1_200m_urban_df is not 230825."
[1] "2007:122:nrow:246332"
[1] "2007:123"
[1] "2007:123:The number of rows in all_predict_ens1_1km_all_df is not 540261."
[1] "2007:nrow is of 591869"
[1] "2008:62:The number of rows in all_predict_ens1_200m_urban_df is not 230825."
[1] "2008:62:nrow:246332"
[1] "2008:63"
[1] "2007:123:The number of rows in all_predict_ens1_200m_urban_df is not 230825."
[1] "2007:123:nrow:246332"
[1] "2007:124"
[1] "2007:124:The number of rows in all_predict_ens1_1km_all_df is not 540261."
[1] "2007:nrow is of 591869"
[1] "2007:124:The number of rows in all_predict_ens1_200m_urban_df is not 230825."
[1] "2007:124:nrow:246332"
[1] "2007:125"
[1] "2007:125:The number of rows in all_predict_ens1_1km_all_df is not 540261."
[1] "2007:nrow is of 591869"
[1] "2007:125:The number of rows in all_predict_ens1_200m_urban_df is not 230825."
[1] "2007:125:nrow:246332"
[1] "2007:126"
[1] "2007:126:The number of rows in all_predict_ens1_1km_all_df is not 540261."
[1] "2007:nrow is of 591869"
[1] "2007:126:The number of rows in all_predict_ens1_200m_urban_df is not 230825."
[1] "2007:126:nrow:246332"
[1] "2007:127"
[1] "2007:127:The number of rows in all_predict_ens1_1km_all_df is not 540261."
[1] "2007:nrow is of 591869"
[1] "2007:127:The number of rows in all_predict_ens1_200m_urban_df is not 230825."
[1] "2007:127:nrow:246332"
[1] "2007:128"
[1] "2007:128:The number of rows in all_predict_ens1_1km_all_df is not 540261."
[1] "2007:nrow is of 591869"
[1] "2007:128:The number of rows in all_predict_ens1_200m_urban_df is not 230825."
[1] "2007:128:nrow:246332"
[1] "2007:129"
[1] "2007:129:The number of rows in all_predict_ens1_1km_all_df is not 540261."
[1] "2007:nrow is of 591869"
[1] "2008:63:The number of rows in all_predict_ens1_1km_all_df is not 540261."
[1] "2008:nrow is of 591869"
[1] "2007:129:The number of rows in all_predict_ens1_200m_urban_df is not 230825."
[1] "2007:129:nrow:246332"
[1] "2007:130"
[1] "2007:130:The number of rows in all_predict_ens1_1km_all_df is not 540261."
[1] "2007:nrow is of 591869"
[1] "2008:63:The number of rows in all_predict_ens1_200m_urban_df is not 230825."
[1] "2008:63:nrow:246332"
[1] "2008:64"
[1] "2008:64:The number of rows in all_predict_ens1_1km_all_df is not 540261."
[1] "2008:nrow is of 591869"
[1] "2007:130:The number of rows in all_predict_ens1_200m_urban_df is not 230825."
[1] "2007:130:nrow:246332"
[1] "2007:131"
[1] "2007:131:The number of rows in all_predict_ens1_1km_all_df is not 540261."
[1] "2007:nrow is of 591869"
[1] "2008:64:The number of rows in all_predict_ens1_200m_urban_df is not 230825."
[1] "2008:64:nrow:246332"
[1] "2008:65"
[1] "2007:131:The number of rows in all_predict_ens1_200m_urban_df is not 230825."
[1] "2007:131:nrow:246332"
[1] "2007:132"
[1] "2008:65:The number of rows in all_predict_ens1_1km_all_df is not 540261."
[1] "2008:nrow is of 591869"
[1] "2007:132:The number of rows in all_predict_ens1_1km_all_df is not 540261."
[1] "2007:nrow is of 591869"
[1] "2008:65:The number of rows in all_predict_ens1_200m_urban_df is not 230825."
[1] "2008:65:nrow:246332"
[1] "2008:66"
[1] "2007:132:The number of rows in all_predict_ens1_200m_urban_df is not 230825."
[1] "2007:132:nrow:246332"
[1] "2007:133"
[1] "2008:66:The number of rows in all_predict_ens1_1km_all_df is not 540261."
[1] "2008:nrow is of 591869"
[1] "2007:133:The number of rows in all_predict_ens1_1km_all_df is not 540261."
[1] "2007:nrow is of 591869"
[1] "2007:133:The number of rows in all_predict_ens1_200m_urban_df is not 230825."
[1] "2007:133:nrow:246332"
[1] "2007:134"
[1] "2007:134:The number of rows in all_predict_ens1_1km_all_df is not 540261."
[1] "2007:nrow is of 591869"
[1] "2008:66:The number of rows in all_predict_ens1_200m_urban_df is not 230825."
[1] "2008:66:nrow:246332"
[1] "2008:67"
[1] "2008:67:The number of rows in all_predict_ens1_1km_all_df is not 540261."
[1] "2008:nrow is of 591869"
[1] "2007:134:The number of rows in all_predict_ens1_200m_urban_df is not 230825."
[1] "2007:134:nrow:246332"
[1] "2007:135"
[1] "2007:135:The number of rows in all_predict_ens1_1km_all_df is not 540261."
[1] "2007:nrow is of 591869"
[1] "2008:67:The number of rows in all_predict_ens1_200m_urban_df is not 230825."
[1] "2008:67:nrow:246332"
[1] "2008:68"
[1] "2008:68:The number of rows in all_predict_ens1_1km_all_df is not 540261."
[1] "2008:nrow is of 591869"
[1] "2007:135:The number of rows in all_predict_ens1_200m_urban_df is not 230825."
[1] "2007:135:nrow:246332"
[1] "2007:136"
[1] "2007:136:The number of rows in all_predict_ens1_1km_all_df is not 540261."
[1] "2007:nrow is of 591869"
[1] "2008:68:The number of rows in all_predict_ens1_200m_urban_df is not 230825."
[1] "2008:68:nrow:246332"
[1] "2008:69"
[1] "2008:69:The number of rows in all_predict_ens1_1km_all_df is not 540261."
[1] "2008:nrow is of 591869"
[1] "2007:136:The number of rows in all_predict_ens1_200m_urban_df is not 230825."
[1] "2007:136:nrow:246332"
[1] "2007:137"
[1] "2007:137:The number of rows in all_predict_ens1_1km_all_df is not 540261."
[1] "2007:nrow is of 591869"
[1] "2008:69:The number of rows in all_predict_ens1_200m_urban_df is not 230825."
[1] "2008:69:nrow:246332"
[1] "2008:70"
[1] "2007:137:The number of rows in all_predict_ens1_200m_urban_df is not 230825."
[1] "2007:137:nrow:246332"
[1] "2007:138"
[1] "2008:70:The number of rows in all_predict_ens1_1km_all_df is not 540261."
[1] "2008:nrow is of 591869"
[1] "2007:138:The number of rows in all_predict_ens1_1km_all_df is not 540261."
[1] "2007:nrow is of 591869"
[1] "2008:70:The number of rows in all_predict_ens1_200m_urban_df is not 230825."
[1] "2008:70:nrow:246332"
[1] "2008:71"
[1] "2008:71:The number of rows in all_predict_ens1_1km_all_df is not 540261."
[1] "2008:nrow is of 591869"
[1] "2007:138:The number of rows in all_predict_ens1_200m_urban_df is not 230825."
[1] "2007:138:nrow:246332"
[1] "2007:139"
[1] "2007:139:The number of rows in all_predict_ens1_1km_all_df is not 540261."
[1] "2007:nrow is of 591869"
[1] "2008:71:The number of rows in all_predict_ens1_200m_urban_df is not 230825."
[1] "2008:71:nrow:246332"
[1] "2008:72"
[1] "2007:139:The number of rows in all_predict_ens1_200m_urban_df is not 230825."
[1] "2007:139:nrow:246332"
[1] "2007:140"
[1] "2008:72:The number of rows in all_predict_ens1_1km_all_df is not 540261."
[1] "2008:nrow is of 591869"
[1] "2007:140:The number of rows in all_predict_ens1_1km_all_df is not 540261."
[1] "2007:nrow is of 591869"
[1] "2007:140:The number of rows in all_predict_ens1_200m_urban_df is not 230825."
[1] "2007:140:nrow:246332"
[1] "2007:141"
[1] "2007:141:The number of rows in all_predict_ens1_1km_all_df is not 540261."
[1] "2007:nrow is of 591869"
[1] "2008:72:The number of rows in all_predict_ens1_200m_urban_df is not 230825."
[1] "2008:72:nrow:246332"
[1] "2008:73"
[1] "2008:73:The number of rows in all_predict_ens1_1km_all_df is not 540261."
[1] "2008:nrow is of 591869"
[1] "2007:141:The number of rows in all_predict_ens1_200m_urban_df is not 230825."
[1] "2007:141:nrow:246332"
[1] "2007:142"
[1] "2007:142:The number of rows in all_predict_ens1_1km_all_df is not 540261."
[1] "2007:nrow is of 591869"
[1] "2008:73:The number of rows in all_predict_ens1_200m_urban_df is not 230825."
[1] "2008:73:nrow:246332"
[1] "2008:74"
[1] "2008:74:The number of rows in all_predict_ens1_1km_all_df is not 540261."
[1] "2008:nrow is of 591869"
[1] "2007:142:The number of rows in all_predict_ens1_200m_urban_df is not 230825."
[1] "2007:142:nrow:246332"
[1] "2007:143"
[1] "2007:143:The number of rows in all_predict_ens1_1km_all_df is not 540261."
[1] "2007:nrow is of 591869"
[1] "2008:74:The number of rows in all_predict_ens1_200m_urban_df is not 230825."
[1] "2008:74:nrow:246332"
[1] "2008:75"
[1] "2008:75:The number of rows in all_predict_ens1_1km_all_df is not 540261."
[1] "2008:nrow is of 591869"
[1] "2007:143:The number of rows in all_predict_ens1_200m_urban_df is not 230825."
[1] "2007:143:nrow:246332"
[1] "2007:144"
[1] "2007:144:The number of rows in all_predict_ens1_1km_all_df is not 540261."
[1] "2007:nrow is of 591869"
[1] "2007:144:The number of rows in all_predict_ens1_200m_urban_df is not 230825."
[1] "2007:144:nrow:246332"
[1] "2007:145"
[1] "2008:75:The number of rows in all_predict_ens1_200m_urban_df is not 230825."
[1] "2008:75:nrow:246332"
[1] "2008:76"
[1] "2008:76:The number of rows in all_predict_ens1_1km_all_df is not 540261."
[1] "2008:nrow is of 591869"
[1] "2007:145:The number of rows in all_predict_ens1_1km_all_df is not 540261."
[1] "2007:nrow is of 591869"
[1] "2008:76:The number of rows in all_predict_ens1_200m_urban_df is not 230825."
[1] "2008:76:nrow:246332"
[1] "2008:77"
[1] "2007:145:The number of rows in all_predict_ens1_200m_urban_df is not 230825."
[1] "2007:145:nrow:246332"
[1] "2007:146"
[1] "2008:77:The number of rows in all_predict_ens1_1km_all_df is not 540261."
[1] "2008:nrow is of 591869"
[1] "2007:146:The number of rows in all_predict_ens1_1km_all_df is not 540261."
[1] "2007:nrow is of 591869"
[1] "2008:77:The number of rows in all_predict_ens1_200m_urban_df is not 230825."
[1] "2008:77:nrow:246332"
[1] "2008:78"
[1] "2007:146:The number of rows in all_predict_ens1_200m_urban_df is not 230825."
[1] "2007:146:nrow:246332"
[1] "2007:147"
[1] "2008:78:The number of rows in all_predict_ens1_1km_all_df is not 540261."
[1] "2008:nrow is of 591869"
[1] "2007:147:The number of rows in all_predict_ens1_1km_all_df is not 540261."
[1] "2007:nrow is of 591869"
[1] "2007:147:The number of rows in all_predict_ens1_200m_urban_df is not 230825."
[1] "2007:147:nrow:246332"
[1] "2007:148"
[1] "2007:148:The number of rows in all_predict_ens1_1km_all_df is not 540261."
[1] "2007:nrow is of 591869"
[1] "2008:78:The number of rows in all_predict_ens1_200m_urban_df is not 230825."
[1] "2008:78:nrow:246332"
[1] "2008:79"
[1] "2008:79:The number of rows in all_predict_ens1_1km_all_df is not 540261."
[1] "2008:nrow is of 591869"
[1] "2007:148:The number of rows in all_predict_ens1_200m_urban_df is not 230825."
[1] "2007:148:nrow:246332"
[1] "2007:149"
[1] "2007:149:The number of rows in all_predict_ens1_1km_all_df is not 540261."
[1] "2007:nrow is of 591869"
[1] "2008:79:The number of rows in all_predict_ens1_200m_urban_df is not 230825."
[1] "2008:79:nrow:246332"
[1] "2008:80"
[1] "2008:80:The number of rows in all_predict_ens1_1km_all_df is not 540261."
[1] "2008:nrow is of 591869"
[1] "2007:149:The number of rows in all_predict_ens1_200m_urban_df is not 230825."
[1] "2007:149:nrow:246332"
[1] "2007:150"
[1] "2007:150:The number of rows in all_predict_ens1_1km_all_df is not 540261."
[1] "2007:nrow is of 591869"
[1] "2008:80:The number of rows in all_predict_ens1_200m_urban_df is not 230825."
[1] "2008:80:nrow:246332"
[1] "2008:81"
[1] "2008:81:The number of rows in all_predict_ens1_1km_all_df is not 540261."
[1] "2008:nrow is of 591869"
[1] "2007:150:The number of rows in all_predict_ens1_200m_urban_df is not 230825."
[1] "2007:150:nrow:246332"
[1] "2007:151"
[1] "2007:151:The number of rows in all_predict_ens1_1km_all_df is not 540261."
[1] "2007:nrow is of 591869"
[1] "2007:151:The number of rows in all_predict_ens1_200m_urban_df is not 230825."
[1] "2007:151:nrow:246332"
[1] "2007:152"
[1] "2007:152:The number of rows in all_predict_ens1_1km_all_df is not 540261."
[1] "2007:nrow is of 591869"
[1] "2007:152:The number of rows in all_predict_ens1_200m_urban_df is not 230825."
[1] "2007:152:nrow:246332"
[1] "2007:153"
[1] "2007:153:The number of rows in all_predict_ens1_1km_all_df is not 540261."
[1] "2007:nrow is of 591869"
[1] "2007:153:The number of rows in all_predict_ens1_200m_urban_df is not 230825."
[1] "2007:153:nrow:246332"
[1] "2007:154"
[1] "2007:154:The number of rows in all_predict_ens1_1km_all_df is not 540261."
[1] "2007:nrow is of 591869"
[1] "2007:154:The number of rows in all_predict_ens1_200m_urban_df is not 230825."
[1] "2007:154:nrow:246332"
[1] "2007:155"
[1] "2007:155:The number of rows in all_predict_ens1_1km_all_df is not 540261."
[1] "2007:nrow is of 591869"
[1] "2007:155:The number of rows in all_predict_ens1_200m_urban_df is not 230825."
[1] "2007:155:nrow:246332"
[1] "2007:156"
[1] "2007:156:The number of rows in all_predict_ens1_1km_all_df is not 540261."
[1] "2007:nrow is of 591869"
[1] "2007:156:The number of rows in all_predict_ens1_200m_urban_df is not 230825."
[1] "2007:156:nrow:246332"
[1] "2007:157"
[1] "2007:157:The number of rows in all_predict_ens1_1km_all_df is not 540261."
[1] "2007:nrow is of 591869"
[1] "2008:81:The number of rows in all_predict_ens1_200m_urban_df is not 230825."
[1] "2008:81:nrow:246332"
[1] "2008:82"
[1] "2008:82:The number of rows in all_predict_ens1_1km_all_df is not 540261."
[1] "2008:nrow is of 591869"
[1] "2007:157:The number of rows in all_predict_ens1_200m_urban_df is not 230825."
[1] "2007:157:nrow:246332"
[1] "2007:158"
[1] "2007:158:The number of rows in all_predict_ens1_1km_all_df is not 540261."
[1] "2007:nrow is of 591869"
[1] "2008:82:The number of rows in all_predict_ens1_200m_urban_df is not 230825."
[1] "2008:82:nrow:246332"
[1] "2008:83"
[1] "2008:83:The number of rows in all_predict_ens1_1km_all_df is not 540261."
[1] "2008:nrow is of 591869"
[1] "2007:158:The number of rows in all_predict_ens1_200m_urban_df is not 230825."
[1] "2007:158:nrow:246332"
[1] "2007:159"
[1] "2007:159:The number of rows in all_predict_ens1_1km_all_df is not 540261."
[1] "2007:nrow is of 591869"
[1] "2008:83:The number of rows in all_predict_ens1_200m_urban_df is not 230825."
[1] "2008:83:nrow:246332"
[1] "2008:84"
[1] "2008:84:The number of rows in all_predict_ens1_1km_all_df is not 540261."
[1] "2008:nrow is of 591869"
[1] "2007:159:The number of rows in all_predict_ens1_200m_urban_df is not 230825."
[1] "2007:159:nrow:246332"
[1] "2007:160"
[1] "2007:160:The number of rows in all_predict_ens1_1km_all_df is not 540261."
[1] "2007:nrow is of 591869"
[1] "2007:160:The number of rows in all_predict_ens1_200m_urban_df is not 230825."
[1] "2007:160:nrow:246332"
[1] "2007:161"
[1] "2007:161:The number of rows in all_predict_ens1_1km_all_df is not 540261."."
[1] "2008:84:nrow:246332"
"2007:nrow is of 591869"
[1] "2008:85"
[1] "2008:85:The number of rows in all_predict_ens1_1km_all_df is not 540261."
[1] "2008:nrow is of 591869"
[1] "2007:161:The number of rows in all_predict_ens1_200m_urban_df is not 230825."
[1] "2007:161:nrow:246332"
[1] "2007:162"
[1] "2007:162:The number of rows in all_predict_ens1_1km_all_df is not 540261."
[1] "2007:nrow is of 591869"
[1] "2008:85:The number of rows in all_predict_ens1_200m_urban_df is not 230825."
[1] "2008:85:nrow:246332"
[1] "2008:86"
[1] "2008:86:The number of rows in all_predict_ens1_1km_all_df is not 540261."
[1] "2008:nrow is of 591869"
[1] "2007:162:The number of rows in all_predict_ens1_200m_urban_df is not 230825."
[1] "2007:162:nrow:246332"
[1] "2007:163"
[1] "2008:86:The number of rows in all_predict_ens1_200m_urban_df is not 230825."
[1] "2008:86:nrow:246332"
[1] "2008:87"
[1] "2007:163:The number of rows in all_predict_ens1_1km_all_df is not 540261."
[1] "2007:nrow is of 591869"
[1] "2008:87:The number of rows in all_predict_ens1_1km_all_df is not 540261."
[1] "2008:nrow is of 591869"
[1] "2007:163:The number of rows in all_predict_ens1_200m_urban_df is not 230825."
[1] "2007:163:nrow:246332"
[1] "2007:164"
[1] "2007:164:The number of rows in all_predict_ens1_1km_all_df is not 540261."
[1] "2007:nrow is of 591869"
[1] "2008:87:The number of rows in all_predict_ens1_200m_urban_df is not 230825."
[1] "2008:87:nrow:246332"
[1] "2008:88"
[1] "2008:88:The number of rows in all_predict_ens1_1km_all_df is not 540261."
[1] "2008:nrow is of 591869"
[1] "2007:164:The number of rows in all_predict_ens1_200m_urban_df is not 230825."
[1] "2007:164:nrow:246332"
[1] "2007:165"
[1] "2007:165:The number of rows in all_predict_ens1_1km_all_df is not 540261."
[1] "2007:nrow is of 591869"
[1] "2008:88:The number of rows in all_predict_ens1_200m_urban_df is not 230825."
[1] "2008:88:nrow:246332"
[1] "2008:89"
[1] "2008:89:The number of rows in all_predict_ens1_1km_all_df is not 540261."
[1] "2008:nrow is of 591869"
[1] "2007:165:The number of rows in all_predict_ens1_200m_urban_df is not 230825."
[1] "2007:165:nrow:246332"
[1] "2007:166"
[1] "2007:166:The number of rows in all_predict_ens1_1km_all_df is not 540261."
[1] "2007:nrow is of 591869"
[1] "2008:89:The number of rows in all_predict_ens1_200m_urban_df is not 230825."
[1] "2008:89:nrow:246332"
[1] "2008:90"
[1] "2008:90:The number of rows in all_predict_ens1_1km_all_df is not 540261."
[1] "2008:nrow is of 591869"
[1] "2007:166:The number of rows in all_predict_ens1_200m_urban_df is not 230825."
[1] "2007:166:nrow:246332"
[1] "2007:167"
[1] "2007:167:The number of rows in all_predict_ens1_1km_all_df is not 540261."
[1] "2007:nrow is of 591869"
[1] "2007:167:The number of rows in all_predict_ens1_200m_urban_df is not 230825."
[1] "2007:167:nrow:246332"
[1] "2007:168"
[1] "2007:168:The number of rows in all_predict_ens1_1km_all_df is not 540261."
[1] "2007:nrow is of 591869"
[1] "2008:90:The number of rows in all_predict_ens1_200m_urban_df is not 230825."
[1] "2008:90:nrow:246332"
[1] "2008:91"
[1] "2008:91:The number of rows in all_predict_ens1_1km_all_df is not 540261."
[1] "2008:nrow is of 591869"
[1] "2007:168:The number of rows in all_predict_ens1_200m_urban_df is not 230825."
[1] "2007:168:nrow:246332"
[1] "2007:169"
[1] "2007:169:The number of rows in all_predict_ens1_1km_all_df is not 540261."
[1] "2007:nrow is of 591869"
[1] "2008:91:The number of rows in all_predict_ens1_200m_urban_df is not 230825."
[1] "2008:91:nrow:246332"
[1] "2008:92"
[1] "2008:92:The number of rows in all_predict_ens1_1km_all_df is not 540261."
[1] "2008:nrow is of 591869"
[1] "2007:169:The number of rows in all_predict_ens1_200m_urban_df is not 230825."
[1] "2007:169:nrow:246332"
[1] "2007:170"
[1] "2007:170:The number of rows in all_predict_ens1_1km_all_df is not 540261."
[1] "2007:nrow is of 591869"
[1] "2008:92:The number of rows in all_predict_ens1_200m_urban_df is not 230825."
[1] "2008:92:nrow:246332"
[1] "2008:93"
[1] "2008:93:The number of rows in all_predict_ens1_1km_all_df is not 540261."
[1] "2008:nrow is of 591869"
[1] "2007:170:The number of rows in all_predict_ens1_200m_urban_df is not 230825."
[1] "2007:170:nrow:246332"
[1] "2007:171"
[1] "2007:171:The number of rows in all_predict_ens1_1km_all_df is not 540261."
[1] "2007:nrow is of 591869"
[1] "2008:93:The number of rows in all_predict_ens1_200m_urban_df is not 230825."
[1] "2008:93:nrow:246332"
[1] "2008:94"
[1] "2007:171:The number of rows in all_predict_ens1_200m_urban_df is not 230825."
[1] "2007:171:nrow:246332"
[1] "2007:172"
[1] "2008:94:The number of rows in all_predict_ens1_1km_all_df is not 540261."
[1] "2008:nrow is of 591869"
[1] "2007:172:The number of rows in all_predict_ens1_1km_all_df is not 540261."
[1] "2007:nrow is of 591869"
[1] "2008:94:The number of rows in all_predict_ens1_200m_urban_df is not 230825."
[1] "2008:94:nrow:246332"
[1] "2008:95"
[1] "2008:95:The number of rows in all_predict_ens1_1km_all_df is not 540261."
[1] "2008:nrow is of 591869"
[1] "2008:95:The number of rows in all_predict_ens1_200m_urban_df is not 230825."
[1] "2008:95:nrow:246332"
[1] "2008:96"
[1] "2008:96:The number of rows in all_predict_ens1_1km_all_df is not 540261."
[1] "2008:nrow is of 591869"
[1] "2008:96:The number of rows in all_predict_ens1_200m_urban_df is not 230825."
[1] "2008:96:nrow:246332"
[1] "2008:97"
[1] "2008:97:The number of rows in all_predict_ens1_1km_all_df is not 540261."
[1] "2008:nrow is of 591869"
[1] "2008:97:The number of rows in all_predict_ens1_200m_urban_df is not 230825."
[1] "2008:97:nrow:246332"
[1] "2008:98"
[1] "2008:98:The number of rows in all_predict_ens1_1km_all_df is not 540261."
[1] "2008:nrow is of 591869"
[1] "2007:172:The number of rows in all_predict_ens1_200m_urban_df is not 230825."
[1] "2007:172:nrow:246332"
[1] "2007:173"
[1] "2007:173:The number of rows in all_predict_ens1_1km_all_df is not 540261."
[1] "2007:nrow is of 591869"
[1] "2008:98:The number of rows in all_predict_ens1_200m_urban_df is not 230825."
[1] "2008:98:nrow:246332"
[1] "2008:99"
[1] "2008:99:The number of rows in all_predict_ens1_1km_all_df is not 540261."
[1] "2008:nrow is of 591869"
[1] "2007:173:The number of rows in all_predict_ens1_200m_urban_df is not 230825."
[1] "2007:173:nrow:246332"
[1] "2007:174"
[1] "2007:174:The number of rows in all_predict_ens1_1km_all_df is not 540261."
[1] "2007:nrow is of 591869"
[1] "2008:99:The number of rows in all_predict_ens1_200m_urban_df is not 230825."
[1] "2008:99:nrow:246332"
[1] "2008:100"
[1] "2008:100:The number of rows in all_predict_ens1_1km_all_df is not 540261."
[1] "2008:nrow is of 591869"
[1] "2007:174:The number of rows in all_predict_ens1_200m_urban_df is not 230825."
[1] "2007:174:nrow:246332"
[1] "2007:175"
[1] "2007:175:The number of rows in all_predict_ens1_1km_all_df is not 540261."
[1] "2007:nrow is of 591869"
[1] "2008:100:The number of rows in all_predict_ens1_200m_urban_df is not 230825."
[1] "2008:100:nrow:246332"
[1] "2008:101"
[1] "2008:101:The number of rows in all_predict_ens1_1km_all_df is not 540261."
[1] "2008:nrow is of 591869"
[1] "2007:175:The number of rows in all_predict_ens1_200m_urban_df is not 230825."
[1] "2007:175:nrow:246332"
[1] "2007:176"
[1] "2007:176:The number of rows in all_predict_ens1_1km_all_df is not 540261."
[1] "2007:nrow is of 591869"
[1] "2008:101:The number of rows in all_predict_ens1_200m_urban_df is not 230825."
[1] "2008:101:nrow:246332"
[1] "2008:102"
[1] "2008:102:The number of rows in all_predict_ens1_1km_all_df is not 540261."
[1] "2008:nrow is of 591869"
[1] "2007:176:The number of rows in all_predict_ens1_200m_urban_df is not 230825."
[1] "2007:176:nrow:246332"
[1] "2007:177"
[1] "2007:177:The number of rows in all_predict_ens1_1km_all_df is not 540261."
[1] "2007:nrow is of 591869"
[1] "2007:177:The number of rows in all_predict_ens1_200m_urban_df is not 230825."
[1] "2007:177:nrow:246332"
[1] "2007:178"
[1] "2007:178:The number of rows in all_predict_ens1_1km_all_df is not 540261."
[1] "2007:nrow is of 591869"
[1] "2008:102:The number of rows in all_predict_ens1_200m_urban_df is not 230825."
[1] "2008:102:nrow:246332"
[1] "2008:103"
[1] "2008:103:The number of rows in all_predict_ens1_1km_all_df is not 540261."
[1] "2008:nrow is of 591869"
[1] "2007:178:The number of rows in all_predict_ens1_200m_urban_df is not 230825."
[1] "2007:178:nrow:246332"
[1] "2007:179"
[1] "2007:179:The number of rows in all_predict_ens1_1km_all_df is not 540261."
[1] "2007:nrow is of 591869"
[1] "2008:103:The number of rows in all_predict_ens1_200m_urban_df is not 230825."
[1] "2008:103:nrow:246332"
[1] "2008:104"
[1] "2008:104:The number of rows in all_predict_ens1_1km_all_df is not 540261."
[1] "2008:nrow is of 591869"
[1] "2007:179:The number of rows in all_predict_ens1_200m_urban_df is not 230825."
[1] "2007:179:nrow:246332"
[1] "2007:180"
[1] "2007:180:The number of rows in all_predict_ens1_1km_all_df is not 540261."
[1] "2007:nrow is of 591869"
[1] "2008:104:The number of rows in all_predict_ens1_200m_urban_df is not 230825."
[1] "2008:104:nrow:246332"
[1] "2008:105"
[1] "2008:105:The number of rows in all_predict_ens1_1km_all_df is not 540261."
[1] "2008:nrow is of 591869"
[1] "2007:180:The number of rows in all_predict_ens1_200m_urban_df is not 230825."
[1] "2007:180:nrow:246332"
[1] "2007:181"
[1] "2007:181:The number of rows in all_predict_ens1_1km_all_df is not 540261."
[1] "2007:nrow is of 591869"
[1] "2007:181:The number of rows in all_predict_ens1_200m_urban_df is not 230825."
[1] "2007:181:nrow:246332"
[1] "2007:182"
[1] "2007:182:The number of rows in all_predict_ens1_1km_all_df is not 540261."
[1] "2007:nrow is of 591869"
[1] "2007:182:The number of rows in all_predict_ens1_200m_urban_df is not 230825."
[1] "2007:182:nrow:246332"
[1] "2007:183"
[1] "2007:183:The number of rows in all_predict_ens1_1km_all_df is not 540261."
[1] "2007:nrow is of 591869"
[1] "2007:183:The number of rows in all_predict_ens1_200m_urban_df is not 230825."
[1] "2007:183:nrow:246332"
[1] "2007:184"
[1] "2007:184:The number of rows in all_predict_ens1_1km_all_df is not 540261."
[1] "2007:nrow is of 591869"
[1] "2007:184:The number of rows in all_predict_ens1_200m_urban_df is not 230825."
[1] "2007:184:nrow:246332"
[1] "2007:185"
[1] "2007:185:The number of rows in all_predict_ens1_1km_all_df is not 540261."
[1] "2007:nrow is of 591869"
[1] "2007:185:The number of rows in all_predict_ens1_200m_urban_df is not 230825."
[1] "2007:185:nrow:246332"
[1] "2007:186"
[1] "2007:186:The number of rows in all_predict_ens1_1km_all_df is not 540261."
[1] "2007:nrow is of 591869"
[1] "2007:186:The number of rows in all_predict_ens1_200m_urban_df is not 230825."
[1] "2007:186:nrow:246332"
[1] "2007:187"
[1] "2008:105:The number of rows in all_predict_ens1_200m_urban_df is not 230825."
[1] "2008:105:nrow:246332"
[1] "2008:106"
[1] "2007:187:The number of rows in all_predict_ens1_1km_all_df is not 540261."
[1] "2007:nrow is of 591869"
[1] "2008:106:The number of rows in all_predict_ens1_1km_all_df is not 540261."
[1] "2008:nrow is of 591869"
[1] "2007:187:The number of rows in all_predict_ens1_200m_urban_df is not 230825."
[1] "2007:187:nrow:246332"
[1] "2007:188"
[1] "2007:188:The number of rows in all_predict_ens1_1km_all_df is not 540261."
[1] "2007:nrow is of 591869"
[1] "2008:106:The number of rows in all_predict_ens1_200m_urban_df is not 230825."
[1] "2008:106:nrow:246332"
[1] "2008:107"
[1] "2008:107:The number of rows in all_predict_ens1_1km_all_df is not 540261."
[1] "2008:nrow is of 591869"
[1] "2007:188:The number of rows in all_predict_ens1_200m_urban_df is not 230825."
[1] "2007:188:nrow:246332"
[1] "2007:189"
[1] "2008:107:The number of rows in all_predict_ens1_200m_urban_df is not 230825."
[1] "2008:107:nrow:246332"
[1] "2008:108"
[1] "2007:189:The number of rows in all_predict_ens1_1km_all_df is not 540261."
[1] "2007:nrow is of 591869"
[1] "2008:108:The number of rows in all_predict_ens1_1km_all_df is not 540261."
[1] "2008:nrow is of 591869"
[1] "2007:189:The number of rows in all_predict_ens1_200m_urban_df is not 230825."
[1] "2007:189:nrow:246332"
[1] "2007:190"
[1] "2007:190:The number of rows in all_predict_ens1_1km_all_df is not 540261."
[1] "2007:nrow is of 591869"
[1] "2008:108:The number of rows in all_predict_ens1_200m_urban_df is not 230825."
[1] "2008:108:nrow:246332"
[1] "2008:109"
[1] "2008:109:The number of rows in all_predict_ens1_1km_all_df is not 540261."
[1] "2008:nrow is of 591869"
[1] "2007:190:The number of rows in all_predict_ens1_200m_urban_df is not 230825."
[1] "2007:190:nrow:246332"
[1] "2007:191"
[1] "2007:191:The number of rows in all_predict_ens1_1km_all_df is not 540261."
[1] "2007:nrow is of 591869"
[1] "2008:109:The number of rows in all_predict_ens1_200m_urban_df is not 230825."
[1] "2008:109:nrow:246332"
[1] "2008:110"
[1] "2008:110:The number of rows in all_predict_ens1_1km_all_df is not 540261."
[1] "2008:nrow is of 591869"
[1] "2007:191:The number of rows in all_predict_ens1_200m_urban_df is not 230825."
[1] "2007:191:nrow:246332"
[1] "2007:192"
[1] "2007:192:The number of rows in all_predict_ens1_1km_all_df is not 540261."
[1] "2007:nrow is of 591869"
[1] "2008:110:The number of rows in all_predict_ens1_200m_urban_df is not 230825."
[1] "2008:110:nrow:246332"
[1] "2008:111"
[1] "2008:111:The number of rows in all_predict_ens1_1km_all_df is not 540261."
[1] "2008:nrow is of 591869"
[1] "2007:192:The number of rows in all_predict_ens1_200m_urban_df is not 230825."
[1] "2007:192:nrow:246332"
[1] "2007:193"
[1] "2007:193:The number of rows in all_predict_ens1_1km_all_df is not 540261."
[1] "2007:nrow is of 591869"
[1] "2007:193:The number of rows in all_predict_ens1_200m_urban_df is not 230825."
[1] "2007:193:nrow:246332"
[1] "2007:194"
[1] "2008:111:The number of rows in all_predict_ens1_200m_urban_df is not 230825."
[1] "2008:111:nrow:246332"
[1] "2008:112"
[1] "2007:194:The number of rows in all_predict_ens1_1km_all_df is not 540261."
[1] "2007:nrow is of 591869"
[1] "2008:112:The number of rows in all_predict_ens1_1km_all_df is not 540261."
[1] "2008:nrow is of 591869"
[1] "2007:194:The number of rows in all_predict_ens1_200m_urban_df is not 230825."
[1] "2007:194:nrow:246332"
[1] "2007:195"
[1] "2008:112:The number of rows in all_predict_ens1_200m_urban_df is not 230825."
[1] "2008:112:nrow:246332"
[1] "2008:113"
[1] "2007:195:The number of rows in all_predict_ens1_1km_all_df is not 540261."
[1] "2007:nrow is of 591869"
[1] "2008:113:The number of rows in all_predict_ens1_1km_all_df is not 540261."
[1] "2008:nrow is of 591869"
[1] "2007:195:The number of rows in all_predict_ens1_200m_urban_df is not 230825."
[1] "2007:195:nrow:246332"
[1] "2007:196"
[1] "2008:113:The number of rows in all_predict_ens1_200m_urban_df is not 230825."
[1] "2008:113:nrow:246332"
[1] "2008:114"
[1] "2007:196:The number of rows in all_predict_ens1_1km_all_df is not 540261."
[1] "2007:nrow is of 591869"
[1] "2008:114:The number of rows in all_predict_ens1_1km_all_df is not 540261."
[1] "2008:nrow is of 591869"
[1] "2008:114:The number of rows in all_predict_ens1_200m_urban_df is not 230825."
[1] "2008:114:nrow:246332"
[1] "2008:115"
[1] "2008:115:The number of rows in all_predict_ens1_1km_all_df is not 540261."
[1] "2008:nrow is of 591869"
[1] "2008:115:The number of rows in all_predict_ens1_200m_urban_df is not 230825."
[1] "2008:115:nrow:246332"
[1] "2008:116"
[1] "2008:116:The number of rows in all_predict_ens1_1km_all_df is not 540261."
[1] "2008:nrow is of 591869"
[1] "2008:116:The number of rows in all_predict_ens1_200m_urban_df is not 230825."
[1] "2008:116:nrow:246332"
[1] "2008:117"
[1] "2008:117:The number of rows in all_predict_ens1_1km_all_df is not 540261."
[1] "2008:nrow is of 591869"
[1] "2008:117:The number of rows in all_predict_ens1_200m_urban_df is not 230825."
[1] "2008:117:nrow:246332"
[1] "2008:118"
[1] "2007:196:The number of rows in all_predict_ens1_200m_urban_df is not 230825."
[1] "2007:196:nrow:246332"
[1] "2007:197"
[1] "2008:118:The number of rows in all_predict_ens1_1km_all_df is not 540261."
[1] "2008:nrow is of 591869"
[1] "2007:197:The number of rows in all_predict_ens1_1km_all_df is not 540261."
[1] "2007:nrow is of 591869"
[1] "2008:118:The number of rows in all_predict_ens1_200m_urban_df is not 230825."
[1] "2008:118:nrow:246332"
[1] "2008:119"
[1] "2007:197:The number of rows in all_predict_ens1_200m_urban_df is not 230825."
[1] "2007:197:nrow:246332"
[1] "2007:198"
[1] "2008:119:The number of rows in all_predict_ens1_1km_all_df is not 540261."
[1] "2008:nrow is of 591869"
[1] "2007:198:The number of rows in all_predict_ens1_1km_all_df is not 540261."
[1] "2007:nrow is of 591869"
[1] "2008:119:The number of rows in all_predict_ens1_200m_urban_df is not 230825."
[1] "2008:119:nrow:246332"
[1] "2008:120"
[1] "2007:198:The number of rows in all_predict_ens1_200m_urban_df is not 230825."
[1] "2007:198:nrow:246332"
[1] "2007:199"
[1] "2007:199:The number of rows in all_predict_ens1_1km_all_df is not 540261."
[1] "2007:nrow is of 591869"
[1] "2008:120:The number of rows in all_predict_ens1_1km_all_df is not 540261."
[1] "2008:nrow is of 591869"
[1] "2007:199:The number of rows in all_predict_ens1_200m_urban_df is not 230825."
[1] "2007:199:nrow:246332"
[1] "2007:200"
[1] "2007:200:The number of rows in all_predict_ens1_1km_all_df is not 540261."
[1] "2007:nrow is of 591869"
[1] "2008:120:The number of rows in all_predict_ens1_200m_urban_df is not 230825."
[1] "2008:120:nrow:246332"
[1] "2008:121"
[1] "2008:121:The number of rows in all_predict_ens1_1km_all_df is not 540261."
[1] "2008:nrow is of 591869"
[1] "2007:200:The number of rows in all_predict_ens1_200m_urban_df is not 230825."
[1] "2007:200:nrow:246332"
[1] "2007:201"
[1] "2007:201:The number of rows in all_predict_ens1_1km_all_df is not 540261."
[1] "2007:nrow is of 591869"
[1] "2008:121:The number of rows in all_predict_ens1_200m_urban_df is not 230825."
[1] "2008:121:nrow:246332"
[1] "2008:122"
[1] "2008:122:The number of rows in all_predict_ens1_1km_all_df is not 540261."
[1] "2008:nrow is of 591869"
[1] "2007:201:The number of rows in all_predict_ens1_200m_urban_df is not 230825."
[1] "2007:201:nrow:246332"
[1] "2007:202"
[1] "2007:202:The number of rows in all_predict_ens1_1km_all_df is not 540261."
[1] "2007:nrow is of 591869"
[1] "2007:202:The number of rows in all_predict_ens1_200m_urban_df is not 230825."
[1] "2007:202:nrow:246332"
[1] "2007:203"
[1] "2008:122:The number of rows in all_predict_ens1_200m_urban_df is not 230825."
[1] "2008:122:nrow:246332"
[1] "2008:123"
[1] "2007:203:The number of rows in all_predict_ens1_1km_all_df is not 540261."
[1] "2007:nrow is of 591869"
[1] "2008:123:The number of rows in all_predict_ens1_1km_all_df is not 540261."
[1] "2008:nrow is of 591869"
[1] "2007:203:The number of rows in all_predict_ens1_200m_urban_df is not 230825."
[1] "2007:203:nrow:246332"
[1] "2007:204"
[1] "2008:123:The number of rows in all_predict_ens1_200m_urban_df is not 230825."
[1] "2008:123:nrow:246332"
[1] "2008:124"
[1] "2007:204:The number of rows in all_predict_ens1_1km_all_df is not 540261."
[1] "2007:nrow is of 591869"
[1] "2008:124:The number of rows in all_predict_ens1_1km_all_df is not 540261."
[1] "2008:nrow is of 591869"
[1] "2008:124:The number of rows in all_predict_ens1_200m_urban_df is not 230825."
[1] "2008:124:nrow:246332"
[1] "2008:125"
[1] "2007:204:The number of rows in all_predict_ens1_200m_urban_df is not 230825."
[1] "2007:204:nrow:246332"
[1] "2007:205"
[1] "2008:125:The number of rows in all_predict_ens1_1km_all_df is not 540261."
[1] "2008:nrow is of 591869"
[1] "2007:205:The number of rows in all_predict_ens1_1km_all_df is not 540261."
[1] "2007:nrow is of 591869"
[1] "2007:205:The number of rows in all_predict_ens1_200m_urban_df is not 230825."
[1] "2007:205:nrow:246332"
[1] "2007:206"
[1] "2007:206:The number of rows in all_predict_ens1_1km_all_df is not 540261."
[1] "2007:nrow is of 591869"
[1] "2008:125:The number of rows in all_predict_ens1_200m_urban_df is not 230825."
[1] "2008:125:nrow:246332"
[1] "2008:126"
[1] "2008:126:The number of rows in all_predict_ens1_1km_all_df is not 540261."
[1] "2008:nrow is of 591869"
[1] "2007:206:The number of rows in all_predict_ens1_200m_urban_df is not 230825."
[1] "2007:206:nrow:246332"
[1] "2007:207"
[1] "2007:207:The number of rows in all_predict_ens1_1km_all_df is not 540261."
[1] "2007:nrow is of 591869"
[1] "2008:126:The number of rows in all_predict_ens1_200m_urban_df is not 230825."
[1] "2008:126:nrow:246332"
[1] "2008:127"
[1] "2008:127:The number of rows in all_predict_ens1_1km_all_df is not 540261."
[1] "2008:nrow is of 591869"
[1] "2007:207:The number of rows in all_predict_ens1_200m_urban_df is not 230825."
[1] "2007:207:nrow:246332"
[1] "2007:208"
[1] "2007:208:The number of rows in all_predict_ens1_1km_all_df is not 540261."
[1] "2007:nrow is of 591869"
[1] "2008:127:The number of rows in all_predict_ens1_200m_urban_df is not 230825."
[1] "2008:127:nrow:246332"
[1] "2008:128"
[1] "2007:208:The number of rows in all_predict_ens1_200m_urban_df is not 230825."
[1] "2007:208:nrow:246332"
[1] "2007:209"
[1] "2007:209:The number of rows in all_predict_ens1_1km_all_df is not 540261."
[1] "2007:nrow is of 591869"
[1] "2008:128:The number of rows in all_predict_ens1_1km_all_df is not 540261."
[1] "2008:nrow is of 591869"
[1] "2007:209:The number of rows in all_predict_ens1_200m_urban_df is not 230825."
[1] "2007:209:nrow:246332"
[1] "2007:210"
[1] "2008:128:The number of rows in all_predict_ens1_200m_urban_df is not 230825."
[1] "2008:128:nrow:246332"
[1] "2008:129"
[1] "2007:210:The number of rows in all_predict_ens1_1km_all_df is not 540261."
[1] "2007:nrow is of 591869"
[1] "2008:129:The number of rows in all_predict_ens1_1km_all_df is not 540261."
[1] "2008:nrow is of 591869"
[1] "2007:210:The number of rows in all_predict_ens1_200m_urban_df is not 230825."
[1] "2007:210:nrow:246332"
[1] "2007:211"
[1] "2008:129:The number of rows in all_predict_ens1_200m_urban_df is not 230825."
[1] "2008:129:nrow:246332"
[1] "2008:130"
[1] "2007:211:The number of rows in all_predict_ens1_1km_all_df is not 540261."
[1] "2007:nrow is of 591869"
[1] "2008:130:The number of rows in all_predict_ens1_1km_all_df is not 540261."
[1] "2008:nrow is of 591869"
[1] "2007:211:The number of rows in all_predict_ens1_200m_urban_df is not 230825."
[1] "2007:211:nrow:246332"
[1] "2007:212"
[1] "2007:212:The number of rows in all_predict_ens1_1km_all_df is not 540261."
[1] "2007:nrow is of 591869"
[1] "2008:130:The number of rows in all_predict_ens1_200m_urban_df is not 230825."
[1] "2008:130:nrow:246332"
[1] "2008:131"
[1] "2008:131:The number of rows in all_predict_ens1_1km_all_df is not 540261."
[1] "2008:nrow is of 591869"
[1] "2007:212:The number of rows in all_predict_ens1_200m_urban_df is not 230825."
[1] "2007:212:nrow:246332"
[1] "2007:213"
[1] "2007:213:The number of rows in all_predict_ens1_1km_all_df is not 540261."
[1] "2007:nrow is of 591869"
[1] "2008:131:The number of rows in all_predict_ens1_200m_urban_df is not 230825."
[1] "2008:131:nrow:246332"
[1] "2008:132"
[1] "2008:132:The number of rows in all_predict_ens1_1km_all_df is not 540261."
[1] "2008:nrow is of 591869"
[1] "2007:213:The number of rows in all_predict_ens1_200m_urban_df is not 230825."
[1] "2007:213:nrow:246332"
[1] "2007:214"
[1] "2007:214:The number of rows in all_predict_ens1_1km_all_df is not 540261."
[1] "2007:nrow is of 591869"
[1] "2008:132:The number of rows in all_predict_ens1_200m_urban_df is not 230825."
[1] "2008:132:nrow:246332"
[1] "2008:133"
[1] "2008:133:The number of rows in all_predict_ens1_1km_all_df is not 540261."
[1] "2008:nrow is of 591869"
[1] "2007:214:The number of rows in all_predict_ens1_200m_urban_df is not 230825."
[1] "2007:214:nrow:246332"
[1] "2007:215"
[1] "2007:215:The number of rows in all_predict_ens1_1km_all_df is not 540261."
[1] "2007:nrow is of 591869"
[1] "2008:133:The number of rows in all_predict_ens1_200m_urban_df is not 230825."
[1] "2008:133:nrow:246332"
[1] "2008:134"
[1] "2007:215:The number of rows in all_predict_ens1_200m_urban_df is not 230825."
[1] "2007:215:nrow:246332"
[1] "2007:216"
[1] "2008:134:The number of rows in all_predict_ens1_1km_all_df is not 540261."
[1] "2008:nrow is of 591869"
[1] "2007:216:The number of rows in all_predict_ens1_1km_all_df is not 540261."
[1] "2007:nrow is of 591869"
[1] "2008:134:The number of rows in all_predict_ens1_200m_urban_df is not 230825."
[1] "2008:134:nrow:246332"
[1] "2008:135"
[1] "2007:216:The number of rows in all_predict_ens1_200m_urban_df is not 230825."
[1] "2007:216:nrow:246332"
[1] "2007:217"
[1] "2008:135:The number of rows in all_predict_ens1_1km_all_df is not 540261."
[1] "2008:nrow is of 591869"
[1] "2007:217:The number of rows in all_predict_ens1_1km_all_df is not 540261."
[1] "2007:nrow is of 591869"
[1] "2008:135:The number of rows in all_predict_ens1_200m_urban_df is not 230825."
[1] "2008:135:nrow:246332"
[1] "2008:136"
[1] "2007:217:The number of rows in all_predict_ens1_200m_urban_df is not 230825."
[1] "2007:217:nrow:246332"
[1] "2007:218"
[1] "2007:218:The number of rows in all_predict_ens1_1km_all_df is not 540261."
[1] "2007:nrow is of 591869"
[1] "2008:136:The number of rows in all_predict_ens1_1km_all_df is not 540261."
[1] "2008:nrow is of 591869"
[1] "2007:218:The number of rows in all_predict_ens1_200m_urban_df is not 230825."
[1] "2007:218:nrow:246332"
[1] "2007:219"
[1] "2007:219:The number of rows in all_predict_ens1_1km_all_df is not 540261."
[1] "2007:nrow is of 591869"
[1] "2008:136:The number of rows in all_predict_ens1_200m_urban_df is not 230825."
[1] "2008:136:nrow:246332"
[1] "2008:137"
[1] "2008:137:The number of rows in all_predict_ens1_1km_all_df is not 540261."
[1] "2008:nrow is of 591869"
[1] "2007:219:The number of rows in all_predict_ens1_200m_urban_df is not 230825."
[1] "2007:219:nrow:246332"
[1] "2007:220"
[1] "2007:220:The number of rows in all_predict_ens1_1km_all_df is not 540261."
[1] "2007:nrow is of 591869"
[1] "2008:137:The number of rows in all_predict_ens1_200m_urban_df is not 230825."
[1] "2008:137:nrow:246332"
[1] "2008:138"
[1] "2008:138:The number of rows in all_predict_ens1_1km_all_df is not 540261."
[1] "2008:nrow is of 591869"
[1] "2007:220:The number of rows in all_predict_ens1_200m_urban_df is not 230825."
[1] "2007:220:nrow:246332"
[1] "2007:221"
[1] "2007:221:The number of rows in all_predict_ens1_1km_all_df is not 540261."
[1] "2007:nrow is of 591869"
[1] "2007:221:The number of rows in all_predict_ens1_200m_urban_df is not 230825."
[1] "2007:221:nrow:246332"
[1] "2007:222"
[1] "2008:138:The number of rows in all_predict_ens1_200m_urban_df is not 230825."
[1] "2008:138:nrow:246332"
[1] "2008:139"
[1] "2007:222:The number of rows in all_predict_ens1_1km_all_df is not 540261."
[1] "2007:nrow is of 591869"
[1] "2008:139:The number of rows in all_predict_ens1_1km_all_df is not 540261."
[1] "2008:nrow is of 591869"
[1] "2007:222:The number of rows in all_predict_ens1_200m_urban_df is not 230825."
[1] "2007:222:nrow:246332"
[1] "2007:223"
[1] "2008:139:The number of rows in all_predict_ens1_200m_urban_df is not 230825."
[1] "2008:139:nrow:246332"
[1] "2008:140"
[1] "2007:223:The number of rows in all_predict_ens1_1km_all_df is not 540261."
[1] "2007:nrow is of 591869"
[1] "2008:140:The number of rows in all_predict_ens1_1km_all_df is not 540261."
[1] "2008:nrow is of 591869"
[1] "2007:223:The number of rows in all_predict_ens1_200m_urban_df is not 230825."
[1] "2007:223:nrow:246332"
[1] "2007:224"
[1] "2008:140:The number of rows in all_predict_ens1_200m_urban_df is not 230825."
[1] "2008:140:nrow:246332"
[1] "2008:141"
[1] "2007:224:The number of rows in all_predict_ens1_1km_all_df is not 540261."
[1] "2007:nrow is of 591869"
[1] "2008:141:The number of rows in all_predict_ens1_1km_all_df is not 540261."
[1] "2008:nrow is of 591869"
[1] "2007:224:The number of rows in all_predict_ens1_200m_urban_df is not 230825."
[1] "2007:224:nrow:246332"
[1] "2007:225"
[1] "2007:225:The number of rows in all_predict_ens1_1km_all_df is not 540261."
[1] "2007:nrow is of 591869"
[1] "2008:141:The number of rows in all_predict_ens1_200m_urban_df is not 230825."
[1] "2008:141:nrow:246332"
[1] "2008:142"
[1] "2008:142:The number of rows in all_predict_ens1_1km_all_df is not 540261."
[1] "2008:nrow is of 591869"
[1] "2007:225:The number of rows in all_predict_ens1_200m_urban_df is not 230825."
[1] "2007:225:nrow:246332"
[1] "2007:226"
[1] "2007:226:The number of rows in all_predict_ens1_1km_all_df is not 540261."
[1] "2007:nrow is of 591869"
[1] "2008:142:The number of rows in all_predict_ens1_200m_urban_df is not 230825."
[1] "2008:142:nrow:246332"
[1] "2008:143"
[1] "2008:143:The number of rows in all_predict_ens1_1km_all_df is not 540261."
[1] "2008:nrow is of 591869"
[1] "2007:226:The number of rows in all_predict_ens1_200m_urban_df is not 230825."
[1] "2007:226:nrow:246332"
[1] "2007:227"
[1] "2007:227:The number of rows in all_predict_ens1_1km_all_df is not 540261."
[1] "2007:nrow is of 591869"
[1] "2007:227:The number of rows in all_predict_ens1_200m_urban_df is not 230825."
[1] "2007:227:nrow:246332"
[1] "2007:228"
[1] "2008:143:The number of rows in all_predict_ens1_200m_urban_df is not 230825."
[1] "2008:143:nrow:246332"
[1] "2008:144"
[1] "2007:228:The number of rows in all_predict_ens1_1km_all_df is not 540261."
[1] "2007:nrow is of 591869"
[1] "2008:144:The number of rows in all_predict_ens1_1km_all_df is not 540261."
[1] "2008:nrow is of 591869"
[1] "2007:228:The number of rows in all_predict_ens1_200m_urban_df is not 230825."
[1] "2007:228:nrow:246332"
[1] "2007:229"
[1] "2008:144:The number of rows in all_predict_ens1_200m_urban_df is not 230825."
[1] "2008:144:nrow:246332"
[1] "2008:145"
[1] "2007:229:The number of rows in all_predict_ens1_1km_all_df is not 540261."
[1] "2007:nrow is of 591869"
[1] "2008:145:The number of rows in all_predict_ens1_1km_all_df is not 540261."
[1] "2008:nrow is of 591869"
[1] "2007:229:The number of rows in all_predict_ens1_200m_urban_df is not 230825."
[1] "2007:229:nrow:246332"
[1] "2007:230"
[1] "2008:145:The number of rows in all_predict_ens1_200m_urban_df is not 230825."
[1] "2008:145:nrow:246332"
[1] "2008:146"
[1] "2007:230:The number of rows in all_predict_ens1_1km_all_df is not 540261."
[1] "2007:nrow is of 591869"
[1] "2008:146:The number of rows in all_predict_ens1_1km_all_df is not 540261."
[1] "2008:nrow is of 591869"
[1] "2007:230:The number of rows in all_predict_ens1_200m_urban_df is not 230825."
[1] "2007:230:nrow:246332"
[1] "2007:231"
[1] "2007:231:The number of rows in all_predict_ens1_1km_all_df is not 540261."
[1] "2007:nrow is of 591869"
[1] "2008:146:The number of rows in all_predict_ens1_200m_urban_df is not 230825."
[1] "2008:146:nrow:246332"
[1] "2008:147"
[1] "2008:147:The number of rows in all_predict_ens1_1km_all_df is not 540261."
[1] "2008:nrow is of 591869"
[1] "2007:231:The number of rows in all_predict_ens1_200m_urban_df is not 230825."
[1] "2007:231:nrow:246332"
[1] "2007:232"
[1] "2007:232:The number of rows in all_predict_ens1_1km_all_df is not 540261."
[1] "2007:nrow is of 591869"
[1] "2008:147:The number of rows in all_predict_ens1_200m_urban_df is not 230825."
[1] "2008:147:nrow:246332"
[1] "2008:148"
[1] "2007:232:The number of rows in all_predict_ens1_200m_urban_df is not 230825."
[1] "2007:232:nrow:246332"
[1] "2007:233"
[1] "2007:233:The number of rows in all_predict_ens1_1km_all_df is not 540261."
[1] "2007:nrow is of 591869"
[1] "2008:148:The number of rows in all_predict_ens1_1km_all_df is not 540261."
[1] "2008:nrow is of 591869"
[1] "2007:233:The number of rows in all_predict_ens1_200m_urban_df is not 230825."
[1] "2007:233:nrow:246332"
[1] "2007:234"
[1] "2008:148:The number of rows in all_predict_ens1_200m_urban_df is not 230825."
[1] "2008:148:nrow:246332"
[1] "2008:149"
[1] "2007:234:The number of rows in all_predict_ens1_1km_all_df is not 540261."
[1] "2007:nrow is of 591869"
[1] "2008:149:The number of rows in all_predict_ens1_1km_all_df is not 540261."
[1] "2008:nrow is of 591869"
[1] "2007:234:The number of rows in all_predict_ens1_200m_urban_df is not 230825."
[1] "2007:234:nrow:246332"
[1] "2007:235"
[1] "2008:149:The number of rows in all_predict_ens1_200m_urban_df is not 230825."
[1] "2008:149:nrow:246332"
[1] "2008:150"
[1] "2007:235:The number of rows in all_predict_ens1_1km_all_df is not 540261."
[1] "2007:nrow is of 591869"
[1] "2007:235:The number of rows in all_predict_ens1_200m_urban_df is not 230825."
[1] "2007:235:nrow:246332"
[1] "2007:236"
[1] "2007:236:The number of rows in all_predict_ens1_1km_all_df is not 540261."
[1] "2007:nrow is of 591869"
[1] "2007:236:The number of rows in all_predict_ens1_200m_urban_df is not 230825."
[1] "2007:236:nrow:246332"
[1] "2007:237"
[1] "2007:237:The number of rows in all_predict_ens1_1km_all_df is not 540261."
[1] "2007:nrow is of 591869"
[1] "2007:237:The number of rows in all_predict_ens1_200m_urban_df is not 230825."
[1] "2007:237:nrow:246332"
[1] "2007:238"
[1] "2007:238:The number of rows in all_predict_ens1_1km_all_df is not 540261."
[1] "2007:nrow is of 591869"
[1] "2007:238:The number of rows in all_predict_ens1_200m_urban_df is not 230825."
[1] "2007:238:nrow:246332"
[1] "2007:239"
[1] "2007:239:The number of rows in all_predict_ens1_1km_all_df is not 540261."
[1] "2007:nrow is of 591869"
[1] "2007:239:The number of rows in all_predict_ens1_200m_urban_df is not 230825."
[1] "2007:239:nrow:246332"
[1] "2007:240"
[1] "2007:240:The number of rows in all_predict_ens1_1km_all_df is not 540261."
[1] "2007:nrow is of 591869"
[1] "2008:150:The number of rows in all_predict_ens1_1km_all_df is not 540261."
[1] "2008:nrow is of 591869"
[1] "2007:240:The number of rows in all_predict_ens1_200m_urban_df is not 230825."
[1] "2007:240:nrow:246332"
[1] "2007:241"
[1] "2007:241:The number of rows in all_predict_ens1_1km_all_df is not 540261."
[1] "2007:nrow is of 591869"
[1] "2008:150:The number of rows in all_predict_ens1_200m_urban_df is not 230825."
[1] "2008:150:nrow:246332"
[1] "2008:151"
[1] "2008:151:The number of rows in all_predict_ens1_1km_all_df is not 540261."
[1] "2008:nrow is of 591869"
[1] "2007:241:The number of rows in all_predict_ens1_200m_urban_df is not 230825."
[1] "2007:241:nrow:246332"
[1] "2007:242"
[1] "2007:242:The number of rows in all_predict_ens1_1km_all_df is not 540261."
[1] "2007:nrow is of 591869"
[1] "2008:151:The number of rows in all_predict_ens1_200m_urban_df is not 230825."
[1] "2008:151:nrow:246332"
[1] "2008:152"
[1] "2008:152:The number of rows in all_predict_ens1_1km_all_df is not 540261."
[1] "2008:nrow is of 591869"
[1] "2007:242:The number of rows in all_predict_ens1_200m_urban_df is not 230825."
[1] "2007:242:nrow:246332"
[1] "2007:243"
[1] "2007:243:The number of rows in all_predict_ens1_1km_all_df is not 540261."
[1] "2007:nrow is of 591869"
[1] "2008:152:The number of rows in all_predict_ens1_200m_urban_df is not 230825."
[1] "2008:152:nrow:246332"
[1] "2008:153"
[1] "2008:153:The number of rows in all_predict_ens1_1km_all_df is not 540261."
[1] "2008:nrow is of 591869"
[1] "2007:243:The number of rows in all_predict_ens1_200m_urban_df is not 230825."
[1] "2007:243:nrow:246332"
[1] "2007:244"
[1] "2007:244:The number of rows in all_predict_ens1_1km_all_df is not 540261."
[1] "2007:nrow is of 591869"
[1] "2008:153:The number of rows in all_predict_ens1_200m_urban_df is not 230825."
[1] "2008:153:nrow:246332"
[1] "2008:154"
[1] "2007:244:The number of rows in all_predict_ens1_200m_urban_df is not 230825."
[1] "2007:244:nrow:246332"
[1] "2007:245"
[1] "2008:154:The number of rows in all_predict_ens1_1km_all_df is not 540261."
[1] "2008:nrow is of 591869"
[1] "2007:245:The number of rows in all_predict_ens1_1km_all_df is not 540261."
[1] "2007:nrow is of 591869"
[1] "2007:245:The number of rows in all_predict_ens1_200m_urban_df is not 230825."
[1] "2007:245:nrow:246332"
[1] "2007:246"
[1] "2007:246:The number of rows in all_predict_ens1_1km_all_df is not 540261."
[1] "2007:nrow is of 591869"
[1] "2008:154:The number of rows in all_predict_ens1_200m_urban_df is not 230825."
[1] "2008:154:nrow:246332"
[1] "2008:155"
[1] "2008:155:The number of rows in all_predict_ens1_1km_all_df is not 540261."
[1] "2008:nrow is of 591869"
[1] "2007:246:The number of rows in all_predict_ens1_200m_urban_df is not 230825."
[1] "2007:246:nrow:246332"
[1] "2007:247"
[1] "2007:247:The number of rows in all_predict_ens1_1km_all_df is not 540261."
[1] "2007:nrow is of 591869"
[1] "2008:155:The number of rows in all_predict_ens1_200m_urban_df is not 230825."
[1] "2008:155:nrow:246332"
[1] "2008:156"
[1] "2008:156:The number of rows in all_predict_ens1_1km_all_df is not 540261."
[1] "2008:nrow is of 591869"
[1] "2007:247:The number of rows in all_predict_ens1_200m_urban_df is not 230825."
[1] "2007:247:nrow:246332"
[1] "2007:248"
[1] "2007:248:The number of rows in all_predict_ens1_1km_all_df is not 540261."
[1] "2007:nrow is of 591869"
[1] "2008:156:The number of rows in all_predict_ens1_200m_urban_df is not 230825."
[1] "2008:156:nrow:246332"
[1] "2008:157"
[1] "2008:157:The number of rows in all_predict_ens1_1km_all_df is not 540261."
[1] "2008:nrow is of 591869"
[1] "2007:248:The number of rows in all_predict_ens1_200m_urban_df is not 230825."
[1] "2007:248:nrow:246332"
[1] "2007:249"
[1] "2007:249:The number of rows in all_predict_ens1_1km_all_df is not 540261."
[1] "2007:nrow is of 591869"
[1] "2008:157:The number of rows in all_predict_ens1_200m_urban_df is not 230825."
[1] "2008:157:nrow:246332"
[1] "2008:158"
[1] "2008:158:The number of rows in all_predict_ens1_1km_all_df is not 540261."
[1] "2008:nrow is of 591869"
[1] "2007:249:The number of rows in all_predict_ens1_200m_urban_df is not 230825."
[1] "2007:249:nrow:246332"
[1] "2007:250"
[1] "2007:250:The number of rows in all_predict_ens1_1km_all_df is not 540261."
[1] "2007:nrow is of 591869"
[1] "2007:250:The number of rows in all_predict_ens1_200m_urban_df is not 230825."
[1] "2007:250:nrow:246332"
[1] "2007:251"
[1] "2008:158:The number of rows in all_predict_ens1_200m_urban_df is not 230825."
[1] "2008:158:nrow:246332"
[1] "2008:159"
[1] "2007:251:The number of rows in all_predict_ens1_1km_all_df is not 540261."
[1] "2007:nrow is of 591869"
[1] "2008:159:The number of rows in all_predict_ens1_1km_all_df is not 540261."
[1] "2008:nrow is of 591869"
[1] "2007:251:The number of rows in all_predict_ens1_200m_urban_df is not 230825."
[1] "2007:251:nrow:246332"
[1] "2007:252"
[1] "2008:159:The number of rows in all_predict_ens1_200m_urban_df is not 230825."
[1] "2008:159:nrow:246332"
[1] "2008:160"
[1] "2007:252:The number of rows in all_predict_ens1_1km_all_df is not 540261."
[1] "2007:nrow is of 591869"
[1] "2008:160:The number of rows in all_predict_ens1_1km_all_df is not 540261."
[1] "2008:nrow is of 591869"
[1] "2007:252:The number of rows in all_predict_ens1_200m_urban_df is not 230825."
[1] "2007:252:nrow:246332"
[1] "2007:253"
[1] "2008:160:The number of rows in all_predict_ens1_200m_urban_df is not 230825."
[1] "2008:160:nrow:246332"
[1] "2008:161"
[1] "2007:253:The number of rows in all_predict_ens1_1km_all_df is not 540261."
[1] "2007:nrow is of 591869"
[1] "2008:161:The number of rows in all_predict_ens1_1km_all_df is not 540261."
[1] "2008:nrow is of 591869"
[1] "2007:253:The number of rows in all_predict_ens1_200m_urban_df is not 230825."
[1] "2007:253:nrow:246332"
[1] "2007:254"
[1] "2008:161:The number of rows in all_predict_ens1_200m_urban_df is not 230825."
[1] "2008:161:nrow:246332"
[1] "2008:162"
[1] "2007:254:The number of rows in all_predict_ens1_1km_all_df is not 540261."
[1] "2007:nrow is of 591869"
[1] "2008:162:The number of rows in all_predict_ens1_1km_all_df is not 540261."
[1] "2008:nrow is of 591869"
[1] "2008:162:The number of rows in all_predict_ens1_200m_urban_df is not 230825."
[1] "2008:162:nrow:246332"
[1] "2008:163"
[1] "2007:254:The number of rows in all_predict_ens1_200m_urban_df is not 230825."
[1] "2007:254:nrow:246332"
[1] "2007:255"
[1] "2007:255:The number of rows in all_predict_ens1_1km_all_df is not 540261."
[1] "2007:nrow is of 591869"
[1] "2008:163:The number of rows in all_predict_ens1_1km_all_df is not 540261."
[1] "2008:nrow is of 591869"
[1] "2007:255:The number of rows in all_predict_ens1_200m_urban_df is not 230825."
[1] "2007:255:nrow:246332"
[1] "2007:256"
[1] "2007:256:The number of rows in all_predict_ens1_1km_all_df is not 540261."
[1] "2007:nrow is of 591869"
[1] "2008:163:The number of rows in all_predict_ens1_200m_urban_df is not 230825."
[1] "2008:163:nrow:246332"
[1] "2008:164"
[1] "2008:164:The number of rows in all_predict_ens1_1km_all_df is not 540261."
[1] "2008:nrow is of 591869"
[1] "2007:256:The number of rows in all_predict_ens1_200m_urban_df is not 230825."
[1] "2007:256:nrow:246332"
[1] "2007:257"
[1] "2007:257:The number of rows in all_predict_ens1_1km_all_df is not 540261."
[1] "2007:nrow is of 591869"
[1] "2008:164:The number of rows in all_predict_ens1_200m_urban_df is not 230825."
[1] "2008:164:nrow:246332"
[1] "2008:165"
[1] "2008:165:The number of rows in all_predict_ens1_1km_all_df is not 540261."
[1] "2008:nrow is of 591869"
[1] "2007:257:The number of rows in all_predict_ens1_200m_urban_df is not 230825."
[1] "2007:257:nrow:246332"
[1] "2007:258"
[1] "2007:258:The number of rows in all_predict_ens1_1km_all_df is not 540261."
[1] "2007:nrow is of 591869"
[1] "2008:165:The number of rows in all_predict_ens1_200m_urban_df is not 230825."
[1] "2008:165:nrow:246332"
[1] "2008:166"
[1] "2008:166:The number of rows in all_predict_ens1_1km_all_df is not 540261."
[1] "2008:nrow is of 591869"
[1] "2007:258:The number of rows in all_predict_ens1_200m_urban_df is not 230825."
[1] "2007:258:nrow:246332"
[1] "2007:259"
[1] "2007:259:The number of rows in all_predict_ens1_1km_all_df is not 540261."
[1] "2007:nrow is of 591869"
[1] "2008:166:The number of rows in all_predict_ens1_200m_urban_df is not 230825."
[1] "2008:166:nrow:246332"
[1] "2008:167"
[1] "2007:259:The number of rows in all_predict_ens1_200m_urban_df is not 230825."
[1] "2007:259:nrow:246332"
[1] "2007:260"
[1] "2007:260:The number of rows in all_predict_ens1_1km_all_df is not 540261."
[1] "2007:nrow is of 591869"
[1] "2008:167:The number of rows in all_predict_ens1_1km_all_df is not 540261."
[1] "2008:nrow is of 591869"
[1] "2007:260:The number of rows in all_predict_ens1_200m_urban_df is not 230825."
[1] "2007:260:nrow:246332"
[1] "2007:261"
[1] "2007:261:The number of rows in all_predict_ens1_1km_all_df is not 540261."
[1] "2007:nrow is of 591869"
[1] "2008:167:The number of rows in all_predict_ens1_200m_urban_df is not 230825."
[1] "2008:167:nrow:246332"
[1] "2008:168"
[1] "2008:168:The number of rows in all_predict_ens1_1km_all_df is not 540261."
[1] "2008:nrow is of 591869"
[1] "2007:261:The number of rows in all_predict_ens1_200m_urban_df is not 230825."
[1] "2007:261:nrow:246332"
[1] "2007:262"
[1] "2007:262:The number of rows in all_predict_ens1_1km_all_df is not 540261."
[1] "2007:nrow is of 591869"
[1] "2008:168:The number of rows in all_predict_ens1_200m_urban_df is not 230825."
[1] "2008:168:nrow:246332"
[1] "2008:169"
[1] "2008:169:The number of rows in all_predict_ens1_1km_all_df is not 540261."
[1] "2008:nrow is of 591869"
[1] "2007:262:The number of rows in all_predict_ens1_200m_urban_df is not 230825."
[1] "2007:262:nrow:246332"
[1] "2007:263"
[1] "2007:263:The number of rows in all_predict_ens1_1km_all_df is not 540261."
[1] "2007:nrow is of 591869"
[1] "2008:169:The number of rows in all_predict_ens1_200m_urban_df is not 230825."
[1] "2008:169:nrow:246332"
[1] "2008:170"
[1] "2008:170:The number of rows in all_predict_ens1_1km_all_df is not 540261."
[1] "2008:nrow is of 591869"
[1] "2007:263:The number of rows in all_predict_ens1_200m_urban_df is not 230825."
[1] "2007:263:nrow:246332"
[1] "2007:264"
[1] "2007:264:The number of rows in all_predict_ens1_1km_all_df is not 540261."
[1] "2007:nrow is of 591869"
[1] "2008:170:The number of rows in all_predict_ens1_200m_urban_df is not 230825."
[1] "2008:170:nrow:246332"
[1] "2008:171"
[1] "2008:171:The number of rows in all_predict_ens1_1km_all_df is not 540261."
[1] "2008:nrow is of 591869"
[1] "2007:264:The number of rows in all_predict_ens1_200m_urban_df is not 230825."
[1] "2007:264:nrow:246332"
[1] "2007:265"
[1] "2007:265:The number of rows in all_predict_ens1_1km_all_df is not 540261."
[1] "2007:nrow is of 591869"
[1] "2008:171:The number of rows in all_predict_ens1_200m_urban_df is not 230825."
[1] "2008:171:nrow:246332"
[1] "2008:172"
[1] "2008:172:The number of rows in all_predict_ens1_1km_all_df is not 540261."
[1] "2008:nrow is of 591869"
[1] "2007:265:The number of rows in all_predict_ens1_200m_urban_df is not 230825."
[1] "2007:265:nrow:246332"
[1] "2007:266"
[1] "2007:266:The number of rows in all_predict_ens1_1km_all_df is not 540261."
[1] "2007:nrow is of 591869"
[1] "2008:172:The number of rows in all_predict_ens1_200m_urban_df is not 230825."
[1] "2008:172:nrow:246332"
[1] "2008:173"
[1] "2008:173:The number of rows in all_predict_ens1_1km_all_df is not 540261."
[1] "2008:nrow is of 591869"
[1] "2007:266:The number of rows in all_predict_ens1_200m_urban_df is not 230825."
[1] "2007:266:nrow:246332"
[1] "2007:267"
[1] "2007:267:The number of rows in all_predict_ens1_1km_all_df is not 540261."
[1] "2007:nrow is of 591869"
[1] "2008:173:The number of rows in all_predict_ens1_200m_urban_df is not 230825."
[1] "2008:173:nrow:246332"
[1] "2008:174"
[1] "2008:174:The number of rows in all_predict_ens1_1km_all_df is not 540261."
[1] "2008:nrow is of 591869"
[1] "2007:267:The number of rows in all_predict_ens1_200m_urban_df is not 230825."
[1] "2007:267:nrow:246332"
[1] "2007:268"
[1] "2007:268:The number of rows in all_predict_ens1_1km_all_df is not 540261."
[1] "2007:nrow is of 591869"
[1] "2007:268:The number of rows in all_predict_ens1_200m_urban_df is not 230825."
[1] "2007:268:nrow:246332"
[1] "2007:269"
[1] "2007:269:The number of rows in all_predict_ens1_1km_all_df is not 540261."
[1] "2007:nrow is of 591869"
[1] "2008:174:The number of rows in all_predict_ens1_200m_urban_df is not 230825."
[1] "2008:174:nrow:246332"
[1] "2008:175"
[1] "2008:175:The number of rows in all_predict_ens1_1km_all_df is not 540261."
[1] "2008:nrow is of 591869"
[1] "2007:269:The number of rows in all_predict_ens1_200m_urban_df is not 230825."
[1] "2007:269:nrow:246332"
[1] "2007:270"
[1] "2007:270:The number of rows in all_predict_ens1_1km_all_df is not 540261."
[1] "2007:nrow is of 591869"
[1] "2008:175:The number of rows in all_predict_ens1_200m_urban_df is not 230825."
[1] "2008:175:nrow:246332"
[1] "2008:176"
[1] "2008:176:The number of rows in all_predict_ens1_1km_all_df is not 540261."
[1] "2008:nrow is of 591869"
[1] "2007:270:The number of rows in all_predict_ens1_200m_urban_df is not 230825."
[1] "2007:270:nrow:246332"
[1] "2007:271"
[1] "2007:271:The number of rows in all_predict_ens1_1km_all_df is not 540261."
[1] "2007:nrow is of 591869"
[1] "2008:176:The number of rows in all_predict_ens1_200m_urban_df is not 230825."
[1] "2008:176:nrow:246332"
[1] "2008:177"
[1] "2008:177:The number of rows in all_predict_ens1_1km_all_df is not 540261."
[1] "2008:nrow is of 591869"
[1] "2007:271:The number of rows in all_predict_ens1_200m_urban_df is not 230825."
[1] "2007:271:nrow:246332"
[1] "2007:272"
[1] "2007:272:The number of rows in all_predict_ens1_1km_all_df is not 540261."
[1] "2007:nrow is of 591869"
[1] "2008:177:The number of rows in all_predict_ens1_200m_urban_df is not 230825."
[1] "2008:177:nrow:246332"
[1] "2008:178"
[1] "2008:178:The number of rows in all_predict_ens1_1km_all_df is not 540261."
[1] "2008:nrow is of 591869"
[1] "2007:272:The number of rows in all_predict_ens1_200m_urban_df is not 230825."
[1] "2007:272:nrow:246332"
[1] "2007:273"
[1] "2007:273:The number of rows in all_predict_ens1_1km_all_df is not 540261."
[1] "2007:nrow is of 591869"
[1] "2008:178:The number of rows in all_predict_ens1_200m_urban_df is not 230825."
[1] "2008:178:nrow:246332"
[1] "2008:179"
[1] "2007:273:The number of rows in all_predict_ens1_200m_urban_df is not 230825."
[1] "2007:273:nrow:246332"
[1] "2007:274"
[1] "2008:179:The number of rows in all_predict_ens1_1km_all_df is not 540261."
[1] "2008:nrow is of 591869"
[1] "2007:274:The number of rows in all_predict_ens1_1km_all_df is not 540261."
[1] "2007:nrow is of 591869"
[1] "2008:179:The number of rows in all_predict_ens1_200m_urban_df is not 230825."
[1] "2008:179:nrow:246332"
[1] "2008:180"
[1] "2007:274:The number of rows in all_predict_ens1_200m_urban_df is not 230825."
[1] "2007:274:nrow:246332"
[1] "2007:275"
[1] "2008:180:The number of rows in all_predict_ens1_1km_all_df is not 540261."
[1] "2008:nrow is of 591869"
[1] "2007:275:The number of rows in all_predict_ens1_1km_all_df is not 540261."
[1] "2007:nrow is of 591869"
[1] "2008:180:The number of rows in all_predict_ens1_200m_urban_df is not 230825."
[1] "2008:180:nrow:246332"
[1] "2008:181"
[1] "2008:181:The number of rows in all_predict_ens1_1km_all_df is not 540261."
[1] "2008:nrow is of 591869"
[1] "2007:275:The number of rows in all_predict_ens1_200m_urban_df is not 230825."
[1] "2007:275:nrow:246332"
[1] "2007:276"
[1] "2007:276:The number of rows in all_predict_ens1_1km_all_df is not 540261."
[1] "2007:nrow is of 591869"
[1] "2008:181:The number of rows in all_predict_ens1_200m_urban_df is not 230825."
[1] "2008:181:nrow:246332"
[1] "2008:182"
[1] "2008:182:The number of rows in all_predict_ens1_1km_all_df is not 540261."
[1] "2008:nrow is of 591869"
[1] "2007:276:The number of rows in all_predict_ens1_200m_urban_df is not 230825."
[1] "2007:276:nrow:246332"
[1] "2007:277"
[1] "2007:277:The number of rows in all_predict_ens1_1km_all_df is not 540261."
[1] "2007:nrow is of 591869"
[1] "2007:277:The number of rows in all_predict_ens1_200m_urban_df is not 230825."
[1] "2007:277:nrow:246332"
[1] "2007:278"
[1] "2008:182:The number of rows in all_predict_ens1_200m_urban_df is not 230825."
[1] "2008:182:nrow:246332"
[1] "2008:183"
[1] "2007:278:The number of rows in all_predict_ens1_1km_all_df is not 540261."
[1] "2007:nrow is of 591869"
[1] "2008:183:The number of rows in all_predict_ens1_1km_all_df is not 540261."
[1] "2008:nrow is of 591869"
[1] "2008:183:The number of rows in all_predict_ens1_200m_urban_df is not 230825."
[1] "2008:183:nrow:246332"
[1] "2008:184"
[1] "2008:184:The number of rows in all_predict_ens1_1km_all_df is not 540261."
[1] "2008:nrow is of 591869"
[1] "2008:184:The number of rows in all_predict_ens1_200m_urban_df is not 230825."
[1] "2008:184:nrow:246332"
[1] "2008:185"
[1] "2008:185:The number of rows in all_predict_ens1_1km_all_df is not 540261."
[1] "2008:nrow is of 591869"
[1] "2008:185:The number of rows in all_predict_ens1_200m_urban_df is not 230825."
[1] "2008:185:nrow:246332"
[1] "2008:186"
[1] "2008:186:The number of rows in all_predict_ens1_1km_all_df is not 540261."
[1] "2008:nrow is of 591869"
[1] "2008:186:The number of rows in all_predict_ens1_200m_urban_df is not 230825."
[1] "2008:186:nrow:246332"
[1] "2008:187"
[1] "2008:187:The number of rows in all_predict_ens1_1km_all_df is not 540261."
[1] "2008:nrow is of 591869"
[1] "2007:278:The number of rows in all_predict_ens1_200m_urban_df is not 230825."
[1] "2007:278:nrow:246332"
[1] "2007:279"
[1] "2007:279:The number of rows in all_predict_ens1_1km_all_df is not 540261."
[1] "2007:nrow is of 591869"
[1] "2008:187:The number of rows in all_predict_ens1_200m_urban_df is not 230825."
[1] "2008:187:nrow:246332"
[1] "2008:188"
[1] "2008:188:The number of rows in all_predict_ens1_1km_all_df is not 540261."
[1] "2008:nrow is of 591869"
[1] "2007:279:The number of rows in all_predict_ens1_200m_urban_df is not 230825."
[1] "2007:279:nrow:246332"
[1] "2007:280"
[1] "2007:280:The number of rows in all_predict_ens1_1km_all_df is not 540261."
[1] "2007:nrow is of 591869"
[1] "2008:188:The number of rows in all_predict_ens1_200m_urban_df is not 230825."
[1] "2008:188:nrow:246332"
[1] "2008:189"
[1] "2008:189:The number of rows in all_predict_ens1_1km_all_df is not 540261."
[1] "2008:nrow is of 591869"
[1] "2007:280:The number of rows in all_predict_ens1_200m_urban_df is not 230825."
[1] "2007:280:nrow:246332"
[1] "2007:281"
[1] "2007:281:The number of rows in all_predict_ens1_1km_all_df is not 540261."
[1] "2007:nrow is of 591869"
[1] "2008:189:The number of rows in all_predict_ens1_200m_urban_df is not 230825."
[1] "2008:189:nrow:246332"
[1] "2008:190"
[1] "2008:190:The number of rows in all_predict_ens1_1km_all_df is not 540261."
[1] "2008:nrow is of 591869"
[1] "2007:281:The number of rows in all_predict_ens1_200m_urban_df is not 230825."
[1] "2007:281:nrow:246332"
[1] "2007:282"
[1] "2007:282:The number of rows in all_predict_ens1_1km_all_df is not 540261."
[1] "2007:nrow is of 591869"
[1] "2007:282:The number of rows in all_predict_ens1_200m_urban_df is not 230825."
[1] "2007:282:nrow:246332"
[1] "2007:283"
[1] "2008:190:The number of rows in all_predict_ens1_200m_urban_df is not 230825."
[1] "2008:190:nrow:246332"
[1] "2008:191"
[1] "2007:283:The number of rows in all_predict_ens1_1km_all_df is not 540261."
[1] "2007:nrow is of 591869"
[1] "2008:191:The number of rows in all_predict_ens1_1km_all_df is not 540261."
[1] "2008:nrow is of 591869"
[1] "2008:191:The number of rows in all_predict_ens1_200m_urban_df is not 230825."
[1] "2008:191:nrow:246332"
[1] "2008:192"
[1] "2007:283:The number of rows in all_predict_ens1_200m_urban_df is not 230825."
[1] "2007:283:nrow:246332"
[1] "2007:284"
[1] "2008:192:The number of rows in all_predict_ens1_1km_all_df is not 540261."
[1] "2008:nrow is of 591869"
[1] "2007:284:The number of rows in all_predict_ens1_1km_all_df is not 540261."
[1] "2007:nrow is of 591869"
[1] "2008:192:The number of rows in all_predict_ens1_200m_urban_df is not 230825."
[1] "2008:192:nrow:246332"
[1] "2008:193"
[1] "2007:284:The number of rows in all_predict_ens1_200m_urban_df is not 230825."
[1] "2007:284:nrow:246332"
[1] "2007:285"
[1] "2008:193:The number of rows in all_predict_ens1_1km_all_df is not 540261."
[1] "2008:nrow is of 591869"
[1] "2007:285:The number of rows in all_predict_ens1_1km_all_df is not 540261."
[1] "2007:nrow is of 591869"
[1] "2008:193:The number of rows in all_predict_ens1_200m_urban_df is not 230825."
[1] "2008:193:nrow:246332"
[1] "2008:194"
[1] "2007:285:The number of rows in all_predict_ens1_200m_urban_df is not 230825."
[1] "2007:285:nrow:246332"
[1] "2007:286"
[1] "2007:286:The number of rows in all_predict_ens1_1km_all_df is not 540261."
[1] "2007:nrow is of 591869"
[1] "2008:194:The number of rows in all_predict_ens1_1km_all_df is not 540261."
[1] "2008:nrow is of 591869"
[1] "2007:286:The number of rows in all_predict_ens1_200m_urban_df is not 230825."
[1] "2007:286:nrow:246332"
[1] "2007:287"
[1] "2007:287:The number of rows in all_predict_ens1_1km_all_df is not 540261."
[1] "2007:nrow is of 591869"
[1] "2008:194:The number of rows in all_predict_ens1_200m_urban_df is not 230825."
[1] "2008:194:nrow:246332"
[1] "2008:195"
[1] "2008:195:The number of rows in all_predict_ens1_1km_all_df is not 540261."
[1] "2008:nrow is of 591869"
[1] "2007:287:The number of rows in all_predict_ens1_200m_urban_df is not 230825."
[1] "2007:287:nrow:246332"
[1] "2007:288"
[1] "2007:288:The number of rows in all_predict_ens1_1km_all_df is not 540261."
[1] "2007:nrow is of 591869"
[1] "2008:195:The number of rows in all_predict_ens1_200m_urban_df is not 230825."
[1] "2008:195:nrow:246332"
[1] "2008:196"
[1] "2008:196:The number of rows in all_predict_ens1_1km_all_df is not 540261."
[1] "2008:nrow is of 591869"
[1] "2007:288:The number of rows in all_predict_ens1_200m_urban_df is not 230825."
[1] "2007:288:nrow:246332"
[1] "2007:289"
[1] "2007:289:The number of rows in all_predict_ens1_1km_all_df is not 540261."
[1] "2007:nrow is of 591869"
[1] "2008:196:The number of rows in all_predict_ens1_200m_urban_df is not 230825."
[1] "2008:196:nrow:246332"
[1] "2008:197"
[1] "2008:197:The number of rows in all_predict_ens1_1km_all_df is not 540261."
[1] "2008:nrow is of 591869"
[1] "2007:289:The number of rows in all_predict_ens1_200m_urban_df is not 230825."
[1] "2007:289:nrow:246332"
[1] "2007:290"
[1] "2007:290:The number of rows in all_predict_ens1_1km_all_df is not 540261."
[1] "2007:nrow is of 591869"
[1] "2008:197:The number of rows in all_predict_ens1_200m_urban_df is not 230825."
[1] "2008:197:nrow:246332"
[1] "2008:198"
[1] "2008:198:The number of rows in all_predict_ens1_1km_all_df is not 540261."
[1] "2008:nrow is of 591869"
[1] "2007:290:The number of rows in all_predict_ens1_200m_urban_df is not 230825."
[1] "2007:290:nrow:246332"
[1] "2007:291"
[1] "2007:291:The number of rows in all_predict_ens1_1km_all_df is not 540261."
[1] "2007:nrow is of 591869"
[1] "2008:198:The number of rows in all_predict_ens1_200m_urban_df is not 230825."
[1] "2008:198:nrow:246332"
[1] "2008:199"
[1] "2008:199:The number of rows in all_predict_ens1_1km_all_df is not 540261."
[1] "2008:nrow is of 591869"
[1] "2007:291:The number of rows in all_predict_ens1_200m_urban_df is not 230825."
[1] "2007:291:nrow:246332"
[1] "2007:292"
[1] "2007:292:The number of rows in all_predict_ens1_1km_all_df is not 540261."
[1] "2007:nrow is of 591869"
[1] "2008:199:The number of rows in all_predict_ens1_200m_urban_df is not 230825."
[1] "2008:199:nrow:246332"
[1] "2008:200"
[1] "2008:200:The number of rows in all_predict_ens1_1km_all_df is not 540261."
[1] "2008:nrow is of 591869"
[1] "2007:292:The number of rows in all_predict_ens1_200m_urban_df is not 230825."
[1] "2007:292:nrow:246332"
[1] "2007:293"
[1] "2007:293:The number of rows in all_predict_ens1_1km_all_df is not 540261."
[1] "2007:nrow is of 591869"
[1] "2008:200:The number of rows in all_predict_ens1_200m_urban_df is not 230825."
[1] "2008:200:nrow:246332"
[1] "2008:201"
[1] "2008:201:The number of rows in all_predict_ens1_1km_all_df is not 540261."
[1] "2008:nrow is of 591869"
[1] "2007:293:The number of rows in all_predict_ens1_200m_urban_df is not 230825."
[1] "2007:293:nrow:246332"
[1] "2007:294"
[1] "2007:294:The number of rows in all_predict_ens1_1km_all_df is not 540261."
[1] "2007:nrow is of 591869"
[1] "2007:294:The number of rows in all_predict_ens1_200m_urban_df is not 230825."
[1] "2007:294:nrow:246332"
[1] "2007:295"
[1] "2008:201:The number of rows in all_predict_ens1_200m_urban_df is not 230825."
[1] "2008:201:nrow:246332"
[1] "2008:202"
[1] "2007:295:The number of rows in all_predict_ens1_1km_all_df is not 540261."
[1] "2007:nrow is of 591869"
[1] "2008:202:The number of rows in all_predict_ens1_1km_all_df is not 540261."
[1] "2008:nrow is of 591869"
[1] "2007:295:The number of rows in all_predict_ens1_200m_urban_df is not 230825."
[1] "2007:295:nrow:246332"
[1] "2007:296"
[1] "2008:202:The number of rows in all_predict_ens1_200m_urban_df is not 230825."
[1] "2008:202:nrow:246332"
[1] "2008:203"
[1] "2007:296:The number of rows in all_predict_ens1_1km_all_df is not 540261."
[1] "2007:nrow is of 591869"
[1] "2008:203:The number of rows in all_predict_ens1_1km_all_df is not 540261."
[1] "2008:nrow is of 591869"
[1] "2007:296:The number of rows in all_predict_ens1_200m_urban_df is not 230825."
[1] "2007:296:nrow:246332"
[1] "2007:297"
[1] "2008:203:The number of rows in all_predict_ens1_200m_urban_df is not 230825."
[1] "2008:203:nrow:246332"
[1] "2008:204"
[1] "2007:297:The number of rows in all_predict_ens1_1km_all_df is not 540261."
[1] "2007:nrow is of 591869"
[1] "2008:204:The number of rows in all_predict_ens1_1km_all_df is not 540261."
[1] "2008:nrow is of 591869"
[1] "2007:297:The number of rows in all_predict_ens1_200m_urban_df is not 230825."
[1] "2007:297:nrow:246332"
[1] "2007:298"
[1] "2008:204:The number of rows in all_predict_ens1_200m_urban_df is not 230825."
[1] "2008:204:nrow:246332"
[1] "2008:205"
[1] "2007:298:The number of rows in all_predict_ens1_1km_all_df is not 540261."
[1] "2007:nrow is of 591869"
[1] "2008:205:The number of rows in all_predict_ens1_1km_all_df is not 540261."
[1] "2008:nrow is of 591869"
[1] "2007:298:The number of rows in all_predict_ens1_200m_urban_df is not 230825."
[1] "2007:298:nrow:246332"
[1] "2007:299"
[1] "2007:299:The number of rows in all_predict_ens1_1km_all_df is not 540261."
[1] "2007:nrow is of 591869"
[1] "2008:205:The number of rows in all_predict_ens1_200m_urban_df is not 230825."
[1] "2008:205:nrow:246332"
[1] "2008:206"
[1] "2008:206:The number of rows in all_predict_ens1_1km_all_df is not 540261."
[1] "2008:nrow is of 591869"
[1] "2007:299:The number of rows in all_predict_ens1_200m_urban_df is not 230825."
[1] "2007:299:nrow:246332"
[1] "2007:300"
[1] "2007:300:The number of rows in all_predict_ens1_1km_all_df is not 540261."
[1] "2007:nrow is of 591869"
[1] "2008:206:The number of rows in all_predict_ens1_200m_urban_df is not 230825."
[1] "2008:206:nrow:246332"
[1] "2008:207"
[1] "2008:207:The number of rows in all_predict_ens1_1km_all_df is not 540261."
[1] "2008:nrow is of 591869"
[1] "2007:300:The number of rows in all_predict_ens1_200m_urban_df is not 230825."
[1] "2007:300:nrow:246332"
[1] "2007:301"
[1] "2007:301:The number of rows in all_predict_ens1_1km_all_df is not 540261."
[1] "2007:nrow is of 591869"
[1] "2008:207:The number of rows in all_predict_ens1_200m_urban_df is not 230825."
[1] "2008:207:nrow:246332"
[1] "2008:208"
[1] "2008:208:The number of rows in all_predict_ens1_1km_all_df is not 540261."
[1] "2008:nrow is of 591869"
[1] "2007:301:The number of rows in all_predict_ens1_200m_urban_df is not 230825."
[1] "2007:301:nrow:246332"
[1] "2007:302"
[1] "2007:302:The number of rows in all_predict_ens1_1km_all_df is not 540261."
[1] "2007:nrow is of 591869"
[1] "2007:302:The number of rows in all_predict_ens1_200m_urban_df is not 230825."
[1] "2007:302:nrow:246332"
[1] "2007:303"
[1] "2008:208:The number of rows in all_predict_ens1_200m_urban_df is not 230825."
[1] "2008:208:nrow:246332"
[1] "2008:209"
[1] "2007:303:The number of rows in all_predict_ens1_1km_all_df is not 540261."
[1] "2007:nrow is of 591869"
[1] "2008:209:The number of rows in all_predict_ens1_1km_all_df is not 540261."
[1] "2008:nrow is of 591869"
[1] "2008:209:The number of rows in all_predict_ens1_200m_urban_df is not 230825."
[1] "2008:209:nrow:246332"
[1] "2008:210"
[1] "2007:303:The number of rows in all_predict_ens1_200m_urban_df is not 230825."
[1] "2007:303:nrow:246332"
[1] "2007:304"
[1] "2008:210:The number of rows in all_predict_ens1_1km_all_df is not 540261."
[1] "2008:nrow is of 591869"
[1] "2007:304:The number of rows in all_predict_ens1_1km_all_df is not 540261."
[1] "2007:nrow is of 591869"
[1] "2008:210:The number of rows in all_predict_ens1_200m_urban_df is not 230825."
[1] "2008:210:nrow:246332"
[1] "2008:211"
[1] "2007:304:The number of rows in all_predict_ens1_200m_urban_df is not 230825."
[1] "2007:304:nrow:246332"
[1] "2007:305"
[1] "2008:211:The number of rows in all_predict_ens1_1km_all_df is not 540261."
[1] "2008:nrow is of 591869"
[1] "2007:305:The number of rows in all_predict_ens1_1km_all_df is not 540261."
[1] "2007:nrow is of 591869"
[1] "2007:305:The number of rows in all_predict_ens1_200m_urban_df is not 230825."
[1] "2007:305:nrow:246332"
[1] "2007:306"
[1] "2007:306:The number of rows in all_predict_ens1_1km_all_df is not 540261."
[1] "2007:nrow is of 591869"
[1] "2008:211:The number of rows in all_predict_ens1_200m_urban_df is not 230825."
[1] "2008:211:nrow:246332"
[1] "2008:212"
[1] "2008:212:The number of rows in all_predict_ens1_1km_all_df is not 540261."
[1] "2008:nrow is of 591869"
[1] "2007:306:The number of rows in all_predict_ens1_200m_urban_df is not 230825."
[1] "2007:306:nrow:246332"
[1] "2007:307"
[1] "2007:307:The number of rows in all_predict_ens1_1km_all_df is not 540261."
[1] "2007:nrow is of 591869"
[1] "2008:212:The number of rows in all_predict_ens1_200m_urban_df is not 230825."
[1] "2008:212:nrow:246332"
[1] "2008:213"
[1] "2008:213:The number of rows in all_predict_ens1_1km_all_df is not 540261."
[1] "2008:nrow is of 591869"
[1] "2007:307:The number of rows in all_predict_ens1_200m_urban_df is not 230825."
[1] "2007:307:nrow:246332"
[1] "2007:308"
[1] "2007:308:The number of rows in all_predict_ens1_1km_all_df is not 540261."
[1] "2007:nrow is of 591869"
[1] "2008:213:The number of rows in all_predict_ens1_200m_urban_df is not 230825."
[1] "2008:213:nrow:246332"
[1] "2008:214"
[1] "2008:214:The number of rows in all_predict_ens1_1km_all_df is not 540261."
[1] "2008:nrow is of 591869"
[1] "2007:308:The number of rows in all_predict_ens1_200m_urban_df is not 230825."
[1] "2007:308:nrow:246332"
[1] "2007:309"
[1] "2007:309:The number of rows in all_predict_ens1_1km_all_df is not 540261."
[1] "2007:nrow is of 591869"
[1] "2008:214:The number of rows in all_predict_ens1_200m_urban_df is not 230825."
[1] "2008:214:nrow:246332"
[1] "2008:215"
[1] "2007:309:The number of rows in all_predict_ens1_200m_urban_df is not 230825."
[1] "2007:309:nrow:246332"
[1] "2007:310"
[1] "2008:215:The number of rows in all_predict_ens1_1km_all_df is not 540261."
[1] "2008:nrow is of 591869"
[1] "2007:310:The number of rows in all_predict_ens1_1km_all_df is not 540261."
[1] "2007:nrow is of 591869"
[1] "2008:215:The number of rows in all_predict_ens1_200m_urban_df is not 230825."
[1] "2008:215:nrow:246332"
[1] "2008:216"
[1] "2007:310:The number of rows in all_predict_ens1_200m_urban_df is not 230825."
[1] "2007:310:nrow:246332"
[1] "2007:311"
[1] "2008:216:The number of rows in all_predict_ens1_1km_all_df is not 540261."
[1] "2008:nrow is of 591869"
[1] "2007:311:The number of rows in all_predict_ens1_1km_all_df is not 540261."
[1] "2007:nrow is of 591869"
[1] "2007:311:The number of rows in all_predict_ens1_200m_urban_df is not 230825."
[1][1]007:311:nrow:246332" "2008:216:The number of rows in all_predict_ens1_200m_urban_df is not 230825."
[1] "2008:216:nrow:246332"
[1] "2007:312"
[1] "2008:217"
[1] "2008:217:The number of rows in all_predict_ens1_1km_all_df is not 540261."
[1] "2008:nrow is of 591869"
[1] "2007:312:The number of rows in all_predict_ens1_1km_all_df is not 540261."
[1] "2007:nrow is of 591869"
[1] "2007:312:The number of rows in all_predict_ens1_200m_urban_df is not 230825."
[1] "2007:312:nrow:246332"
[1] "2007:313"
[1] "2007:313:The number of rows in all_predict_ens1_1km_all_df is not 540261."
[1] "2007:nrow is of 591869"
[1] "2008:217:The number of rows in all_predict_ens1_200m_urban_df is not 230825."
[1] "2008:217:nrow:246332"
[1] "2008:218"
[1] "2008:218:The number of rows in all_predict_ens1_1km_all_df is not 540261."
[1] "2008:nrow is of 591869"
[1] "2007:313:The number of rows in all_predict_ens1_200m_urban_df is not 230825."
[1] "2007:313:nrow:246332"
[1] "2007:314"
[1] "2007:314:The number of rows in all_predict_ens1_1km_all_df is not 540261."
[1] "2007:nrow is of 591869"
[1] "2008:218:The number of rows in all_predict_ens1_200m_urban_df is not 230825."
[1] "2008:218:nrow:246332"
[1] "2008:219"
[1] "2008:219:The number of rows in all_predict_ens1_1km_all_df is not 540261."
[1] "2008:nrow is of 591869"
[1] "2007:314:The number of rows in all_predict_ens1_200m_urban_df is not 230825."
[1] "2007:314:nrow:246332"
[1] "2007:315"
[1] "2007:315:The number of rows in all_predict_ens1_1km_all_df is not 540261."
[1] "2007:nrow is of 591869"
[1] "2008:219:The number of rows in all_predict_ens1_200m_urban_df is not 230825."
[1] "2008:219:nrow:246332"
[1] "2008:220"
[1] "2008:220:The number of rows in all_predict_ens1_1km_all_df is not 540261."
[1] "2008:nrow is of 591869"
[1] "2007:315:The number of rows in all_predict_ens1_200m_urban_df is not 230825."
[1] "2007:315:nrow:246332"
[1] "2007:316"
[1] "2007:316:The number of rows in all_predict_ens1_1km_all_df is not 540261."
[1] "2007:nrow is of 591869"
[1] "2008:220:The number of rows in all_predict_ens1_200m_urban_df is not 230825."
[1] "2008:220:nrow:246332"
[1] "2008:221"
[1] "2007:316:The number of rows in all_predict_ens1_200m_urban_df is not 230825."
[1] "2007:316:nrow:246332"
[1] "2007:317"
[1] "2008:221:The number of rows in all_predict_ens1_1km_all_df is not 540261."
[1] "2008:nrow is of 591869"
[1] "2007:317:The number of rows in all_predict_ens1_1km_all_df is not 540261."
[1] "2007:nrow is of 591869"
[1] "2008:221:The number of rows in all_predict_ens1_200m_urban_df is not 230825."
[1] "2008:221:nrow:246332"
[1] "2008:222"
[1] "2007:317:The number of rows in all_predict_ens1_200m_urban_df is not 230825."
[1] "2007:317:nrow:246332"
[1] "2007:318"
[1] "2008:222:The number of rows in all_predict_ens1_1km_all_df is not 540261."
[1] "2008:nrow is of 591869"
[1] "2007:318:The number of rows in all_predict_ens1_1km_all_df is not 540261."
[1] "2007:nrow is of 591869"
[1] "2008:222:The number of rows in all_predict_ens1_200m_urban_df is not 230825."
[1] "2008:222:nrow:246332"
[1] "2008:223"
[1] "2007:318:The number of rows in all_predict_ens1_200m_urban_df is not 230825."
[1] "2007:318:nrow:246332"
[1] "2007:319"
[1] "2008:223:The number of rows in all_predict_ens1_1km_all_df is not 540261."
[1] "2008:nrow is of 591869"
[1] "2007:319:The number of rows in all_predict_ens1_1km_all_df is not 540261."
[1] "2007:nrow is of 591869"
[1] "2007:319:The number of rows in all_predict_ens1_200m_urban_df is not 230825."
[1] "2007:319:nrow:246332"
[1] "2007:320"
[1] "2008:223:The number of rows in all_predict_ens1_200m_urban_df is not 230825."
[1] "2008:223:nrow:246332"
[1] "2008:224"
[1] "2007:320:The number of rows in all_predict_ens1_1km_all_df is not 540261."
[1] "2007:nrow is of 591869"
[1] "2008:224:The number of rows in all_predict_ens1_1km_all_df is not 540261."
[1] "2008:nrow is of 591869"
[1] "2007:320:The number of rows in all_predict_ens1_200m_urban_df is not 230825."
[1] "2007:320:nrow:246332"
[1] "2007:321"
[1] "2008:224:The number of rows in all_predict_ens1_200m_urban_df is not 230825."
[1] "2008:224:nrow:246332"
[1] "2008:225"
[1] "2007:321:The number of rows in all_predict_ens1_1km_all_df is not 540261."
[1] "2007:nrow is of 591869"
[1] "2008:225:The number of rows in all_predict_ens1_1km_all_df is not 540261."
[1] "2008:nrow is of 591869"
[1] "2007:321:The number of rows in all_predict_ens1_200m_urban_df is not 230825."
[1] "2007:321:nrow:246332"
[1] "2007:322"
[1] "2007:322:The number of rows in all_predict_ens1_1km_all_df is not 540261."
[1] "2007:nrow is of 591869"
[1] "2008:225:The number of rows in all_predict_ens1_200m_urban_df is not 230825."
[1] "2008:225:nrow:246332"
[1] "2008:226"
[1] "2008:226:The number of rows in all_predict_ens1_1km_all_df is not 540261."
[1] "2008:nrow is of 591869"
[1] "2007:322:The number of rows in all_predict_ens1_200m_urban_df is not 230825."
[1] "2007:322:nrow:246332"
[1] "2007:323"
[1] "2007:323:The number of rows in all_predict_ens1_1km_all_df is not 540261."
[1] "2007:nrow is of 591869"
[1] "2008:226:The number of rows in all_predict_ens1_200m_urban_df is not 230825."
[1] "2008:226:nrow:246332"
[1] "2008:227"
[1] "2008:227:The number of rows in all_predict_ens1_1km_all_df is not 540261."
[1] "2008:nrow is of 591869"
[1] "2007:323:The number of rows in all_predict_ens1_200m_urban_df is not 230825."
[1] "2007:323:nrow:246332"
[1] "2007:324"
[1] "2007:324:The number of rows in all_predict_ens1_1km_all_df is not 540261."
[1] "2007:nrow is of 591869"
[1] "2008:227:The number of rows in all_predict_ens1_200m_urban_df is not 230825."
[1] "2008:227:nrow:246332"
[1] "2008:228"
[1] "2008:228:The number of rows in all_predict_ens1_1km_all_df is not 540261."
[1] "2008:nrow is of 591869"
[1] "2007:324:The number of rows in all_predict_ens1_200m_urban_df is not 230825."
[1] "2007:324:nrow:246332"
[1] "2007:325"
[1] "2007:325:The number of rows in all_predict_ens1_1km_all_df is not 540261."
[1] "2007:nrow is of 591869"
[1] "2007:325:The number of rows in all_predict_ens1_200m_urban_df is not 230825."
[1] "2007:325:nrow:246332"
[1] "2007:326"
[1] "2008:228:The number of rows in all_predict_ens1_200m_urban_df is not 230825."
[1] "2008:228:nrow:246332"
[1] "2008:229"
[1] "2007:326:The number of rows in all_predict_ens1_1km_all_df is not 540261."
[1] "2007:nrow is of 591869"
[1] "2008:229:The number of rows in all_predict_ens1_1km_all_df is not 540261."
[1] "2008:nrow is of 591869"
[1] "2008:229:The number of rows in all_predict_ens1_200m_urban_df is not 230825."
[1] "2008:229:nrow:246332"
[1] "2008:230"
[1] "2007:326:The number of rows in all_predict_ens1_200m_urban_df is not 230825."
[1] "2007:326:nrow:246332"
[1] "2007:327"
[1] "2008:230:The number of rows in all_predict_ens1_1km_all_df is not 540261."
[1] "2008:nrow is of 591869"
[1] "2007:327:The number of rows in all_predict_ens1_1km_all_df is not 540261."
[1] "2007:nrow is of 591869"
[1] "2007:327:The number of rows in all_predict_ens1_200m_urban_df is not 230825."
[1] "2007:327:nrow:246332"
[1] "2007:328"
[1] "2007:328:The number of rows in all_predict_ens1_1km_all_df is not 540261."
[1] "2007:nrow is of 591869"
[1] "2008:230:The number of rows in all_predict_ens1_200m_urban_df is not 230825."
[1] "2008:230:nrow:246332"
[1] "2008:231"
[1] "2008:231:The number of rows in all_predict_ens1_1km_all_df is not 540261."
[1] "2008:nrow is of 591869"
[1] "2007:328:The number of rows in all_predict_ens1_200m_urban_df is not 230825."
[1] "2007:328:nrow:246332"
[1] "2007:329"
[1] "2007:329:The number of rows in all_predict_ens1_1km_all_df is not 540261."
[1] "2007:nrow is of 591869"
[1] "2008:231:The number of rows in all_predict_ens1_200m_urban_df is not 230825."
[1] "2008:231:nrow:246332"
[1] "2008:232"
[1] "2008:232:The number of rows in all_predict_ens1_1km_all_df is not 540261."
[1] "2008:nrow is of 591869"
[1] "2007:329:The number of rows in all_predict_ens1_200m_urban_df is not 230825."
[1] "2007:329:nrow:246332"
[1] "2007:330"
[1] "2007:330:The number of rows in all_predict_ens1_1km_all_df is not 540261."
[1] "2007:nrow is of 591869"
[1] "2008:232:The number of rows in all_predict_ens1_200m_urban_df is not 230825."
[1] "2008:232:nrow:246332"
[1] "2008:233"
[1] "2008:233:The number of rows in all_predict_ens1_1km_all_df is not 540261."
[1] "2008:nrow is of 591869"
[1] "2007:330:The number of rows in all_predict_ens1_200m_urban_df is not 230825."
[1] "2007:330:nrow:246332"
[1] "2007:331"
[1] "2007:331:The number of rows in all_predict_ens1_1km_all_df is not 540261."
[1] "2007:nrow is of 591869"
[1] "2008:233:The number of rows in all_predict_ens1_200m_urban_df is not 230825."
[1] "2008:233:nrow:246332"
[1] "2008:234"
[1] "2008:234:The number of rows in all_predict_ens1_1km_all_df is not 540261."
[1] "2008:nrow is of 591869"
[1] "2007:331:The number of rows in all_predict_ens1_200m_urban_df is not 230825."
[1] "2007:331:nrow:246332"
[1] "2007:332"
[1] "2007:332:The number of rows in all_predict_ens1_1km_all_df is not 540261."
[1] "2007:nrow is of 591869"
[1] "2008:234:The number of rows in all_predict_ens1_200m_urban_df is not 230825."
[1] "2008:234:nrow:246332"
[1] "2008:235"
[1] "2008:235:The number of rows in all_predict_ens1_1km_all_df is not 540261."
[1] "2008:nrow is of 591869"
[1] "2007:332:The number of rows in all_predict_ens1_200m_urban_df is not 230825."
[1] "2007:332:nrow:246332"
[1] "2007:333"
[1] "2007:333:The number of rows in all_predict_ens1_1km_all_df is not 540261."
[1] "2007:nrow is of 591869"
[1] "2008:235:The number of rows in all_predict_ens1_200m_urban_df is not 230825."
[1] "2008:235:nrow:246332"
[1] "2008:236"
[1] "2007:333:The number of rows in all_predict_ens1_200m_urban_df is not 230825."
[1] "2007:333:nrow:246332"
[1] "2007:334"
[1] "2007:334:The number of rows in all_predict_ens1_1km_all_df is not 540261."
[1] "2007:nrow is of 591869"
[1] "2008:236:The number of rows in all_predict_ens1_1km_all_df is not 540261."
[1] "2008:nrow is of 591869"
[1] "2007:334:The number of rows in all_predict_ens1_200m_urban_df is not 230825."
[1] "2007:334:nrow:246332"
[1] "2007:335"
[1] "2007:335:The number of rows in all_predict_ens1_1km_all_df is not 540261."
[1] "2007:nrow is of 591869"
[1] "2008:236:The number of rows in all_predict_ens1_200m_urban_df is not 230825."
[1] "2008:236:nrow:246332"
[1] "2008:237"
[1] "2008:237:The number of rows in all_predict_ens1_1km_all_df is not 540261."
[1] "2008:nrow is of 591869"
[1] "2007:335:The number of rows in all_predict_ens1_200m_urban_df is not 230825."
[1] "2007:335:nrow:246332"
[1] "2007:336"
[1] "2007:336:The number of rows in all_predict_ens1_1km_all_df is not 540261."
[1] "2007:nrow is of 591869"
[1] "2008:237:The number of rows in all_predict_ens1_200m_urban_df is not 230825."
[1] "2008:237:nrow:246332"
[1] "2008:238"
[1] "2008:238:The number of rows in all_predict_ens1_1km_all_df is not 540261."
[1] "2008:nrow is of 591869"
[1] "2007:336:The number of rows in all_predict_ens1_200m_urban_df is not 230825."
[1] "2007:336:nrow:246332"
[1] "2007:337"
[1] "2007:337:The number of rows in all_predict_ens1_1km_all_df is not 540261."
[1] "2007:nrow is of 591869"
[1] "2008:238:The number of rows in all_predict_ens1_200m_urban_df is not 230825."
[1] "2008:238:nrow:246332"
[1] "2008:239"
[1] "2008:239:The number of rows in all_predict_ens1_1km_all_df is not 540261."
[1] "2008:nrow is of 591869"
[1] "2007:337:The number of rows in all_predict_ens1_200m_urban_df is not 230825."
[1] "2007:337:nrow:246332"
[1] "2007:338"
[1] "2007:338:The number of rows in all_predict_ens1_1km_all_df is not 540261."
[1] "2007:nrow is of 591869"
[1] "2007:338:The number of rows in all_predict_ens1_200m_urban_df is not 230825."
[1] "2007:338:nrow:246332"
[1] "2007:339"
[1] "2007:339:The number of rows in all_predict_ens1_1km_all_df is not 540261."
[1] "2007:nrow is of 591869"
[1] "2007:339:The number of rows in all_predict_ens1_200m_urban_df is not 230825."
[1] "2007:339:nrow:246332"
[1] "2007:340"
[1] "2007:340:The number of rows in all_predict_ens1_1km_all_df is not 540261."
[1] "2007:nrow is of 591869"
[1] "2007:340:The number of rows in all_predict_ens1_200m_urban_df is not 230825."
[1] "2007:340:nrow:246332"
[1] "2007:341"
[1] "2007:341:The number of rows in all_predict_ens1_1km_all_df is not 540261."
[1] "2007:nrow is of 591869"
[1] "2007:341:The number of rows in all_predict_ens1_200m_urban_df is not 230825."
[1] "2007:341:nrow:246332"
[1] "2007:342"
[1] "2007:342:The number of rows in all_predict_ens1_1km_all_df is not 540261."
[1] "2007:nrow is of 591869"
[1] "2007:342:The number of rows in all_predict_ens1_200m_urban_df is not 230825."
[1] "2007:342:nrow:246332"
[1] "2007:343"
[1] "2007:343:The number of rows in all_predict_ens1_1km_all_df is not 540261."
[1] "2007:nrow is of 591869"
[1] "2008:239:The number of rows in all_predict_ens1_200m_urban_df is not 230825."
[1] "2008:239:nrow:246332"
[1] "2008:240"
[1] "2007:343:The number of rows in all_predict_ens1_200m_urban_df is not 230825."
[1] "2007:343:nrow:246332"
[1] "2007:344"
[1] "2008:240:The number of rows in all_predict_ens1_1km_all_df is not 540261."
[1] "2008:nrow is of 591869"
[1] "2007:344:The number of rows in all_predict_ens1_1km_all_df is not 540261."
[1] "2007:nrow is of 591869"
[1] "2008:240:The number of rows in all_predict_ens1_200m_urban_df is not 230825."
[1] "2008:240:nrow:246332"
[1] "2008:241"
[1] "2007:344:The number of rows in all_predict_ens1_200m_urban_df is not 230825."
[1] "2007:344:nrow:246332"
[1] "2007:345"
[1] "2008:241:The number of rows in all_predict_ens1_1km_all_df is not 540261."
[1] "2008:nrow is of 591869"
[1] "2007:345:The number of rows in all_predict_ens1_1km_all_df is not 540261."
[1] "2007:nrow is of 591869"
[1] "2008:241:The number of rows in all_predict_ens1_200m_urban_df is not 230825."
[1] "2008:241:nrow:246332"
[1] "2008:242"
[1] "2007:345:The number of rows in all_predict_ens1_200m_urban_df is not 230825."
[1] "2007:345:nrow:246332"
[1] "2007:346"
[1] "2008:242:The number of rows in all_predict_ens1_1km_all_df is not 540261."
[1] "2008:nrow is of 591869"
[1] "2007:346:The number of rows in all_predict_ens1_1km_all_df is not 540261."
[1] "2007:nrow is of 591869"
[1] "2007:346:The number of rows in all_predict_ens1_200m_urban_df is not 230825."
[1] "2007:346:nrow:246332"
[1] "2007:347"
[1] "2007:347:The number of rows in all_predict_ens1_1km_all_df is not 540261."
[1] "2007:nrow is of 591869"
[1] "2008:242:The number of rows in all_predict_ens1_200m_urban_df is not 230825."
[1] "2008:242:nrow:246332"
[1] "2008:243"
[1] "2008:243:The number of rows in all_predict_ens1_1km_all_df is not 540261."
[1] "2008:nrow is of 591869"
[1] "2007:347:The number of rows in all_predict_ens1_200m_urban_df is not 230825."
[1] "2007:347:nrow:246332"
[1] "2007:348"
[1] "2007:348:The number of rows in all_predict_ens1_1km_all_df is not 540261."
[1] "2007:nrow is of 591869"
[1] "2008:243:The number of rows in all_predict_ens1_200m_urban_df is not 230825."
[1] "2008:243:nrow:246332"
[1] "2008:244"
[1] "2008:244:The number of rows in all_predict_ens1_1km_all_df is not 540261."
[1] "2008:nrow is of 591869"
[1] "2007:348:The number of rows in all_predict_ens1_200m_urban_df is not 230825."
[1] "2007:348:nrow:246332"
[1] "2007:349"
[1] "2007:349:The number of rows in all_predict_ens1_1km_all_df is not 540261."
[1] "2007:nrow is of 591869"
[1] "2008:244:The number of rows in all_predict_ens1_200m_urban_df is not 230825."
[1] "2008:244:nrow:246332"
[1] "2008:245"
[1] "2008:245:The number of rows in all_predict_ens1_1km_all_df is not 540261."
[1] "2008:nrow is of 591869"
[1] "2007:349:The number of rows in all_predict_ens1_200m_urban_df is not 230825."
[1] "2007:349:nrow:246332"
[1] "2007:350"
[1] "2008:245:The number of rows in all_predict_ens1_200m_urban_df is not 230825."
[1] "2008:245:nrow:246332"
[1] "2008:246"
[1] "2007:350:The number of rows in all_predict_ens1_1km_all_df is not 540261."
[1] "2007:nrow is of 591869"
[1] "2008:246:The number of rows in all_predict_ens1_1km_all_df is not 540261."
[1] "2008:nrow is of 591869"
[1] "2007:350:The number of rows in all_predict_ens1_200m_urban_df is not 230825."
[1] "2007:350:nrow:246332"
[1] "2007:351"
[1] "2007:351:The number of rows in all_predict_ens1_1km_all_df is not 540261."
[1] "2007:nrow is of 591869"
[1] "2008:246:The number of rows in all_predict_ens1_200m_urban_df is not 230825."
[1] "2008:246:nrow:246332"
[1] "2008:247"
[1] "2008:247:The number of rows in all_predict_ens1_1km_all_df is not 540261."
[1] "2008:nrow is of 591869"
[1] "2007:351:The number of rows in all_predict_ens1_200m_urban_df is not 230825."
[1] "2007:351:nrow:246332"
[1] "2007:352"
[1] "2007:352:The number of rows in all_predict_ens1_1km_all_df is not 540261."
[1] "2007:nrow is of 591869"
[1] "2008:247:The number of rows in all_predict_ens1_200m_urban_df is not 230825."
[1] "2008:247:nrow:246332"
[1] "2008:248"
[1] "2008:248:The number of rows in all_predict_ens1_1km_all_df is not 540261."
[1] "2008:nrow is of 591869"
[1] "2007:352:The number of rows in all_predict_ens1_200m_urban_df is not 230825."
[1] "2007:352:nrow:246332"
[1] "2007:353"
[1] "2007:353:The number of rows in all_predict_ens1_1km_all_df is not 540261."
[1] "2007:nrow is of 591869"
[1] "2008:248:The number of rows in all_predict_ens1_200m_urban_df is not 230825."
[1] "2008:248:nrow:246332"
[1] "2008:249"
[1] "2008:249:The number of rows in all_predict_ens1_1km_all_df is not 540261."
[1] "2008:nrow is of 591869"
[1] "2007:353:The number of rows in all_predict_ens1_200m_urban_df is not 230825."
[1] "2007:353:nrow:246332"
[1] "2007:354"
[1] "2007:354:The number of rows in all_predict_ens1_1km_all_df is not 540261."
[1] "2007:nrow is of 591869"
[1] "2007:354:The number of rows in all_predict_ens1_200m_urban_df is not 230825."
[1] "2007:354:nrow:246332"
[1] "2007:355"
[1] "2008:249:The number of rows in all_predict_ens1_200m_urban_df is not 230825."
[1] "2008:249:nrow:246332"
[1] "2008:250"
[1] "2007:355:The number of rows in all_predict_ens1_1km_all_df is not 540261."
[1] "2007:nrow is of 591869"
[1] "2008:250:The number of rows in all_predict_ens1_1km_all_df is not 540261."
[1] "2008:nrow is of 591869"
[1] "2007:355:The number of rows in all_predict_ens1_200m_urban_df is not 230825."
[1] "2007:355:nrow:246332"
[1] "2007:356"
[1] "2008:250:The number of rows in all_predict_ens1_200m_urban_df is not 230825."
[1] "2008:250:nrow:246332"
[1] "2008:251"
[1] "2007:356:The number of rows in all_predict_ens1_1km_all_df is not 540261."
[1] "2007:nrow is of 591869"
[1] "2008:251:The number of rows in all_predict_ens1_1km_all_df is not 540261."
[1] "2008:nrow is of 591869"
[1] "2007:356:The number of rows in all_predict_ens1_200m_urban_df is not 230825."
[1] "2007:356:nrow:246332"
[1] "2007:357"
[1] "2008:251:The number of rows in all_predict_ens1_200m_urban_df is not 230825."
[1] "2008:251:nrow:246332"
[1] "2008:252"
[1] "2008:252:The number of rows in all_predict_ens1_1km_all_df is not 540261."
[1] "2008:nrow is of 591869"
[1] "2007:357:The number of rows in all_predict_ens1_1km_all_df is not 540261."
[1] "2007:nrow is of 591869"
[1] "2007:357:The number of rows in all_predict_ens1_200m_urban_df is not 230825."
[1] "2007:357:nrow:246332"
[1] "2007:358"
[1] "2007:358:The number of rows in all_predict_ens1_1km_all_df is not 540261."
[1] "2007:nrow is of 591869"
[1] "2008:252:The number of rows in all_predict_ens1_200m_urban_df is not 230825."
[1] "2008:252:nrow:246332"
[1] "2008:253"
[1] "2008:253:The number of rows in all_predict_ens1_1km_all_df is not 540261."
[1] "2008:nrow is of 591869"
[1] "2007:358:The number of rows in all_predict_ens1_200m_urban_df is not 230825."
[1] "2007:358:nrow:246332"
[1] "2007:359"
[1] "2007:359:The number of rows in all_predict_ens1_1km_all_df is not 540261."
[1] "2007:nrow is of 591869"
[1] "2008:253:The number of rows in all_predict_ens1_200m_urban_df is not 230825."
[1] "2008:253:nrow:246332"
[1] "2008:254"
[1] "2008:254:The number of rows in all_predict_ens1_1km_all_df is not 540261."
[1] "2008:nrow is of 591869"
[1] "2007:359:The number of rows in all_predict_ens1_200m_urban_df is not 230825."
[1] "2007:359:nrow:246332"
[1] "2007:360"
[1] "2007:360:The number of rows in all_predict_ens1_1km_all_df is not 540261."
[1] "2007:nrow is of 591869"
[1] "2008:254:The number of rows in all_predict_ens1_200m_urban_df is not 230825."
[1] "2008:254:nrow:246332"
[1] "2008:255"
[1] "2008:255:The number of rows in all_predict_ens1_1km_all_df is not 540261."
[1] "2008:nrow is of 591869"
[1] "2007:360:The number of rows in all_predict_ens1_200m_urban_df is not 230825."
[1] "2007:360:nrow:246332"
[1] "2007:361"
[1] "2007:361:The number of rows in all_predict_ens1_1km_all_df is not 540261."
[1] "2007:nrow is of 591869"
[1] "2008:255:The number of rows in all_predict_ens1_200m_urban_df is not 230825."
[1] "2008:255:nrow:246332"
[1] "2008:256"
[1] "2007:361:The number of rows in all_predict_ens1_200m_urban_df is not 230825."
[1] "2007:361:nrow:246332"
[1] "2007:362"
[1] "2008:256:The number of rows in all_predict_ens1_1km_all_df is not 540261."
[1] "2008:nrow is of 591869"
[1] "2007:362:The number of rows in all_predict_ens1_1km_all_df is not 540261."
[1] "2007:nrow is of 591869"
[1] "2008:256:The number of rows in all_predict_ens1_200m_urban_df is not 230825."
[1] "2008:256:nrow:246332"
[1] "2008:257"
[1] "2007:362:The number of rows in all_predict_ens1_200m_urban_df is not 230825."
[1] "2007:362:nrow:246332"
[1] "2007:363"
[1] "2008:257:The number of rows in all_predict_ens1_1km_all_df is not 540261."
[1] "2008:nrow is of 591869"
[1] "2007:363:The number of rows in all_predict_ens1_1km_all_df is not 540261."
[1] "2007:nrow is of 591869"
[1] "2008:257:The number of rows in all_predict_ens1_200m_urban_df is not 230825."
[1] "2008:257:nrow:246332"
[1] "2008:258"
[1] "2007:363:The number of rows in all_predict_ens1_200m_urban_df is not 230825."
[1] "2007:363:nrow:246332"
[1] "2007:364"
[1] "2008:258:The number of rows in all_predict_ens1_1km_all_df is not 540261."
[1] "2008:nrow is of 591869"
[1] "2007:364:The number of rows in all_predict_ens1_1km_all_df is not 540261."
[1] "2007:nrow is of 591869"
[1] "2007:364:The number of rows in all_predict_ens1_200m_urban_df is not 230825."
[1] "2007:364:nrow:246332"
[1] "2007:365"
[1] "2007:365:The number of rows in all_predict_ens1_1km_all_df is not 540261."
[1] "2007:nrow is of 591869"
[1] "2008:258:The number of rows in all_predict_ens1_200m_urban_df is not 230825."
[1] "2008:258:nrow:246332"
[1] "2008:259"
[1] "2008:259:The number of rows in all_predict_ens1_1km_all_df is not 540261."
[1] "2008:nrow is of 591869"
[1] "2007:365:The number of rows in all_predict_ens1_200m_urban_df is not 230825."
[1] "2007:365:nrow:246332"
[1] "2008:259:The number of rows in all_predict_ens1_200m_urban_df is not 230825."
[1] "2008:259:nrow:246332"
[1] "2008:260"
[1] "2008:260:The number of rows in all_predict_ens1_1km_all_df is not 540261."
[1] "2008:nrow is of 591869"
[1] "2008:260:The number of rows in all_predict_ens1_200m_urban_df is not 230825."
[1] "2008:260:nrow:246332"
[1] "2008:261"
[1] "2008:261:The number of rows in all_predict_ens1_1km_all_df is not 540261."
[1] "2008:nrow is of 591869"
[1] "2008:261:The number of rows in all_predict_ens1_200m_urban_df is not 230825."
[1] "2008:261:nrow:246332"
[1] "2008:262"
[1] "2008:262:The number of rows in all_predict_ens1_1km_all_df is not 540261."
[1] "2008:nrow is of 591869"
[1] "2008:262:The number of rows in all_predict_ens1_200m_urban_df is not 230825."
[1] "2008:262:nrow:246332"
[1] "2008:263"
[1] "2008:263:The number of rows in all_predict_ens1_1km_all_df is not 540261."
[1] "2008:nrow is of 591869"
[1] "2008:263:The number of rows in all_predict_ens1_200m_urban_df is not 230825."
[1] "2008:263:nrow:246332"
[1] "2008:264"
[1] "2008:264:The number of rows in all_predict_ens1_1km_all_df is not 540261."
[1] "2008:nrow is of 591869"
[1] "2008:264:The number of rows in all_predict_ens1_200m_urban_df is not 230825."
[1] "2008:264:nrow:246332"
[1] "2008:265"
[1] "2008:265:The number of rows in all_predict_ens1_1km_all_df is not 540261."
[1] "2008:nrow is of 591869"
[1] "2008:265:The number of rows in all_predict_ens1_200m_urban_df is not 230825."
[1] "2008:265:nrow:246332"
[1] "2008:266"
[1] "2008:266:The number of rows in all_predict_ens1_1km_all_df is not 540261."
[1] "2008:nrow is of 591869"
[1] "2008:266:The number of rows in all_predict_ens1_200m_urban_df is not 230825."
[1] "2008:266:nrow:246332"
[1] "2008:267"
[1] "2008:267:The number of rows in all_predict_ens1_1km_all_df is not 540261."
[1] "2008:nrow is of 591869"
[1] "2008:267:The number of rows in all_predict_ens1_200m_urban_df is not 230825."
[1] "2008:267:nrow:246332"
[1] "2008:268"
[1] "2008:268:The number of rows in all_predict_ens1_1km_all_df is not 540261."
[1] "2008:nrow is of 591869"
[1] "2008:268:The number of rows in all_predict_ens1_200m_urban_df is not 230825."
[1] "2008:268:nrow:246332"
[1] "2008:269"
[1] "2008:269:The number of rows in all_predict_ens1_1km_all_df is not 540261."
[1] "2008:nrow is of 591869"
[1] "2008:269:The number of rows in all_predict_ens1_200m_urban_df is not 230825."
[1] "2008:269:nrow:246332"
[1] "2008:270"
[1] "2008:270:The number of rows in all_predict_ens1_1km_all_df is not 540261."
[1] "2008:nrow is of 591869"
[1] "2008:270:The number of rows in all_predict_ens1_200m_urban_df is not 230825."
[1] "2008:270:nrow:246332"
[1] "2008:271"
[1] "2008:271:The number of rows in all_predict_ens1_1km_all_df is not 540261."
[1] "2008:nrow is of 591869"
[1] "2008:271:The number of rows in all_predict_ens1_200m_urban_df is not 230825."
[1] "2008:271:nrow:246332"
[1] "2008:272"
[1] "2008:272:The number of rows in all_predict_ens1_1km_all_df is not 540261."
[1] "2008:nrow is of 591869"
[1] "2008:272:The number of rows in all_predict_ens1_200m_urban_df is not 230825."
[1] "2008:272:nrow:246332"
[1] "2008:273"
[1] "2008:273:The number of rows in all_predict_ens1_1km_all_df is not 540261."
[1] "2008:nrow is of 591869"
[1] "2008:273:The number of rows in all_predict_ens1_200m_urban_df is not 230825."
[1] "2008:273:nrow:246332"
[1] "2008:274"
[1] "2008:274:The number of rows in all_predict_ens1_1km_all_df is not 540261."
[1] "2008:nrow is of 591869"
[1] "2008:274:The number of rows in all_predict_ens1_200m_urban_df is not 230825."
[1] "2008:274:nrow:246332"
[1] "2008:275"
[1] "2008:275:The number of rows in all_predict_ens1_1km_all_df is not 540261."
[1] "2008:nrow is of 591869"
[1] "2008:275:The number of rows in all_predict_ens1_200m_urban_df is not 230825."
[1] "2008:275:nrow:246332"
[1] "2008:276"
[1] "2008:276:The number of rows in all_predict_ens1_1km_all_df is not 540261."
[1] "2008:nrow is of 591869"
[1] "2008:276:The number of rows in all_predict_ens1_200m_urban_df is not 230825."
[1] "2008:276:nrow:246332"
[1] "2008:277"
[1] "2008:277:The number of rows in all_predict_ens1_1km_all_df is not 540261."
[1] "2008:nrow is of 591869"
[1] "2008:277:The number of rows in all_predict_ens1_200m_urban_df is not 230825."
[1] "2008:277:nrow:246332"
[1] "2008:278"
[1] "2008:278:The number of rows in all_predict_ens1_1km_all_df is not 540261."
[1] "2008:nrow is of 591869"
[1] "2008:278:The number of rows in all_predict_ens1_200m_urban_df is not 230825."
[1] "2008:278:nrow:246332"
[1] "2008:279"
[1] "2008:279:The number of rows in all_predict_ens1_1km_all_df is not 540261."
[1] "2008:nrow is of 591869"
[1] "2008:279:The number of rows in all_predict_ens1_200m_urban_df is not 230825."
[1] "2008:279:nrow:246332"
[1] "2008:280"
[1] "2008:280:The number of rows in all_predict_ens1_1km_all_df is not 540261."
[1] "2008:nrow is of 591869"
[1] "2008:280:The number of rows in all_predict_ens1_200m_urban_df is not 230825."
[1] "2008:280:nrow:246332"
[1] "2008:281"
[1] "2008:281:The number of rows in all_predict_ens1_1km_all_df is not 540261."
[1] "2008:nrow is of 591869"
[1] "2008:281:The number of rows in all_predict_ens1_200m_urban_df is not 230825."
[1] "2008:281:nrow:246332"
[1] "2008:282"
[1] "2008:282:The number of rows in all_predict_ens1_1km_all_df is not 540261."
[1] "2008:nrow is of 591869"
[1] "2008:282:The number of rows in all_predict_ens1_200m_urban_df is not 230825."
[1] "2008:282:nrow:246332"
[1] "2008:283"
[1] "2008:283:The number of rows in all_predict_ens1_1km_all_df is not 540261."
[1] "2008:nrow is of 591869"
[1] "2008:283:The number of rows in all_predict_ens1_200m_urban_df is not 230825."
[1] "2008:283:nrow:246332"
[1] "2008:284"
[1] "2008:284:The number of rows in all_predict_ens1_1km_all_df is not 540261."
[1] "2008:nrow is of 591869"
[1] "2008:284:The number of rows in all_predict_ens1_200m_urban_df is not 230825."
[1] "2008:284:nrow:246332"
[1] "2008:285"
[1] "2008:285:The number of rows in all_predict_ens1_1km_all_df is not 540261."
[1] "2008:nrow is of 591869"
[1] "2008:285:The number of rows in all_predict_ens1_200m_urban_df is not 230825."
[1] "2008:285:nrow:246332"
[1] "2008:286"
[1] "2008:286:The number of rows in all_predict_ens1_1km_all_df is not 540261."
[1] "2008:nrow is of 591869"
[1] "2008:286:The number of rows in all_predict_ens1_200m_urban_df is not 230825."
[1] "2008:286:nrow:246332"
[1] "2008:287"
[1] "2008:287:The number of rows in all_predict_ens1_1km_all_df is not 540261."
[1] "2008:nrow is of 591869"
[1] "2008:287:The number of rows in all_predict_ens1_200m_urban_df is not 230825."
[1] "2008:287:nrow:246332"
[1] "2008:288"
[1] "2008:288:The number of rows in all_predict_ens1_1km_all_df is not 540261."
[1] "2008:nrow is of 591869"
[1] "2008:288:The number of rows in all_predict_ens1_200m_urban_df is not 230825."
[1] "2008:288:nrow:246332"
[1] "2008:289"
[1] "2008:289:The number of rows in all_predict_ens1_1km_all_df is not 540261."
[1] "2008:nrow is of 591869"
[1] "2008:289:The number of rows in all_predict_ens1_200m_urban_df is not 230825."
[1] "2008:289:nrow:246332"
[1] "2008:290"
[1] "2008:290:The number of rows in all_predict_ens1_1km_all_df is not 540261."
[1] "2008:nrow is of 591869"
[1] "2008:290:The number of rows in all_predict_ens1_200m_urban_df is not 230825."
[1] "2008:290:nrow:246332"
[1] "2008:291"
[1] "2008:291:The number of rows in all_predict_ens1_1km_all_df is not 540261."
[1] "2008:nrow is of 591869"
[1] "2008:291:The number of rows in all_predict_ens1_200m_urban_df is not 230825."
[1] "2008:291:nrow:246332"
[1] "2008:292"
[1] "2008:292:The number of rows in all_predict_ens1_1km_all_df is not 540261."
[1] "2008:nrow is of 591869"
[1] "2008:292:The number of rows in all_predict_ens1_200m_urban_df is not 230825."
[1] "2008:292:nrow:246332"
[1] "2008:293"
[1] "2008:293:The number of rows in all_predict_ens1_1km_all_df is not 540261."
[1] "2008:nrow is of 591869"
[1] "2008:293:The number of rows in all_predict_ens1_200m_urban_df is not 230825."
[1] "2008:293:nrow:246332"
[1] "2008:294"
[1] "2008:294:The number of rows in all_predict_ens1_1km_all_df is not 540261."
[1] "2008:nrow is of 591869"
[1] "2008:294:The number of rows in all_predict_ens1_200m_urban_df is not 230825."
[1] "2008:294:nrow:246332"
[1] "2008:295"
[1] "2008:295:The number of rows in all_predict_ens1_1km_all_df is not 540261."
[1] "2008:nrow is of 591869"
[1] "2008:295:The number of rows in all_predict_ens1_200m_urban_df is not 230825."
[1] "2008:295:nrow:246332"
[1] "2008:296"
[1] "2008:296:The number of rows in all_predict_ens1_1km_all_df is not 540261."
[1] "2008:nrow is of 591869"
[1] "2008:296:The number of rows in all_predict_ens1_200m_urban_df is not 230825."
[1] "2008:296:nrow:246332"
[1] "2008:297"
[1] "2008:297:The number of rows in all_predict_ens1_1km_all_df is not 540261."
[1] "2008:nrow is of 591869"
[1] "2008:297:The number of rows in all_predict_ens1_200m_urban_df is not 230825."
[1] "2008:297:nrow:246332"
[1] "2008:298"
[1] "2008:298:The number of rows in all_predict_ens1_1km_all_df is not 540261."
[1] "2008:nrow is of 591869"
[1] "2008:298:The number of rows in all_predict_ens1_200m_urban_df is not 230825."
[1] "2008:298:nrow:246332"
[1] "2008:299"
[1] "2008:299:The number of rows in all_predict_ens1_1km_all_df is not 540261."
[1] "2008:nrow is of 591869"
[1] "2008:299:The number of rows in all_predict_ens1_200m_urban_df is not 230825."
[1] "2008:299:nrow:246332"
[1] "2008:300"
[1] "2008:300:The number of rows in all_predict_ens1_1km_all_df is not 540261."
[1] "2008:nrow is of 591869"
[1] "2008:300:The number of rows in all_predict_ens1_200m_urban_df is not 230825."
[1] "2008:300:nrow:246332"
[1] "2008:301"
[1] "2008:301:The number of rows in all_predict_ens1_1km_all_df is not 540261."
[1] "2008:nrow is of 591869"
[1] "2008:301:The number of rows in all_predict_ens1_200m_urban_df is not 230825."
[1] "2008:301:nrow:246332"
[1] "2008:302"
[1] "2008:302:The number of rows in all_predict_ens1_1km_all_df is not 540261."
[1] "2008:nrow is of 591869"
[1] "2008:302:The number of rows in all_predict_ens1_200m_urban_df is not 230825."
[1] "2008:302:nrow:246332"
[1] "2008:303"
[1] "2008:303:The number of rows in all_predict_ens1_1km_all_df is not 540261."
[1] "2008:nrow is of 591869"
[1] "2008:303:The number of rows in all_predict_ens1_200m_urban_df is not 230825."
[1] "2008:303:nrow:246332"
[1] "2008:304"
[1] "2008:304:The number of rows in all_predict_ens1_1km_all_df is not 540261."
[1] "2008:nrow is of 591869"
[1] "2008:304:The number of rows in all_predict_ens1_200m_urban_df is not 230825."
[1] "2008:304:nrow:246332"
[1] "2008:305"
[1] "2008:305:The number of rows in all_predict_ens1_1km_all_df is not 540261."
[1] "2008:nrow is of 591869"
[1] "2008:305:The number of rows in all_predict_ens1_200m_urban_df is not 230825."
[1] "2008:305:nrow:246332"
[1] "2008:306"
[1] "2008:306:The number of rows in all_predict_ens1_1km_all_df is not 540261."
[1] "2008:nrow is of 591869"
[1] "2008:306:The number of rows in all_predict_ens1_200m_urban_df is not 230825."
[1] "2008:306:nrow:246332"
[1] "2008:307"
[1] "2008:307:The number of rows in all_predict_ens1_1km_all_df is not 540261."
[1] "2008:nrow is of 591869"
[1] "2008:307:The number of rows in all_predict_ens1_200m_urban_df is not 230825."
[1] "2008:307:nrow:246332"
[1] "2008:308"
[1] "2008:308:The number of rows in all_predict_ens1_1km_all_df is not 540261."
[1] "2008:nrow is of 591869"
[1] "2008:308:The number of rows in all_predict_ens1_200m_urban_df is not 230825."
[1] "2008:308:nrow:246332"
[1] "2008:309"
[1] "2008:309:The number of rows in all_predict_ens1_1km_all_df is not 540261."
[1] "2008:nrow is of 591869"
[1] "2008:309:The number of rows in all_predict_ens1_200m_urban_df is not 230825."
[1] "2008:309:nrow:246332"
[1] "2008:310"
[1] "2008:310:The number of rows in all_predict_ens1_1km_all_df is not 540261."
[1] "2008:nrow is of 591869"
[1] "2008:310:The number of rows in all_predict_ens1_200m_urban_df is not 230825."
[1] "2008:310:nrow:246332"
[1] "2008:311"
[1] "2008:311:The number of rows in all_predict_ens1_1km_all_df is not 540261."
[1] "2008:nrow is of 591869"
[1] "2008:311:The number of rows in all_predict_ens1_200m_urban_df is not 230825."
[1] "2008:311:nrow:246332"
[1] "2008:312"
[1] "2008:312:The number of rows in all_predict_ens1_1km_all_df is not 540261."
[1] "2008:nrow is of 591869"
[1] "2008:312:The number of rows in all_predict_ens1_200m_urban_df is not 230825."
[1] "2008:312:nrow:246332"
[1] "2008:313"
[1] "2008:313:The number of rows in all_predict_ens1_1km_all_df is not 540261."
[1] "2008:nrow is of 591869"
[1] "2008:313:The number of rows in all_predict_ens1_200m_urban_df is not 230825."
[1] "2008:313:nrow:246332"
[1] "2008:314"
[1] "2008:314:The number of rows in all_predict_ens1_1km_all_df is not 540261."
[1] "2008:nrow is of 591869"
[1] "2008:314:The number of rows in all_predict_ens1_200m_urban_df is not 230825."
[1] "2008:314:nrow:246332"
[1] "2008:315"
[1] "2008:315:The number of rows in all_predict_ens1_1km_all_df is not 540261."
[1] "2008:nrow is of 591869"
[1] "2008:315:The number of rows in all_predict_ens1_200m_urban_df is not 230825."
[1] "2008:315:nrow:246332"
[1] "2008:316"
[1] "2008:316:The number of rows in all_predict_ens1_1km_all_df is not 540261."
[1] "2008:nrow is of 591869"
[1] "2008:316:The number of rows in all_predict_ens1_200m_urban_df is not 230825."
[1] "2008:316:nrow:246332"
[1] "2008:317"
[1] "2008:317:The number of rows in all_predict_ens1_1km_all_df is not 540261."
[1] "2008:nrow is of 591869"
[1] "2008:317:The number of rows in all_predict_ens1_200m_urban_df is not 230825."
[1] "2008:317:nrow:246332"
[1] "2008:318"
[1] "2008:318:The number of rows in all_predict_ens1_1km_all_df is not 540261."
[1] "2008:nrow is of 591869"
[1] "2008:318:The number of rows in all_predict_ens1_200m_urban_df is not 230825."
[1] "2008:318:nrow:246332"
[1] "2008:319"
[1] "2008:319:The number of rows in all_predict_ens1_1km_all_df is not 540261."
[1] "2008:nrow is of 591869"
[1] "2008:319:The number of rows in all_predict_ens1_200m_urban_df is not 230825."
[1] "2008:319:nrow:246332"
[1] "2008:320"
[1] "2008:320:The number of rows in all_predict_ens1_1km_all_df is not 540261."
[1] "2008:nrow is of 591869"
[1] "2008:320:The number of rows in all_predict_ens1_200m_urban_df is not 230825."
[1] "2008:320:nrow:246332"
[1] "2008:321"
[1] "2008:321:The number of rows in all_predict_ens1_1km_all_df is not 540261."
[1] "2008:nrow is of 591869"
[1] "2008:321:The number of rows in all_predict_ens1_200m_urban_df is not 230825."
[1] "2008:321:nrow:246332"
[1] "2008:322"
[1] "2008:322:The number of rows in all_predict_ens1_1km_all_df is not 540261."
[1] "2008:nrow is of 591869"
[1] "2008:322:The number of rows in all_predict_ens1_200m_urban_df is not 230825."
[1] "2008:322:nrow:246332"
[1] "2008:323"
[1] "2008:323:The number of rows in all_predict_ens1_1km_all_df is not 540261."
[1] "2008:nrow is of 591869"
[1] "2008:323:The number of rows in all_predict_ens1_200m_urban_df is not 230825."
[1] "2008:323:nrow:246332"
[1] "2008:324"
[1] "2008:324:The number of rows in all_predict_ens1_1km_all_df is not 540261."
[1] "2008:nrow is of 591869"
[1] "2008:324:The number of rows in all_predict_ens1_200m_urban_df is not 230825."
[1] "2008:324:nrow:246332"
[1] "2008:325"
[1] "2008:325:The number of rows in all_predict_ens1_1km_all_df is not 540261."
[1] "2008:nrow is of 591869"
[1] "2008:325:The number of rows in all_predict_ens1_200m_urban_df is not 230825."
[1] "2008:325:nrow:246332"
[1] "2008:326"
[1] "2008:326:The number of rows in all_predict_ens1_1km_all_df is not 540261."
[1] "2008:nrow is of 591869"
[1] "2008:326:The number of rows in all_predict_ens1_200m_urban_df is not 230825."
[1] "2008:326:nrow:246332"
[1] "2008:327"
[1] "2008:327:The number of rows in all_predict_ens1_1km_all_df is not 540261."
[1] "2008:nrow is of 591869"
[1] "2008:327:The number of rows in all_predict_ens1_200m_urban_df is not 230825."
[1] "2008:327:nrow:246332"
[1] "2008:328"
[1] "2008:328:The number of rows in all_predict_ens1_1km_all_df is not 540261."
[1] "2008:nrow is of 591869"
[1] "2008:328:The number of rows in all_predict_ens1_200m_urban_df is not 230825."
[1] "2008:328:nrow:246332"
[1] "2008:329"
[1] "2008:329:The number of rows in all_predict_ens1_1km_all_df is not 540261."
[1] "2008:nrow is of 591869"
[1] "2008:329:The number of rows in all_predict_ens1_200m_urban_df is not 230825."
[1] "2008:329:nrow:246332"
[1] "2008:330"
[1] "2008:330:The number of rows in all_predict_ens1_1km_all_df is not 540261."
[1] "2008:nrow is of 591869"
[1] "2008:330:The number of rows in all_predict_ens1_200m_urban_df is not 230825."
[1] "2008:330:nrow:246332"
[1] "2008:331"
[1] "2008:331:The number of rows in all_predict_ens1_1km_all_df is not 540261."
[1] "2008:nrow is of 591869"
[1] "2008:331:The number of rows in all_predict_ens1_200m_urban_df is not 230825."
[1] "2008:331:nrow:246332"
[1] "2008:332"
[1] "2008:332:The number of rows in all_predict_ens1_1km_all_df is not 540261."
[1] "2008:nrow is of 591869"
[1] "2008:332:The number of rows in all_predict_ens1_200m_urban_df is not 230825."
[1] "2008:332:nrow:246332"
[1] "2008:333"
[1] "2008:333:The number of rows in all_predict_ens1_1km_all_df is not 540261."
[1] "2008:nrow is of 591869"
[1] "2008:333:The number of rows in all_predict_ens1_200m_urban_df is not 230825."
[1] "2008:333:nrow:246332"
[1] "2008:334"
[1] "2008:334:The number of rows in all_predict_ens1_1km_all_df is not 540261."
[1] "2008:nrow is of 591869"
[1] "2008:334:The number of rows in all_predict_ens1_200m_urban_df is not 230825."
[1] "2008:334:nrow:246332"
[1] "2008:335"
[1] "2008:335:The number of rows in all_predict_ens1_1km_all_df is not 540261."
[1] "2008:nrow is of 591869"
[1] "2008:335:The number of rows in all_predict_ens1_200m_urban_df is not 230825."
[1] "2008:335:nrow:246332"
[1] "2008:336"
[1] "2008:336:The number of rows in all_predict_ens1_1km_all_df is not 540261."
[1] "2008:nrow is of 591869"
[1] "2008:336:The number of rows in all_predict_ens1_200m_urban_df is not 230825."
[1] "2008:336:nrow:246332"
[1] "2008:337"
[1] "2008:337:The number of rows in all_predict_ens1_1km_all_df is not 540261."
[1] "2008:nrow is of 591869"
[1] "2008:337:The number of rows in all_predict_ens1_200m_urban_df is not 230825."
[1] "2008:337:nrow:246332"
[1] "2008:338"
[1] "2008:338:The number of rows in all_predict_ens1_1km_all_df is not 540261."
[1] "2008:nrow is of 591869"
[1] "2008:338:The number of rows in all_predict_ens1_200m_urban_df is not 230825."
[1] "2008:338:nrow:246332"
[1] "2008:339"
[1] "2008:339:The number of rows in all_predict_ens1_1km_all_df is not 540261."
[1] "2008:nrow is of 591869"
[1] "2008:339:The number of rows in all_predict_ens1_200m_urban_df is not 230825."
[1] "2008:339:nrow:246332"
[1] "2008:340"
[1] "2008:340:The number of rows in all_predict_ens1_1km_all_df is not 540261."
[1] "2008:nrow is of 591869"
[1] "2008:340:The number of rows in all_predict_ens1_200m_urban_df is not 230825."
[1] "2008:340:nrow:246332"
[1] "2008:341"
[1] "2008:341:The number of rows in all_predict_ens1_1km_all_df is not 540261."
[1] "2008:nrow is of 591869"
[1] "2008:341:The number of rows in all_predict_ens1_200m_urban_df is not 230825."
[1] "2008:341:nrow:246332"
[1] "2008:342"
[1] "2008:342:The number of rows in all_predict_ens1_1km_all_df is not 540261."
[1] "2008:nrow is of 591869"
[1] "2008:342:The number of rows in all_predict_ens1_200m_urban_df is not 230825."
[1] "2008:342:nrow:246332"
[1] "2008:343"
[1] "2008:343:The number of rows in all_predict_ens1_1km_all_df is not 540261."
[1] "2008:nrow is of 591869"
[1] "2008:343:The number of rows in all_predict_ens1_200m_urban_df is not 230825."
[1] "2008:343:nrow:246332"
[1] "2008:344"
[1] "2008:344:The number of rows in all_predict_ens1_1km_all_df is not 540261."
[1] "2008:nrow is of 591869"
[1] "2008:344:The number of rows in all_predict_ens1_200m_urban_df is not 230825."
[1] "2008:344:nrow:246332"
[1] "2008:345"
[1] "2008:345:The number of rows in all_predict_ens1_1km_all_df is not 540261."
[1] "2008:nrow is of 591869"
[1] "2008:345:The number of rows in all_predict_ens1_200m_urban_df is not 230825."
[1] "2008:345:nrow:246332"
[1] "2008:346"
[1] "2008:346:The number of rows in all_predict_ens1_1km_all_df is not 540261."
[1] "2008:nrow is of 591869"
[1] "2008:346:The number of rows in all_predict_ens1_200m_urban_df is not 230825."
[1] "2008:346:nrow:246332"
[1] "2008:347"
[1] "2008:347:The number of rows in all_predict_ens1_1km_all_df is not 540261."
[1] "2008:nrow is of 591869"
[1] "2008:347:The number of rows in all_predict_ens1_200m_urban_df is not 230825."
[1] "2008:347:nrow:246332"
[1] "2008:348"
[1] "2008:348:The number of rows in all_predict_ens1_1km_all_df is not 540261."
[1] "2008:nrow is of 591869"
[1] "2008:348:The number of rows in all_predict_ens1_200m_urban_df is not 230825."
[1] "2008:348:nrow:246332"
[1] "2008:349"
[1] "2008:349:The number of rows in all_predict_ens1_1km_all_df is not 540261."
[1] "2008:nrow is of 591869"
[1] "2008:349:The number of rows in all_predict_ens1_200m_urban_df is not 230825."
[1] "2008:349:nrow:246332"
[1] "2008:350"
[1] "2008:350:The number of rows in all_predict_ens1_1km_all_df is not 540261."
[1] "2008:nrow is of 591869"
[1] "2008:350:The number of rows in all_predict_ens1_200m_urban_df is not 230825."
[1] "2008:350:nrow:246332"
[1] "2008:351"
[1] "2008:351:The number of rows in all_predict_ens1_1km_all_df is not 540261."
[1] "2008:nrow is of 591869"
[1] "2008:351:The number of rows in all_predict_ens1_200m_urban_df is not 230825."
[1] "2008:351:nrow:246332"
[1] "2008:352"
[1] "2008:352:The number of rows in all_predict_ens1_1km_all_df is not 540261."
[1] "2008:nrow is of 591869"
[1] "2008:352:The number of rows in all_predict_ens1_200m_urban_df is not 230825."
[1] "2008:352:nrow:246332"
[1] "2008:353"
[1] "2008:353:The number of rows in all_predict_ens1_1km_all_df is not 540261."
[1] "2008:nrow is of 591869"
[1] "2008:353:The number of rows in all_predict_ens1_200m_urban_df is not 230825."
[1] "2008:353:nrow:246332"
[1] "2008:354"
[1] "2008:354:The number of rows in all_predict_ens1_1km_all_df is not 540261."
[1] "2008:nrow is of 591869"
[1] "2008:354:The number of rows in all_predict_ens1_200m_urban_df is not 230825."
[1] "2008:354:nrow:246332"
[1] "2008:355"
[1] "2008:355:The number of rows in all_predict_ens1_1km_all_df is not 540261."
[1] "2008:nrow is of 591869"
[1] "2008:355:The number of rows in all_predict_ens1_200m_urban_df is not 230825."
[1] "2008:355:nrow:246332"
[1] "2008:356"
[1] "2008:356:The number of rows in all_predict_ens1_1km_all_df is not 540261."
[1] "2008:nrow is of 591869"
[1] "2008:356:The number of rows in all_predict_ens1_200m_urban_df is not 230825."
[1] "2008:356:nrow:246332"
[1] "2008:357"
[1] "2008:357:The number of rows in all_predict_ens1_1km_all_df is not 540261."
[1] "2008:nrow is of 591869"
[1] "2008:357:The number of rows in all_predict_ens1_200m_urban_df is not 230825."
[1] "2008:357:nrow:246332"
[1] "2008:358"
[1] "2008:358:The number of rows in all_predict_ens1_1km_all_df is not 540261."
[1] "2008:nrow is of 591869"
[1] "2008:358:The number of rows in all_predict_ens1_200m_urban_df is not 230825."
[1] "2008:358:nrow:246332"
[1] "2008:359"
[1] "2008:359:The number of rows in all_predict_ens1_1km_all_df is not 540261."
[1] "2008:nrow is of 591869"
[1] "2008:359:The number of rows in all_predict_ens1_200m_urban_df is not 230825."
[1] "2008:359:nrow:246332"
[1] "2008:360"
[1] "2008:360:The number of rows in all_predict_ens1_1km_all_df is not 540261."
[1] "2008:nrow is of 591869"
[1] "2008:360:The number of rows in all_predict_ens1_200m_urban_df is not 230825."
[1] "2008:360:nrow:246332"
[1] "2008:361"
[1] "2008:361:The number of rows in all_predict_ens1_1km_all_df is not 540261."
[1] "2008:nrow is of 591869"
[1] "2008:361:The number of rows in all_predict_ens1_200m_urban_df is not 230825."
[1] "2008:361:nrow:246332"
[1] "2008:362"
[1] "2008:362:The number of rows in all_predict_ens1_1km_all_df is not 540261."
[1] "2008:nrow is of 591869"
[1] "2008:362:The number of rows in all_predict_ens1_200m_urban_df is not 230825."
[1] "2008:362:nrow:246332"
[1] "2008:363"
[1] "2008:363:The number of rows in all_predict_ens1_1km_all_df is not 540261."
[1] "2008:nrow is of 591869"
[1] "2008:363:The number of rows in all_predict_ens1_200m_urban_df is not 230825."
[1] "2008:363:nrow:246332"
[1] "2008:364"
[1] "2008:364:The number of rows in all_predict_ens1_1km_all_df is not 540261."
[1] "2008:nrow is of 591869"
[1] "2008:364:The number of rows in all_predict_ens1_200m_urban_df is not 230825."
[1] "2008:364:nrow:246332"
[1] "2008:365"
[1] "2008:365:The number of rows in all_predict_ens1_1km_all_df is not 540261."
[1] "2008:nrow is of 591869"
[1] "2008:365:The number of rows in all_predict_ens1_200m_urban_df is not 230825."
[1] "2008:365:nrow:246332"
[1] "2008:366"
[1] "2008:366:The number of rows in all_predict_ens1_1km_all_df is not 540261."
[1] "2008:nrow is of 591869"
[1] "2008:366:The number of rows in all_predict_ens1_200m_urban_df is not 230825."
[1] "2008:366:nrow:246332"
